rank,word,doc_freq,term_freq
1,the,31,7072
2,to,31,4938
3,a,31,3538
4,of,31,3434
5,and,31,2933
6,in,31,2594
7,it,31,1894
8,is,31,1866
9,you,31,1619
10,are,31,1606
11,that,31,1597
12,for,31,1415
13,on,31,1383
14,they,31,1335
15,with,31,1052
16,not,31,1024
17,have,31,1005
18,their,31,989
19,be,31,899
20,more,31,832
21,as,31,780
22,from,31,743
23,people,31,708
24,can,31,697
25,by,31,685
26,i,31,681
27,what,31,667
28,this,31,664
29,but,31,613
30,we,31,605
31,at,31,592
32,or,31,567
33,will,31,555
34,questions,31,544
35,about,31,509
36,do,31,494
37,passage,31,482
38,an,31,465
39,than,31,452
40,just,31,447
41,has,31,425
42,your,31,406
43,there,31,397
44,when,31,393
45,based,31,383
46,section,31,376
47,may,31,350
48,each,31,343
49,who,31,339
50,them,31,336
51,some,31,323
52,new,31,320
53,time,31,318
54,how,31,309
55,so,31,304
56,if,31,302
57,all,31,300
58,does,31,275
59,answer,31,273
60,his,31,264
61,should,31,261
62,through,31,258
63,many,31,253
64,also,31,248
65,most,31,241
66,other,31,239
67,up,31,231
68,been,31,225
69,letter,31,222
70,like,31,219
71,no,31,219
72,part,31,218
73,which,31,215
74,would,31,209
75,out,31,208
76,only,31,206
77,these,31,204
78,directions,31,189
79,best,31,180
80,choices,31,180
81,even,31,169
82,once,31,167
83,into,31,165
84,over,31,164
85,sheet,31,161
86,think,31,159
87,use,31,158
88,corresponding,31,154
89,minutes,31,153
90,years,31,146
91,making,31,141
92,single,31,140
93,now,31,137
94,line,31,136
95,words,31,133
96,why,31,132
97,mark,31,127
98,choose,31,126
99,learn,31,125
100,marked,31,124
101,any,31,123
102,centre,31,121
103,following,31,120
104,such,31,117
105,bank,31,115
106,before,31,114
107,read,31,110
108,given,31,106
109,write,31,103
110,comprehension,31,91
111,choice,31,87
112,word,31,76
113,reading,31,75
114,least,31,71
115,listening,31,67
116,statements,31,62
117,writing,31,55
118,please,31,50
119,list,31,45
120,required,31,43
121,decide,31,42
122,carefully,31,39
123,identified,31,39
124,item,31,36
125,statement,31,36
126,select,31,32
127,blank,31,31
128,blanks,31,31
129,unfinished,31,31
130,was,30,510
131,he,30,463
132,were,30,321
133,students,30,298
134,said,30,228
135,make,30,220
136,after,30,209
137,much,30,194
138,could,30,184
139,found,30,183
140,help,30,182
141,its,30,182
142,study,30,182
143,those,30,174
144,get,30,168
145,way,30,165
146,good,30,164
147,because,30,161
148,take,30,158
149,being,30,156
150,less,30,143
151,information,30,137
152,say,30,137
153,going,30,118
154,while,30,118
155,often,30,116
156,paragraph,30,98
157,passages,30,54
158,identify,30,49
159,followed,30,40
160,attached,30,35
161,contains,30,34
162,derived,30,32
163,paragraphs,30,30
164,our,29,300
165,work,29,289
166,then,29,195
167,research,29,186
168,had,29,182
169,year,29,177
170,too,29,162
171,well,29,157
172,different,29,145
173,long,29,139
174,did,29,134
175,first,29,132
176,around,29,131
177,find,29,125
178,author,29,116
179,same,29,112
180,want,29,112
181,better,29,110
182,made,29,107
183,see,29,93
184,become,29,86
185,look,29,63
186,school,28,205
187,report,28,201
188,world,28,136
189,important,28,111
190,something,28,108
191,between,28,102
192,according,28,90
193,university,28,89
194,know,28,88
195,getting,28,76
196,using,28,68
197,recent,28,57
198,us,27,188
199,both,27,143
200,says,27,130
201,need,27,122
202,own,27,109
203,still,27,108
204,very,27,107
205,where,27,101
206,might,27,97
207,last,27,93
208,others,27,92
209,feel,27,89
210,studies,27,87
211,number,27,84
212,however,27,82
213,actually,27,80
214,one,27,79
215,back,27,77
216,another,27,75
217,really,27,74
218,used,27,68
219,themselves,27,67
220,without,27,66
221,give,27,65
222,show,27,65
223,among,27,63
224,far,27,61
225,marking,27,27
226,life,26,161
227,my,26,161
228,health,26,158
229,day,26,133
230,end,26,115
231,researchers,26,115
232,likely,26,114
233,things,26,105
234,change,26,103
235,online,26,99
236,question,26,87
237,public,26,85
238,off,26,83
239,problem,26,81
240,down,26,75
241,means,26,75
242,come,26,72
243,whether,26,72
244,she,25,261
245,food,25,188
246,social,25,163
247,high,25,116
248,must,25,108
249,business,25,100
250,great,25,81
251,go,25,79
252,lot,25,79
253,doing,25,78
254,every,25,72
255,place,25,71
256,little,25,69
257,human,25,67
258,example,25,66
259,benefits,25,64
260,person,25,64
261,since,25,54
262,suppose,25,27
263,news,24,215
264,working,24,98
265,participants,24,78
266,right,24,72
267,keep,24,64
268,young,24,59
269,greater,24,53
270,shows,24,46
271,ago,24,45
272,done,24,45
273,yet,24,38
274,anything,24,36
275,essay,24,35
276,children,23,170
277,skills,23,125
278,job,23,112
279,self,23,81
280,experience,23,75
281,future,23,75
282,taking,23,69
283,local,23,68
284,understand,23,58
285,able,23,56
286,problems,23,56
287,few,23,55
288,possible,23,54
289,under,23,53
290,spend,23,52
291,lead,23,51
292,similar,23,50
293,fact,23,45
294,higher,23,45
295,never,23,44
296,avoid,23,43
297,though,23,41
298,easy,23,35
299,conversation,22,146
300,learning,22,96
301,home,22,94
302,healthy,22,82
303,family,22,79
304,success,22,75
305,today,22,67
306,during,22,64
307,away,22,58
308,thinking,22,57
309,times,22,55
310,simply,22,53
311,increase,22,49
312,ways,22,49
313,sure,22,48
314,always,22,47
315,enough,22,47
316,attention,22,45
317,comes,22,45
318,certain,22,41
319,here,22,38
320,several,22,37
321,reports,22,34
322,consider,22,33
323,conversations,22,28
324,heard,21,270
325,hear,21,204
326,her,21,203
327,company,21,85
328,spoken,21,77
329,old,21,67
330,ability,21,61
331,age,21,57
332,pay,21,54
333,lives,21,51
334,care,21,50
335,process,21,49
336,big,21,48
337,popular,21,47
338,someone,21,47
339,reduce,21,46
340,try,21,46
341,believe,21,45
342,asked,21,44
343,current,21,44
344,difficult,21,44
345,improve,21,44
346,already,21,41
347,taken,21,39
348,trying,21,39
349,past,21,38
350,almost,21,37
351,create,21,37
352,thing,21,37
353,especially,21,36
354,simple,21,36
355,together,21,35
356,coming,21,33
357,result,21,31
358,ever,21,30
359,level,21,28
360,published,21,28
361,money,20,87
362,kids,20,85
363,me,20,76
364,city,20,72
365,course,20,58
366,tend,20,56
367,eating,20,55
368,early,20,54
369,longer,20,47
370,large,20,44
371,across,20,43
372,next,20,43
373,small,20,43
374,support,20,42
375,thought,20,41
376,makes,20,40
377,put,20,40
378,cause,20,39
379,got,20,39
380,impact,20,39
381,mean,20,39
382,decades,20,38
383,enjoy,20,37
384,ask,20,35
385,suggests,20,31
386,focus,20,29
387,quite,20,28
388,education,19,79
389,companies,19,76
390,parents,19,71
391,him,19,70
392,physical,19,61
393,yes,19,57
394,book,19,52
395,average,19,51
396,having,19,50
397,living,19,50
398,personal,19,50
399,hard,19,48
400,provide,19,48
401,rather,19,48
402,instead,19,46
403,performance,19,45
404,play,19,45
405,eat,19,44
406,percent,19,44
407,science,19,44
408,lack,19,41
409,lower,19,39
410,increasing,19,38
411,key,19,38
412,against,19,37
413,needs,19,37
414,task,19,37
415,including,19,36
416,love,19,35
417,whole,19,35
418,nearly,19,34
419,took,19,33
420,came,19,32
421,findings,19,32
422,live,19,32
423,wrong,19,31
424,finding,19,29
425,benefit,19,28
426,maybe,19,27
427,huge,19,25
428,role,19,25
429,friends,18,59
430,scientists,18,56
431,data,18,52
432,risk,18,50
433,american,18,49
434,poor,18,49
435,cost,18,48
436,schools,18,48
437,ideas,18,47
438,quality,18,47
439,results,18,46
440,student,18,46
441,costs,18,45
442,open,18,44
443,low,18,40
444,power,18,40
445,bring,18,39
446,start,18,39
447,set,18,37
448,tell,18,37
449,america,18,36
450,form,18,36
451,month,18,36
452,bad,18,34
453,helps,18,34
454,second,18,33
455,order,18,32
456,point,18,32
457,let,18,31
458,society,18,31
459,told,18,31
460,later,18,30
461,view,18,30
462,offer,18,28
463,within,18,27
464,either,18,26
465,turn,18,26
466,seem,18,25
467,various,18,24
468,main,18,22
469,men,17,75
470,countries,17,69
471,technology,17,69
472,team,17,58
473,diet,17,56
474,adults,17,53
475,man,17,52
476,natural,17,48
477,building,17,47
478,environment,17,47
479,free,17,46
480,idea,17,46
481,sense,17,45
482,traditional,17,45
483,week,17,44
484,body,17,42
485,class,17,41
486,interest,17,39
487,started,17,36
488,stay,17,36
489,half,17,35
490,months,17,35
491,successful,17,35
492,suggest,17,35
493,effect,17,34
494,looking,17,34
495,child,17,33
496,showed,17,33
497,stop,17,33
498,growing,17,32
499,states,17,32
500,worth,17,32
501,amount,17,31
502,common,17,31
503,daily,17,31
504,reported,17,31
505,survey,17,31
506,bit,17,30
507,compared,17,30
508,development,17,30
509,due,17,30
510,true,17,30
511,considered,17,29
512,expensive,17,29
513,hand,17,28
514,include,17,28
515,serious,17,26
516,variety,17,26
517,case,17,25
518,despite,17,25
519,although,17,24
520,changing,17,24
521,involved,17,24
522,starting,17,24
523,cases,17,23
524,powerful,17,21
525,employees,16,129
526,women,16,126
527,media,16,70
528,days,16,57
529,control,16,52
530,americans,16,51
531,office,16,47
532,real,16,43
533,energy,16,42
534,group,16,42
535,state,16,39
536,college,16,38
537,practice,16,36
538,industry,16,34
539,access,16,33
540,close,16,33
541,groups,16,33
542,levels,16,33
543,positive,16,33
544,achieve,16,32
545,behind,16,32
546,growth,16,32
547,negative,16,32
548,potential,16,32
549,encourage,16,31
550,government,16,31
551,action,16,30
552,areas,16,30
553,causes,16,30
554,affect,16,29
555,importance,16,29
556,relationship,16,29
557,terms,16,29
558,called,16,28
559,everyone,16,28
560,move,16,28
561,reason,16,27
562,spent,16,27
563,perhaps,16,26
564,begin,16,23
565,clear,16,23
566,allow,16,22
567,contribute,16,21
568,creating,16,21
569,meet,16,21
570,available,16,20
571,happen,16,20
572,short,16,20
573,takes,16,20
574,led,16,19
575,shown,16,16
576,car,15,67
577,workers,15,59
578,teachers,15,52
579,games,15,50
580,language,15,46
581,disease,15,45
582,buy,15,39
583,goals,15,39
584,playing,15,38
585,heart,15,37
586,system,15,36
587,probably,15,35
588,sounds,15,35
589,develop,15,34
590,professor,15,34
591,activities,15,33
592,animal,15,33
593,born,15,32
594,internet,15,32
595,seen,15,32
596,jobs,15,30
597,effort,15,29
598,factors,15,29
599,oh,15,29
600,sometimes,15,29
601,changed,15,28
602,known,15,28
603,members,15,28
604,price,15,28
605,usually,15,28
606,effective,15,27
607,grow,15,27
608,share,15,27
609,changes,15,26
610,increased,15,26
611,professional,15,26
612,rate,15,26
613,deal,15,25
614,generally,15,25
615,matter,15,25
616,remember,15,25
617,seems,15,25
618,strong,15,25
619,top,15,25
620,easily,15,24
621,build,15,23
622,call,15,23
623,conditions,15,23
624,particular,15,23
625,helped,15,22
626,individual,15,22
627,account,15,21
628,becoming,15,21
629,caused,15,21
630,continue,15,21
631,easier,15,21
632,enable,15,21
633,maintain,15,21
634,mostly,15,21
635,solve,15,21
636,chance,15,20
637,everything,15,20
638,exactly,15,20
639,interact,15,19
640,financial,14,70
641,stress,14,69
642,career,14,49
643,exercise,14,49
644,decision,14,48
645,left,14,44
646,training,14,42
647,term,14,41
648,knowledge,14,40
649,products,14,40
650,mental,14,39
651,culture,14,38
652,effects,14,38
653,goal,14,37
654,hours,14,34
655,experts,14,33
656,per,14,31
657,creative,14,29
658,driving,14,29
659,economic,14,28
660,kind,14,28
661,room,14,28
662,difference,14,27
663,individuals,14,27
664,major,14,27
665,community,14,26
666,expected,14,26
667,specific,14,26
668,united,14,26
669,humans,14,25
670,mind,14,25
671,program,14,25
672,differences,14,24
673,helping,14,24
674,reach,14,24
675,else,14,23
676,degree,14,22
677,message,14,22
678,morning,14,22
679,associated,14,21
680,determine,14,21
681,felt,14,21
682,full,14,21
683,further,14,21
684,nothing,14,21
685,requires,14,21
686,thus,14,21
687,international,14,20
688,lost,14,20
689,outside,14,20
690,struggling,14,20
691,fun,14,19
692,ones,14,19
693,reality,14,19
694,beyond,14,18
695,completely,14,18
696,express,14,18
697,area,14,17
698,issue,14,17
699,brain,13,62
700,animals,13,54
701,space,13,53
702,customers,13,49
703,foods,13,46
704,relationships,13,42
705,emotional,13,39
706,phone,13,36
707,weight,13,35
708,activity,13,32
709,face,13,32
710,risks,13,32
711,communication,13,31
712,present,13,31
713,york,13,31
714,paid,13,29
715,value,13,29
716,follow,13,28
717,service,13,28
718,yourself,13,28
719,challenges,13,26
720,workplace,13,26
721,built,13,25
722,soon,13,25
723,travel,13,25
724,management,13,24
725,policy,13,24
726,reasons,13,24
727,along,13,23
728,experiences,13,23
729,harm,13,23
730,increasingly,13,23
731,perfect,13,23
732,previous,13,23
733,trouble,13,23
734,until,13,23
735,began,13,22
736,developing,13,22
737,fewer,13,22
738,habit,13,22
739,near,13,22
740,opportunities,13,22
741,organization,13,22
742,resources,13,22
743,situations,13,22
744,talk,13,22
745,anyone,13,21
746,asking,13,21
747,event,13,21
748,parts,13,21
749,types,13,21
750,aware,13,20
751,expect,13,20
752,happy,13,20
753,require,13,20
754,story,13,20
755,healthier,13,19
756,non,13,19
757,understanding,13,19
758,situation,13,18
759,learned,13,17
760,prevent,13,17
761,related,13,17
762,remain,13,17
763,rise,13,17
764,third,13,17
765,necessary,13,16
766,studied,13,16
767,definitely,13,15
768,biggest,13,14
769,influence,13,14
770,leading,13,14
771,particularly,13,14
772,rest,13,14
773,meanwhile,13,13
774,leave,12,46
775,decisions,12,45
776,behavior,12,41
777,red,12,41
778,saying,12,38
779,police,12,36
780,habits,12,34
781,waste,12,32
782,medical,12,31
783,academic,12,30
784,climate,12,28
785,connections,12,27
786,sign,12,27
787,tasks,12,27
788,market,12,25
789,needed,12,25
790,normal,12,25
791,feelings,12,24
792,ourselves,12,24
793,save,12,24
794,staff,12,23
795,emotions,12,22
796,famous,12,22
797,regular,12,22
798,security,12,22
799,whatever,12,22
800,added,12,21
801,center,12,21
802,earlier,12,21
803,run,12,21
804,approach,12,20
805,giving,12,20
806,adapt,12,19
807,ahead,12,19
808,consequences,12,19
809,critical,12,19
810,offers,12,19
811,stick,12,19
812,video,12,19
813,add,12,18
814,assume,12,18
815,boost,12,18
816,complex,12,18
817,interested,12,18
818,itself,12,18
819,keeping,12,18
820,okay,12,18
821,options,12,18
822,search,12,18
823,significant,12,18
824,unique,12,18
825,worked,12,18
826,allowed,12,17
827,believes,12,17
828,difficulty,12,17
829,ensure,12,17
830,hit,12,17
831,limited,12,17
832,looked,12,17
833,lose,12,17
834,majority,12,17
835,option,12,17
836,remains,12,17
837,went,12,17
838,examined,12,16
839,fully,12,16
840,harder,12,16
841,realize,12,16
842,achievements,12,15
843,twice,12,15
844,agree,12,14
845,currently,12,14
846,larger,12,14
847,reveal,12,14
848,showing,12,14
849,crucial,12,13
850,enormous,12,13
851,name,11,70
852,water,11,70
853,fruit,11,57
854,sports,11,43
855,interesting,11,39
856,gender,11,36
857,consumers,11,34
858,wanted,11,30
859,hour,11,29
860,national,11,29
861,behaviors,11,28
862,economy,11,27
863,global,11,27
864,scientific,11,27
865,written,11,27
866,summer,11,26
867,desire,11,25
868,extra,11,25
869,damage,11,24
870,mother,11,24
871,older,11,24
872,private,11,24
873,running,11,24
874,strategies,11,24
875,air,11,23
876,consumption,11,23
877,paying,11,23
878,type,11,23
879,affected,11,22
880,evidence,11,22
881,meals,11,22
882,middle,11,22
883,owner,11,22
884,succeed,11,22
885,included,11,21
886,teacher,11,21
887,claim,11,20
888,medicine,11,20
889,send,11,20
890,supply,11,20
891,total,11,20
892,towards,11,20
893,became,11,19
894,designed,11,19
895,general,11,19
896,late,11,19
897,mistakes,11,19
898,prices,11,19
899,wants,11,19
900,department,11,18
901,fit,11,18
902,history,11,18
903,product,11,18
904,response,11,18
905,size,11,18
906,vegetables,11,18
907,walking,11,18
908,allows,11,17
909,kinds,11,17
910,pressure,11,17
911,raise,11,17
912,replace,11,17
913,friendly,11,16
914,heavy,11,16
915,indeed,11,16
916,inside,11,16
917,moving,11,16
918,opinions,11,16
919,post,11,16
920,range,11,16
921,receive,11,16
922,sharing,11,16
923,visit,11,16
924,advantage,11,15
925,check,11,15
926,engage,11,15
927,extremely,11,15
928,improving,11,15
929,loss,11,15
930,period,11,15
931,turned,11,15
932,additional,11,14
933,brought,11,14
934,decided,11,14
935,enter,11,14
936,journal,11,14
937,turns,11,14
938,works,11,14
939,figure,11,13
940,hold,11,13
941,losing,11,13
942,millions,11,13
943,prove,11,13
944,shape,11,13
945,contrast,11,12
946,driven,11,12
947,gets,11,12
948,proves,11,12
949,vary,11,12
950,books,10,46
951,classes,10,35
952,wild,10,28
953,businesses,10,26
954,game,10,26
955,driver,10,25
956,special,10,25
957,woman,10,25
958,species,10,24
959,earth,10,23
960,front,10,23
961,night,10,23
962,century,10,22
963,leaders,10,22
964,pet,10,22
965,colleagues,10,21
966,income,10,21
967,issues,10,21
968,british,10,20
969,diseases,10,20
970,english,10,20
971,overall,10,20
972,satisfaction,10,20
973,focused,10,19
974,productive,10,19
975,subject,10,19
976,employee,10,18
977,forward,10,18
978,harmful,10,18
979,impossible,10,18
980,teaching,10,18
981,competitive,10,17
982,educational,10,17
983,happened,10,17
984,organizations,10,17
985,prepare,10,17
986,produce,10,17
987,programs,10,17
988,recently,10,17
989,worry,10,17
990,distance,10,16
991,drive,10,16
992,exist,10,16
993,feeling,10,16
994,improved,10,16
995,land,10,16
996,places,10,16
997,prefer,10,16
998,skill,10,16
999,sound,10,16
1000,spending,10,16
1001,technologies,10,16
1002,act,10,15
1003,aim,10,15
1004,cheaper,10,15
1005,concept,10,15
1006,finally,10,15
1007,forms,10,15
1008,friend,10,15
1009,goes,10,15
1010,linked,10,15
1011,protection,10,15
1012,residents,10,15
1013,setting,10,15
1014,treat,10,15
1015,walk,10,15
1016,willing,10,15
1017,again,10,14
1018,am,10,14
1019,chances,10,14
1020,essential,10,14
1021,fall,10,14
1022,largely,10,14
1023,law,10,14
1024,manage,10,14
1025,plans,10,14
1026,received,10,14
1027,region,10,14
1028,struggle,10,14
1029,suffer,10,14
1030,ages,10,13
1031,allowing,10,13
1032,buying,10,13
1033,enhance,10,13
1034,expectations,10,13
1035,happens,10,13
1036,helpful,10,13
1037,hi,10,13
1038,kept,10,13
1039,suggested,10,13
1040,tried,10,13
1041,ultimately,10,13
1042,australia,10,12
1043,confident,10,12
1044,developed,10,12
1045,facing,10,12
1046,feels,10,12
1047,held,10,12
1048,highly,10,12
1049,negatively,10,12
1050,promote,10,12
1051,regularly,10,12
1052,rely,10,12
1053,responsible,10,12
1054,searching,10,12
1055,shift,10,12
1056,slightly,10,12
1057,teach,10,12
1058,vital,10,12
1059,aspects,10,11
1060,carry,10,11
1061,demand,10,11
1062,enables,10,11
1063,favorite,10,11
1064,guess,10,11
1065,provides,10,11
1066,providing,10,11
1067,useful,10,11
1068,impacts,10,10
1069,rare,10,10
1070,wonder,10,10
1071,design,9,57
1072,meat,9,50
1073,employers,9,31
1074,house,9,30
1075,managers,9,30
1076,race,9,29
1077,blood,9,28
1078,digital,9,26
1079,electronic,9,26
1080,computer,9,25
1081,brains,9,24
1082,website,9,24
1083,labor,9,23
1084,movie,9,22
1085,confidence,9,21
1086,country,9,21
1087,head,9,21
1088,homes,9,21
1089,chinese,9,20
1090,environmental,9,20
1091,nature,9,20
1092,status,9,20
1093,text,9,20
1094,active,9,19
1095,appear,9,19
1096,rates,9,19
1097,rules,9,19
1098,shop,9,19
1099,side,9,19
1100,awareness,9,18
1101,condition,9,18
1102,connection,9,18
1103,plant,9,18
1104,quickly,9,18
1105,rich,9,18
1106,vision,9,18
1107,weeks,9,18
1108,decline,9,17
1109,events,9,17
1110,failure,9,17
1111,families,9,17
1112,hot,9,17
1113,london,9,17
1114,meaning,9,17
1115,paper,9,17
1116,plan,9,17
1117,toward,9,17
1118,afford,9,16
1119,cities,9,16
1120,concerns,9,16
1121,cover,9,16
1122,innovative,9,16
1123,safety,9,16
1124,talent,9,16
1125,talking,9,16
1126,teams,9,16
1127,background,9,15
1128,eventually,9,15
1129,explore,9,15
1130,missing,9,15
1131,recommended,9,15
1132,reflect,9,15
1133,scale,9,15
1134,surveyed,9,15
1135,universities,9,15
1136,believed,9,14
1137,break,9,14
1138,closed,9,14
1139,constantly,9,14
1140,hands,9,14
1141,latest,9,14
1142,lifestyle,9,14
1143,model,9,14
1144,population,9,14
1145,project,9,14
1146,return,9,14
1147,yeah,9,14
1148,advice,9,13
1149,answers,9,13
1150,attack,9,13
1151,attitudes,9,13
1152,challenge,9,13
1153,cut,9,13
1154,direction,9,13
1155,eye,9,13
1156,faster,9,13
1157,fine,9,13
1158,force,9,13
1159,function,9,13
1160,gain,9,13
1161,hundreds,9,13
1162,leads,9,13
1163,methods,9,13
1164,multiple,9,13
1165,protect,9,13
1166,authors,9,12
1167,becomes,9,12
1168,belief,9,12
1169,created,9,12
1170,efforts,9,12
1171,facilities,9,12
1172,fail,9,12
1173,finds,9,12
1174,former,9,12
1175,interactions,9,12
1176,involves,9,12
1177,john,9,12
1178,link,9,12
1179,matters,9,12
1180,met,9,12
1181,reduced,9,12
1182,responsibility,9,12
1183,road,9,12
1184,safe,9,12
1185,services,9,12
1186,trust,9,12
1187,unable,9,12
1188,unusual,9,12
1189,welcome,9,12
1190,apart,9,11
1191,apply,9,11
1192,boys,9,11
1193,brings,9,11
1194,concluded,9,11
1195,depends,9,11
1196,exercising,9,11
1197,expert,9,11
1198,explained,9,11
1199,frequently,9,11
1200,image,9,11
1201,largest,9,11
1202,measures,9,11
1203,motivate,9,11
1204,named,9,11
1205,peers,9,11
1206,pounds,9,11
1207,pretty,9,11
1208,reducing,9,11
1209,sort,9,11
1210,spot,9,11
1211,strange,9,11
1212,trend,9,11
1213,widespread,9,11
1214,wonderful,9,11
1215,appropriate,9,10
1216,causing,9,10
1217,chief,9,10
1218,clearly,9,10
1219,conducted,9,10
1220,emphasis,9,10
1221,england,9,10
1222,forget,9,10
1223,gone,9,10
1224,immediately,9,10
1225,placed,9,10
1226,associate,9,9
1227,regardless,9,9
1228,researcher,9,9
1229,busy,8,47
1230,restaurant,8,43
1231,numbers,8,38
1232,diets,8,35
1233,fish,8,31
1234,male,8,30
1235,weather,8,30
1236,sleep,8,29
1237,calories,8,27
1238,fashion,8,26
1239,intelligence,8,26
1240,tests,8,26
1241,anxiety,8,25
1242,stories,8,24
1243,uk,8,24
1244,grade,8,22
1245,progress,8,22
1246,extreme,8,21
1247,light,8,21
1248,notes,8,19
1249,consume,8,18
1250,engineering,8,18
1251,policies,8,18
1252,tiny,8,18
1253,gap,8,16
1254,saw,8,16
1255,wear,8,16
1256,win,8,16
1257,art,8,15
1258,concern,8,15
1259,institutions,8,15
1260,member,8,15
1261,relevant,8,15
1262,responsibilities,8,15
1263,returned,8,15
1264,town,8,15
1265,values,8,15
1266,adopt,8,14
1267,campus,8,14
1268,consuming,8,14
1269,details,8,14
1270,entirely,8,14
1271,fear,8,14
1272,psychological,8,14
1273,symptoms,8,14
1274,table,8,14
1275,upon,8,14
1276,britain,8,13
1277,caught,8,13
1278,courses,8,13
1279,executive,8,13
1280,harvard,8,13
1281,italian,8,13
1282,planning,8,13
1283,plants,8,13
1284,quick,8,13
1285,standard,8,13
1286,test,8,13
1287,thousands,8,13
1288,worse,8,13
1289,actual,8,12
1290,careers,8,12
1291,cultural,8,12
1292,enjoying,8,12
1293,lunch,8,12
1294,manager,8,12
1295,match,8,12
1296,necessarily,8,12
1297,purpose,8,12
1298,removed,8,12
1299,source,8,12
1300,speed,8,12
1301,surprised,8,12
1302,tools,8,12
1303,amounts,8,11
1304,attend,8,11
1305,capable,8,11
1306,complete,8,11
1307,contributing,8,11
1308,cultivate,8,11
1309,door,8,11
1310,efficiency,8,11
1311,federal,8,11
1312,forced,8,11
1313,highest,8,11
1314,innovation,8,11
1315,nation,8,11
1316,noticed,8,11
1317,numerous,8,11
1318,outcomes,8,11
1319,solution,8,11
1320,solving,8,11
1321,street,8,11
1322,threat,8,11
1323,transform,8,11
1324,treated,8,11
1325,truly,8,11
1326,valuable,8,11
1327,addition,8,10
1328,amazing,8,10
1329,application,8,10
1330,california,8,10
1331,citizens,8,10
1332,deep,8,10
1333,differently,8,10
1334,fat,8,10
1335,knew,8,10
1336,meant,8,10
1337,newly,8,10
1338,nice,8,10
1339,north,8,10
1340,note,8,10
1341,obviously,8,10
1342,pass,8,10
1343,pictures,8,10
1344,putting,8,10
1345,reasoning,8,10
1346,review,8,10
1347,seriously,8,10
1348,speak,8,10
1349,taste,8,10
1350,union,8,10
1351,advised,8,9
1352,alike,8,9
1353,authorities,8,9
1354,beneficial,8,9
1355,challenging,8,9
1356,charge,8,9
1357,conducting,8,9
1358,considering,8,9
1359,decrease,8,9
1360,director,8,9
1361,exact,8,9
1362,explain,8,9
1363,faces,8,9
1364,ignore,8,9
1365,massive,8,9
1366,materials,8,9
1367,moved,8,9
1368,necessity,8,9
1369,patterns,8,9
1370,possibilities,8,9
1371,prioritize,8,9
1372,push,8,9
1373,receiving,8,9
1374,regard,8,9
1375,sold,8,9
1376,step,8,9
1377,stuff,8,9
1378,traveling,8,9
1379,absence,8,8
1380,afternoon,8,8
1381,appeal,8,8
1382,beginning,8,8
1383,define,8,8
1384,emphasize,8,8
1385,explains,8,8
1386,focusing,8,8
1387,properly,8,8
1388,seemingly,8,8
1389,sources,8,8
1390,speaking,8,8
1391,therefore,8,8
1392,truth,8,8
1393,music,7,53
1394,protein,7,50
1395,traffic,7,47
1396,obesity,7,37
1397,handed,7,33
1398,sugar,7,29
1399,teenagers,7,29
1400,devices,7,25
1401,dog,7,25
1402,remote,7,24
1403,heat,7,22
1404,productivity,7,22
1405,phones,7,21
1406,credit,7,20
1407,dreams,7,19
1408,cooking,7,18
1409,websites,7,18
1410,shopping,7,17
1411,africa,7,16
1412,childhood,7,16
1413,equal,7,16
1414,hospital,7,16
1415,loneliness,7,16
1416,narrow,7,16
1417,opportunity,7,16
1418,sustainable,7,16
1419,luxury,7,15
1420,modern,7,15
1421,sea,7,15
1422,vegetable,7,15
1423,alone,7,14
1424,birds,7,14
1425,containing,7,14
1426,directly,7,14
1427,interests,7,14
1428,saturday,7,14
1429,seeking,7,14
1430,sit,7,14
1431,style,7,14
1432,user,7,14
1433,april,7,13
1434,artificial,7,13
1435,context,7,13
1436,drink,7,13
1437,employer,7,13
1438,expenses,7,13
1439,fast,7,13
1440,field,7,13
1441,flexible,7,13
1442,genes,7,13
1443,images,7,13
1444,interaction,7,13
1445,oil,7,13
1446,passion,7,13
1447,perform,7,13
1448,proposal,7,13
1449,responses,7,13
1450,surveys,7,13
1451,adult,7,12
1452,beliefs,7,12
1453,bought,7,12
1454,color,7,12
1455,factor,7,12
1456,father,7,12
1457,grown,7,12
1458,material,7,12
1459,meal,7,12
1460,regarding,7,12
1461,ride,7,12
1462,accident,7,11
1463,argue,7,11
1464,association,7,11
1465,board,7,11
1466,comfortable,7,11
1467,completed,7,11
1468,crisis,7,11
1469,date,7,11
1470,doctor,7,11
1471,fixed,7,11
1472,formal,7,11
1473,gave,7,11
1474,greatest,7,11
1475,happiness,7,11
1476,intelligent,7,11
1477,novel,7,11
1478,path,7,11
1479,political,7,11
1480,predicted,7,11
1481,qualities,7,11
1482,record,7,11
1483,round,7,11
1484,schooling,7,11
1485,senior,7,11
1486,suffered,7,11
1487,turning,7,11
1488,typical,7,11
1489,typically,7,11
1490,abilities,7,10
1491,adequate,7,10
1492,affects,7,10
1493,badly,7,10
1494,basic,7,10
1495,bridge,7,10
1496,closely,7,10
1497,committed,7,10
1498,conscious,7,10
1499,conventional,7,10
1500,depend,7,10
1501,dollars,7,10
1502,greatly,7,10
1503,messages,7,10
1504,obvious,7,10
1505,offered,7,10
1506,ordinary,7,10
1507,parent,7,10
1508,personality,7,10
1509,primary,7,10
1510,smaller,7,10
1511,strategy,7,10
1512,thoughts,7,10
1513,throughout,7,10
1514,track,7,10
1515,watching,7,10
1516,winning,7,10
1517,worldwide,7,10
1518,above,7,9
1519,asks,7,9
1520,barely,7,9
1521,casual,7,9
1522,complicated,7,9
1523,concentrate,7,9
1524,concerned,7,9
1525,conclude,7,9
1526,contributed,7,9
1527,creates,7,9
1528,engaging,7,9
1529,instance,7,9
1530,investigation,7,9
1531,join,7,9
1532,leadership,7,9
1533,limit,7,9
1534,lots,7,9
1535,machines,7,9
1536,measured,7,9
1537,minute,7,9
1538,moment,7,9
1539,newspaper,7,9
1540,opposed,7,9
1541,partly,7,9
1542,picture,7,9
1543,pilot,7,9
1544,practical,7,9
1545,qualified,7,9
1546,rarely,7,9
1547,recommend,7,9
1548,recommendations,7,9
1549,rising,7,9
1550,severe,7,9
1551,suffering,7,9
1552,thank,7,9
1553,tool,7,9
1554,unlike,7,9
1555,vast,7,9
1556,writer,7,9
1557,absolutely,7,8
1558,adds,7,8
1559,advantages,7,8
1560,appears,7,8
1561,attempt,7,8
1562,below,7,8
1563,buildings,7,8
1564,burden,7,8
1565,choosing,7,8
1566,co,7,8
1567,confused,7,8
1568,convey,7,8
1569,determined,7,8
1570,differ,7,8
1571,ended,7,8
1572,establish,7,8
1573,experiments,7,8
1574,falling,7,8
1575,familiar,7,8
1576,fell,7,8
1577,finish,7,8
1578,frequent,7,8
1579,furthermore,7,8
1580,hardly,7,8
1581,hope,7,8
1582,indicate,7,8
1583,indicates,7,8
1584,influenced,7,8
1585,installed,7,8
1586,intended,7,8
1587,invest,7,8
1588,inviting,7,8
1589,leaving,7,8
1590,mainly,7,8
1591,moral,7,8
1592,nor,7,8
1593,observed,7,8
1594,partners,7,8
1595,pollution,7,8
1596,processes,7,8
1597,produced,7,8
1598,purchase,7,8
1599,relatively,7,8
1600,respond,7,8
1601,spirit,7,8
1602,stronger,7,8
1603,studying,7,8
1604,surprise,7,8
1605,totally,7,8
1606,worried,7,8
1607,wrote,7,8
1608,younger,7,8
1609,alive,7,7
1610,anyway,7,7
1611,besides,7,7
1612,certainly,7,7
1613,circumstances,7,7
1614,clinical,7,7
1615,contributes,7,7
1616,depending,7,7
1617,described,7,7
1618,excited,7,7
1619,happening,7,7
1620,master,7,7
1621,measure,7,7
1622,ongoing,7,7
1623,opinion,7,7
1624,organizing,7,7
1625,raised,7,7
1626,remained,7,7
1627,rid,7,7
1628,significantly,7,7
1629,stayed,7,7
1630,surprisingly,7,7
1631,treatment,7,7
1632,views,7,7
1633,teens,6,39
1634,balance,6,32
1635,genetic,6,29
1636,math,6,29
1637,cars,6,28
1638,pets,6,28
1639,eggs,6,26
1640,classroom,6,22
1641,drivers,6,22
1642,owners,6,22
1643,sales,6,21
1644,cat,6,20
1645,contact,6,20
1646,card,6,19
1647,entrepreneurs,6,19
1648,housing,6,19
1649,supermarket,6,19
1650,husband,6,18
1651,cash,6,17
1652,doctors,6,17
1653,drinks,6,17
1654,tourists,6,17
1655,zoo,6,17
1656,display,6,16
1657,cold,6,15
1658,drug,6,15
1659,competition,6,14
1660,conflict,6,14
1661,depression,6,14
1662,farm,6,14
1663,intake,6,14
1664,languages,6,14
1665,native,6,14
1666,roles,6,14
1667,store,6,14
1668,systems,6,14
1669,tradition,6,14
1670,won,6,14
1671,analysis,6,13
1672,budget,6,13
1673,email,6,13
1674,female,6,13
1675,island,6,13
1676,officials,6,13
1677,production,6,13
1678,saving,6,13
1679,secure,6,13
1680,seek,6,13
1681,actions,6,12
1682,corporate,6,12
1683,dangerous,6,12
1684,debt,6,12
1685,degrees,6,12
1686,dream,6,12
1687,experiment,6,12
1688,gym,6,12
1689,interview,6,12
1690,star,6,12
1691,accounts,6,11
1692,cope,6,11
1693,graduate,6,11
1694,ideal,6,11
1695,stars,6,11
1696,wearing,6,11
1697,accepted,6,10
1698,affordable,6,10
1699,annual,6,10
1700,article,6,10
1701,bigger,6,10
1702,boy,6,10
1703,bringing,6,10
1704,charity,6,10
1705,convinced,6,10
1706,daughter,6,10
1707,definition,6,10
1708,flights,6,10
1709,journey,6,10
1710,nearby,6,10
1711,perceived,6,10
1712,remove,6,10
1713,snacks,6,10
1714,train,6,10
1715,tv,6,10
1716,vulnerable,6,10
1717,afraid,6,9
1718,attending,6,9
1719,basis,6,9
1720,breathing,6,9
1721,china,6,9
1722,commercial,6,9
1723,connect,6,9
1724,death,6,9
1725,discussion,6,9
1726,district,6,9
1727,effectively,6,9
1728,environmentally,6,9
1729,fields,6,9
1730,friday,6,9
1731,handle,6,9
1732,imagine,6,9
1733,includes,6,9
1734,incredible,6,9
1735,industries,6,9
1736,introduced,6,9
1737,jump,6,9
1738,mood,6,9
1739,motivation,6,9
1740,net,6,9
1741,operation,6,9
1742,pace,6,9
1743,partner,6,9
1744,passed,6,9
1745,pieces,6,9
1746,principle,6,9
1747,property,6,9
1748,ran,6,9
1749,reliable,6,9
1750,rooms,6,9
1751,sad,6,9
1752,sending,6,9
1753,tendency,6,9
1754,volunteer,6,9
1755,accomplishments,6,8
1756,address,6,8
1757,adjust,6,8
1758,anxious,6,8
1759,avoiding,6,8
1760,beautiful,6,8
1761,behave,6,8
1762,combat,6,8
1763,connected,6,8
1764,consistently,6,8
1765,continuing,6,8
1766,dark,6,8
1767,deeply,6,8
1768,dinner,6,8
1769,drop,6,8
1770,ease,6,8
1771,embrace,6,8
1772,employment,6,8
1773,entire,6,8
1774,entrepreneur,6,8
1775,existing,6,8
1776,eyes,6,8
1777,facts,6,8
1778,fears,6,8
1779,firm,6,8
1780,floor,6,8
1781,generations,6,8
1782,green,6,8
1783,happier,6,8
1784,hurt,6,8
1785,increases,6,8
1786,kitchen,6,8
1787,knowing,6,8
1788,minds,6,8
1789,mystery,6,8
1790,offering,6,8
1791,operating,6,8
1792,opposite,6,8
1793,overcome,6,8
1794,permanent,6,8
1795,plenty,6,8
1796,position,6,8
1797,reasonable,6,8
1798,reduction,6,8
1799,shared,6,8
1800,stand,6,8
1801,stopped,6,8
1802,strengthen,6,8
1803,strongly,6,8
1804,supplies,6,8
1805,visiting,6,8
1806,watch,6,8
1807,youth,6,8
1808,appealing,6,7
1809,applied,6,7
1810,approximately,6,7
1811,argues,6,7
1812,arrive,6,7
1813,attractive,6,7
1814,bottom,6,7
1815,brand,6,7
1816,capacity,6,7
1817,carrying,6,7
1818,checking,6,7
1819,communicate,6,7
1820,conclusion,6,7
1821,conflicts,6,7
1822,contrary,6,7
1823,cutting,6,7
1824,danger,6,7
1825,decade,6,7
1826,deliver,6,7
1827,discover,6,7
1828,emergency,6,7
1829,gathered,6,7
1830,gift,6,7
1831,gradually,6,7
1832,informed,6,7
1833,looks,6,7
1834,method,6,7
1835,naturally,6,7
1836,opened,6,7
1837,original,6,7
1838,passionate,6,7
1839,performed,6,7
1840,perspective,6,7
1841,plays,6,7
1842,points,6,7
1843,possibly,6,7
1844,previously,6,7
1845,profession,6,7
1846,promoted,6,7
1847,provided,6,7
1848,purchases,6,7
1849,pursue,6,7
1850,raising,6,7
1851,readily,6,7
1852,relax,6,7
1853,signs,6,7
1854,skin,6,7
1855,smartphone,6,7
1856,specifically,6,7
1857,spokesperson,6,7
1858,standing,6,7
1859,staying,6,7
1860,suddenly,6,7
1861,surely,6,7
1862,television,6,7
1863,telling,6,7
1864,topics,6,7
1865,traditionally,6,7
1866,unfortunately,6,7
1867,vigorous,6,7
1868,whose,6,7
1869,yesterday,6,7
1870,absorb,6,6
1871,addicted,6,6
1872,agriculture,6,6
1873,alter,6,6
1874,analyzed,6,6
1875,announced,6,6
1876,bags,6,6
1877,careful,6,6
1878,checked,6,6
1879,clean,6,6
1880,constant,6,6
1881,content,6,6
1882,damaging,6,6
1883,defined,6,6
1884,describe,6,6
1885,discussions,6,6
1886,essentially,6,6
1887,expand,6,6
1888,experienced,6,6
1889,extent,6,6
1890,focuses,6,6
1891,freedom,6,6
1892,guest,6,6
1893,himself,6,6
1894,infrastructure,6,6
1895,listen,6,6
1896,mentally,6,6
1897,mention,6,6
1898,mix,6,6
1899,neither,6,6
1900,onto,6,6
1901,overwhelmed,6,6
1902,passing,6,6
1903,pattern,6,6
1904,plus,6,6
1905,poorly,6,6
1906,possibility,6,6
1907,purchasing,6,6
1908,pushed,6,6
1909,represents,6,6
1910,revealed,6,6
1911,salary,6,6
1912,selling,6,6
1913,socially,6,6
1914,somewhat,6,6
1915,stable,6,6
1916,straightforward,6,6
1917,stressful,6,6
1918,submission,6,6
1919,sufficient,6,6
1920,supposed,6,6
1921,topic,6,6
1922,urgent,6,6
1923,videos,6,6
1924,warned,6,6
1925,watched,6,6
1926,wide,6,6
1927,wondering,6,6
1928,plastic,5,47
1929,dogs,5,36
1930,diversity,5,31
1931,aid,5,22
1932,cats,5,21
1933,coffee,5,21
1934,patients,5,21
1935,gold,5,20
1936,movies,5,20
1937,babies,5,19
1938,funded,5,19
1939,plane,5,19
1940,speech,5,19
1941,african,5,17
1942,beans,5,17
1943,bus,5,17
1944,farming,5,16
1945,manufacturers,5,16
1946,smart,5,16
1947,smartphones,5,16
1948,village,5,16
1949,beach,5,15
1950,behaviour,5,15
1951,birthday,5,15
1952,funding,5,15
1953,savings,5,15
1954,vehicle,5,15
1955,creativity,5,14
1956,diabetes,5,14
1957,racing,5,14
1958,white,5,14
1959,boring,5,13
1960,identity,5,13
1961,laws,5,13
1962,platform,5,13
1963,theory,5,13
1964,aged,5,12
1965,airport,5,12
1966,baby,5,12
1967,clothing,5,12
1968,collection,5,12
1969,court,5,12
1970,emails,5,12
1971,legal,5,12
1972,pain,5,12
1973,park,5,12
1974,hidden,5,11
1975,meeting,5,11
1976,movement,5,11
1977,personalities,5,11
1978,screen,5,11
1979,streets,5,11
1980,tech,5,11
1981,vegetarian,5,11
1982,adopting,5,10
1983,ate,5,10
1984,base,5,10
1985,demands,5,10
1986,diverse,5,10
1987,feed,5,10
1988,fuel,5,10
1989,guide,5,10
1990,households,5,10
1991,jam,5,10
1992,party,5,10
1993,presence,5,10
1994,principles,5,10
1995,retire,5,10
1996,reward,5,10
1997,solutions,5,10
1998,taught,5,10
1999,tour,5,10
2000,users,5,10
2001,wellbeing,5,10
2002,adulthood,5,9
2003,audience,5,9
2004,black,5,9
2005,campaigns,5,9
2006,commitment,5,9
2007,construction,5,9
2008,damaged,5,9
2009,deciding,5,9
2010,delay,5,9
2011,dietary,5,9
2012,discuss,5,9
2013,economist,5,9
2014,fancy,5,9
2015,fill,5,9
2016,german,5,9
2017,imagination,5,9
2018,logical,5,9
2019,meaningful,5,9
2020,meetings,5,9
2021,offices,5,9
2022,official,5,9
2023,parks,5,9
2024,pupils,5,9
2025,request,5,9
2026,romantic,5,9
2027,snack,5,9
2028,technological,5,9
2029,tended,5,9
2030,winter,5,9
2031,accept,5,8
2032,acceptable,5,8
2033,accidents,5,8
2034,accurate,5,8
2035,app,5,8
2036,applying,5,8
2037,arrived,5,8
2038,articles,5,8
2039,authentic,5,8
2040,borrow,5,8
2041,budgeting,5,8
2042,computers,5,8
2043,confirmed,5,8
2044,council,5,8
2045,couple,5,8
2046,dependent,5,8
2047,double,5,8
2048,errors,5,8
2049,estate,5,8
2050,feature,5,8
2051,generation,5,8
2052,guidelines,5,8
2053,host,5,8
2054,implications,5,8
2055,isolation,5,8
2056,lab,5,8
2057,likes,5,8
2058,meters,5,8
2059,miss,5,8
2060,northern,5,8
2061,pair,5,8
2062,panic,5,8
2063,pays,5,8
2064,perception,5,8
2065,predict,5,8
2066,psychologist,5,8
2067,rated,5,8
2068,realistic,5,8
2069,recognize,5,8
2070,regions,5,8
2071,reluctant,5,8
2072,replaced,5,8
2073,restaurants,5,8
2074,schedule,5,8
2075,sells,5,8
2076,sorry,5,8
2077,steps,5,8
2078,strength,5,8
2079,suit,5,8
2080,tough,5,8
2081,trip,5,8
2082,vacation,5,8
2083,wealth,5,8
2084,advanced,5,7
2085,alternative,5,7
2086,arriving,5,7
2087,attract,5,7
2088,blame,5,7
2089,cent,5,7
2090,charged,5,7
2091,chat,5,7
2092,claimed,5,7
2093,claims,5,7
2094,collect,5,7
2095,confusion,5,7
2096,consensus,5,7
2097,contain,5,7
2098,disadvantages,5,7
2099,economics,5,7
2100,enjoyed,5,7
2101,facebook,5,7
2102,herself,5,7
2103,instant,5,7
2104,joining,5,7
2105,located,5,7
2106,moderate,5,7
2107,nightmare,5,7
2108,nobody,5,7
2109,noise,5,7
2110,opening,5,7
2111,patient,5,7
2112,precise,5,7
2113,preferences,5,7
2114,preparing,5,7
2115,prior,5,7
2116,professionals,5,7
2117,proud,5,7
2118,psychology,5,7
2119,quantity,5,7
2120,realise,5,7
2121,recognition,5,7
2122,remarkable,5,7
2123,requirements,5,7
2124,schedules,5,7
2125,secondary,5,7
2126,sensitive,5,7
2127,site,5,7
2128,socialize,5,7
2129,somewhere,5,7
2130,starts,5,7
2131,stated,5,7
2132,strengthened,5,7
2133,temperatures,5,7
2134,timely,5,7
2135,uses,5,7
2136,wasted,5,7
2137,workforce,5,7
2138,yearly,5,7
2139,achieving,5,6
2140,admit,5,6
2141,advise,5,6
2142,approaches,5,6
2143,argument,5,6
2144,atmosphere,5,6
2145,attach,5,6
2146,beings,5,6
2147,brands,5,6
2148,breakfast,5,6
2149,calling,5,6
2150,calls,5,6
2151,carried,5,6
2152,characters,5,6
2153,commit,5,6
2154,consideration,5,6
2155,consumer,5,6
2156,counterparts,5,6
2157,crime,5,6
2158,crowded,5,6
2159,designing,5,6
2160,distractions,5,6
2161,dozens,5,6
2162,dull,5,6
2163,edge,5,6
2164,engaged,5,6
2165,era,5,6
2166,estimate,5,6
2167,estimates,5,6
2168,examine,5,6
2169,examples,5,6
2170,favor,5,6
2171,features,5,6
2172,fix,5,6
2173,fortune,5,6
2174,foundation,5,6
2175,gains,5,6
2176,heavily,5,6
2177,identifying,5,6
2178,imply,5,6
2179,improvements,5,6
2180,influential,5,6
2181,initial,5,6
2182,interacting,5,6
2183,interviewed,5,6
2184,involving,5,6
2185,keen,5,6
2186,kid,5,6
2187,launching,5,6
2188,limits,5,6
2189,lived,5,6
2190,loves,5,6
2191,maintaining,5,6
2192,manufacturing,5,6
2193,maximum,5,6
2194,participate,5,6
2195,permanently,5,6
2196,persuade,5,6
2197,phenomenon,5,6
2198,pop,5,6
2199,profits,5,6
2200,quit,5,6
2201,react,5,6
2202,respect,5,6
2203,rewarding,5,6
2204,roughly,5,6
2205,season,5,6
2206,seemed,5,6
2207,sets,5,6
2208,shrinking,5,6
2209,slower,5,6
2210,smell,5,6
2211,stolen,5,6
2212,stuck,5,6
2213,suggesting,5,6
2214,surprising,5,6
2215,suspect,5,6
2216,temperature,5,6
2217,tends,5,6
2218,tired,5,6
2219,tomorrow,5,6
2220,transportation,5,6
2221,unclear,5,6
2222,useless,5,6
2223,volunteers,5,6
2224,warm,5,6
2225,accomplish,5,5
2226,affairs,5,5
2227,anger,5,5
2228,apparently,5,5
2229,applies,5,5
2230,arise,5,5
2231,asian,5,5
2232,attracted,5,5
2233,backed,5,5
2234,bound,5,5
2235,character,5,5
2236,characteristic,5,5
2237,combination,5,5
2238,compare,5,5
2239,comparison,5,5
2240,compete,5,5
2241,considerably,5,5
2242,consultant,5,5
2243,continues,5,5
2244,convenient,5,5
2245,creatures,5,5
2246,demanding,5,5
2247,depth,5,5
2248,desirable,5,5
2249,differs,5,5
2250,dramatically,5,5
2251,edition,5,5
2252,encouraged,5,5
2253,endless,5,5
2254,enjoyable,5,5
2255,entering,5,5
2256,explanation,5,5
2257,extensive,5,5
2258,fed,5,5
2259,fighting,5,5
2260,filled,5,5
2261,flavor,5,5
2262,fresh,5,5
2263,gaining,5,5
2264,highlight,5,5
2265,hmm,5,5
2266,importantly,5,5
2267,impressed,5,5
2268,instantly,5,5
2269,insurance,5,5
2270,lacks,5,5
2271,literature,5,5
2272,lucky,5,5
2273,mentioned,5,5
2274,merely,5,5
2275,minority,5,5
2276,myself,5,5
2277,nationwide,5,5
2278,noted,5,5
2279,notice,5,5
2280,nowadays,5,5
2281,opt,5,5
2282,otherwise,5,5
2283,overweight,5,5
2284,perceive,5,5
2285,planet,5,5
2286,prefers,5,5
2287,preparations,5,5
2288,presented,5,5
2289,primarily,5,5
2290,priority,5,5
2291,problematic,5,5
2292,produces,5,5
2293,projects,5,5
2294,promotion,5,5
2295,protected,5,5
2296,puzzled,5,5
2297,reaction,5,5
2298,realized,5,5
2299,recognized,5,5
2300,referred,5,5
2301,reflects,5,5
2302,regarded,5,5
2303,renting,5,5
2304,reserved,5,5
2305,resulting,5,5
2306,safely,5,5
2307,separate,5,5
2308,sharply,5,5
2309,sites,5,5
2310,slowly,5,5
2311,son,5,5
2312,spread,5,5
2313,strive,5,5
2314,struck,5,5
2315,subjective,5,5
2316,submissions,5,5
2317,suitable,5,5
2318,supporting,5,5
2319,technique,5,5
2320,thanks,5,5
2321,thinks,5,5
2322,translation,5,5
2323,transport,5,5
2324,waiting,5,5
2325,wander,5,5
2326,war,5,5
2327,juice,4,35
2328,bike,4,27
2329,snake,4,27
2330,crops,4,21
2331,retirement,4,20
2332,curiosity,4,19
2333,instincts,4,19
2334,fathers,4,18
2335,voice,4,18
2336,boredom,4,17
2337,sport,4,17
2338,cultures,4,16
2339,clothes,4,15
2340,hiring,4,15
2341,series,4,15
2342,south,4,15
2343,bill,4,14
2344,debate,4,14
2345,spaces,4,14
2346,web,4,14
2347,agent,4,13
2348,bone,4,13
2349,farmers,4,13
2350,houses,4,13
2351,software,4,13
2352,beauty,4,12
2353,county,4,12
2354,furniture,4,12
2355,grades,4,12
2356,nutrition,4,12
2357,paint,4,12
2358,trade,4,12
2359,addiction,4,11
2360,assignments,4,11
2361,sitting,4,11
2362,vehicles,4,11
2363,abstract,4,10
2364,birth,4,10
2365,calorie,4,10
2366,cycle,4,10
2367,dining,4,10
2368,fees,4,10
2369,fire,4,10
2370,harmony,4,10
2371,infants,4,10
2372,inner,4,10
2373,officers,4,10
2374,silver,4,10
2375,traits,4,10
2376,tuition,4,10
2377,accessible,4,9
2378,flight,4,9
2379,fruits,4,9
2380,grants,4,9
2381,holiday,4,9
2382,homework,4,9
2383,japan,4,9
2384,leisure,4,9
2385,married,4,9
2386,obese,4,9
2387,reputation,4,9
2388,roads,4,9
2389,rock,4,9
2390,sciences,4,9
2391,spots,4,9
2392,standards,4,9
2393,statistics,4,9
2394,academy,4,8
2395,applicants,4,8
2396,assistance,4,8
2397,bills,4,8
2398,bird,4,8
2399,disadvantaged,4,8
2400,drinking,4,8
2401,flexibility,4,8
2402,forest,4,8
2403,french,4,8
2404,independently,4,8
2405,inspire,4,8
2406,interpersonal,4,8
2407,literacy,4,8
2408,makers,4,8
2409,mobile,4,8
2410,ohio,4,8
2411,photos,4,8
2412,player,4,8
2413,poisonous,4,8
2414,readers,4,8
2415,respondents,4,8
2416,seat,4,8
2417,sent,4,8
2418,shorter,4,8
2419,slow,4,8
2420,soft,4,8
2421,target,4,8
2422,terrible,4,8
2423,waking,4,8
2424,wife,4,8
2425,actively,4,7
2426,advertising,4,7
2427,analysts,4,7
2428,appearance,4,7
2429,arguments,4,7
2430,basketball,4,7
2431,blind,4,7
2432,blog,4,7
2433,boxes,4,7
2434,canada,4,7
2435,catch,4,7
2436,chair,4,7
2437,colors,4,7
2438,communities,4,7
2439,dense,4,7
2440,discipline,4,7
2441,estimated,4,7
2442,ethical,4,7
2443,excess,4,7
2444,exciting,4,7
2445,feasible,4,7
2446,guard,4,7
2447,hormones,4,7
2448,incredibly,4,7
2449,initiatives,4,7
2450,instinctive,4,7
2451,jet,4,7
2452,location,4,7
2453,marketing,4,7
2454,markets,4,7
2455,miles,4,7
2456,models,4,7
2457,monthly,4,7
2458,muscles,4,7
2459,norm,4,7
2460,outdoor,4,7
2461,outer,4,7
2462,pleasant,4,7
2463,prevention,4,7
2464,processed,4,7
2465,ready,4,7
2466,records,4,7
2467,relatives,4,7
2468,serving,4,7
2469,shoes,4,7
2470,sick,4,7
2471,styles,4,7
2472,sun,4,7
2473,surgery,4,7
2474,ticket,4,7
2475,tons,4,7
2476,unknown,4,7
2477,update,4,7
2478,upper,4,7
2479,wage,4,7
2480,wildlife,4,7
2481,achievement,4,6
2482,anderson,4,6
2483,ball,4,6
2484,banned,4,6
2485,bar,4,6
2486,bold,4,6
2487,captured,4,6
2488,ceremony,4,6
2489,chairs,4,6
2490,cheat,4,6
2491,civil,4,6
2492,closer,4,6
2493,compulsory,4,6
2494,cool,4,6
2495,core,4,6
2496,correct,4,6
2497,crash,4,6
2498,crowds,4,6
2499,delivery,4,6
2500,destroy,4,6
2501,disappear,4,6
2502,dishes,4,6
2503,drastically,4,6
2504,excessive,4,6
2505,exposure,4,6
2506,expressed,4,6
2507,fellow,4,6
2508,figures,4,6
2509,foot,4,6
2510,genders,4,6
2511,germany,4,6
2512,gives,4,6
2513,hitting,4,6
2514,honest,4,6
2515,hopes,4,6
2516,household,4,6
2517,hungry,4,6
2518,independence,4,6
2519,indicator,4,6
2520,institute,4,6
2521,introduce,4,6
2522,japanese,4,6
2523,mechanical,4,6
2524,mission,4,6
2525,mixed,4,6
2526,motivated,4,6
2527,mountain,4,6
2528,nations,4,6
2529,neutral,4,6
2530,nuts,4,6
2531,operations,4,6
2532,optimistic,4,6
2533,orange,4,6
2534,prepared,4,6
2535,preserve,4,6
2536,prison,4,6
2537,privacy,4,6
2538,privilege,4,6
2539,promising,4,6
2540,proposed,4,6
2541,queen,4,6
2542,raises,4,6
2543,reviews,4,6
2544,richard,4,6
2545,risky,4,6
2546,russian,4,6
2547,scene,4,6
2548,scientist,4,6
2549,sector,4,6
2550,sell,4,6
2551,shade,4,6
2552,similarly,4,6
2553,spouse,4,6
2554,station,4,6
2555,strictly,4,6
2556,structure,4,6
2557,super,4,6
2558,tells,4,6
2559,trace,4,6
2560,transfer,4,6
2561,tricky,4,6
2562,unacceptable,4,6
2563,unemployment,4,6
2564,volume,4,6
2565,warming,4,6
2566,window,4,6
2567,wisdom,4,6
2568,zone,4,6
2569,accommodate,4,5
2570,achieved,4,5
2571,acquire,4,5
2572,additionally,4,5
2573,administration,4,5
2574,admitted,4,5
2575,advance,4,5
2576,advancement,4,5
2577,affecting,4,5
2578,agents,4,5
2579,agreed,4,5
2580,anywhere,4,5
2581,appreciate,4,5
2582,assess,4,5
2583,attitude,4,5
2584,attributed,4,5
2585,automatically,4,5
2586,belong,4,5
2587,bias,4,5
2588,cancer,4,5
2589,centuries,4,5
2590,classmates,4,5
2591,coast,4,5
2592,commented,4,5
2593,competent,4,5
2594,complexity,4,5
2595,concerning,4,5
2596,contest,4,5
2597,convincing,4,5
2598,cook,4,5
2599,criminal,4,5
2600,deals,4,5
2601,deeper,4,5
2602,delicious,4,5
2603,delivered,4,5
2604,disciplinary,4,5
2605,distraction,4,5
2606,documented,4,5
2607,donations,4,5
2608,eager,4,5
2609,eaten,4,5
2610,efficient,4,5
2611,engagement,4,5
2612,enjoys,4,5
2613,evening,4,5
2614,examining,4,5
2615,existence,4,5
2616,exposed,4,5
2617,extend,4,5
2618,fair,4,5
2619,fallen,4,5
2620,fame,4,5
2621,fight,4,5
2622,firms,4,5
2623,fits,4,5
2624,fundamental,4,5
2625,gathering,4,5
2626,grew,4,5
2627,grocery,4,5
2628,guarantee,4,5
2629,holds,4,5
2630,illustrate,4,5
2631,imitate,4,5
2632,implement,4,5
2633,incentive,4,5
2634,independent,4,5
2635,influencing,4,5
2636,informal,4,5
2637,initiative,4,5
2638,injuries,4,5
2639,insisted,4,5
2640,items,4,5
2641,kilograms,4,5
2642,kilometers,4,5
2643,landing,4,5
2644,lay,4,5
2645,lie,4,5
2646,loan,4,5
2647,loved,4,5
2648,luck,4,5
2649,machine,4,5
2650,magazine,4,5
2651,manhattan,4,5
2652,mentality,4,5
2653,mere,4,5
2654,mess,4,5
2655,minerals,4,5
2656,motivating,4,5
2657,nowhere,4,5
2658,officer,4,5
2659,oldest,4,5
2660,organisation,4,5
2661,organisations,4,5
2662,organized,4,5
2663,outdoors,4,5
2664,owned,4,5
2665,packed,4,5
2666,performing,4,5
2667,pocket,4,5
2668,precisely,4,5
2669,promptly,4,5
2670,publicly,4,5
2671,quiet,4,5
2672,ranging,4,5
2673,reached,4,5
2674,reaching,4,5
2675,refer,4,5
2676,reference,4,5
2677,resulted,4,5
2678,sale,4,5
2679,sat,4,5
2680,scheduled,4,5
2681,seeing,4,5
2682,selected,4,5
2683,served,4,5
2684,shifted,4,5
2685,shut,4,5
2686,sight,4,5
2687,skilled,4,5
2688,sleeping,4,5
2689,snowy,4,5
2690,solid,4,5
2691,southern,4,5
2692,spanish,4,5
2693,speakers,4,5
2694,stressed,4,5
2695,structures,4,5
2696,successfully,4,5
2697,supports,4,5
2698,switched,4,5
2699,tastes,4,5
2700,tax,4,5
2701,teenage,4,5
2702,thrive,4,5
2703,translate,4,5
2704,um,4,5
2705,uncomfortable,4,5
2706,understood,4,5
2707,via,4,5
2708,victim,4,5
2709,victims,4,5
2710,visual,4,5
2711,walked,4,5
2712,wanting,4,5
2713,whereas,4,5
2714,workout,4,5
2715,accumulate,4,4
2716,adaptable,4,4
2717,adapted,4,4
2718,adapting,4,4
2719,adopted,4,4
2720,advocates,4,4
2721,aggressive,4,4
2722,aims,4,4
2723,annoyed,4,4
2724,assumed,4,4
2725,assured,4,4
2726,basics,4,4
2727,beat,4,4
2728,beloved,4,4
2729,block,4,4
2730,boosting,4,4
2731,boss,4,4
2732,breaks,4,4
2733,breed,4,4
2734,broader,4,4
2735,chips,4,4
2736,classified,4,4
2737,colleague,4,4
2738,collected,4,4
2739,combined,4,4
2740,comfort,4,4
2741,complaints,4,4
2742,conceal,4,4
2743,conduct,4,4
2744,controversial,4,4
2745,costly,4,4
2746,decreased,4,4
2747,deserted,4,4
2748,deserve,4,4
2749,desired,4,4
2750,destroyed,4,4
2751,detail,4,4
2752,detect,4,4
2753,determining,4,4
2754,device,4,4
2755,direct,4,4
2756,disaster,4,4
2757,discovered,4,4
2758,discrimination,4,4
2759,distinguish,4,4
2760,divided,4,4
2761,doubt,4,4
2762,drives,4,4
2763,electricity,4,4
2764,emerging,4,4
2765,employ,4,4
2766,ending,4,4
2767,enhanced,4,4
2768,enhancing,4,4
2769,enrich,4,4
2770,entertainment,4,4
2771,equipped,4,4
2772,equivalent,4,4
2773,established,4,4
2774,establishment,4,4
2775,europe,4,4
2776,everyday,4,4
2777,evolution,4,4
2778,excellent,4,4
2779,excluded,4,4
2780,exhausted,4,4
2781,expense,4,4
2782,extended,4,4
2783,facilitate,4,4
2784,fascinating,4,4
2785,fatal,4,4
2786,filling,4,4
2787,financially,4,4
2788,follows,4,4
2789,fourth,4,4
2790,frame,4,4
2791,generous,4,4
2792,ground,4,4
2793,hello,4,4
2794,hey,4,4
2795,honestly,4,4
2796,ignored,4,4
2797,ignoring,4,4
2798,improvement,4,4
2799,inexpensive,4,4
2800,injured,4,4
2801,insight,4,4
2802,introduction,4,4
2803,judgment,4,4
2804,keeps,4,4
2805,keys,4,4
2806,knows,4,4
2807,lacking,4,4
2808,landscape,4,4
2809,launch,4,4
2810,length,4,4
2811,lessons,4,4
2812,limiting,4,4
2813,literally,4,4
2814,logic,4,4
2815,losses,4,4
2816,monday,4,4
2817,moves,4,4
2818,nearest,4,4
2819,nevertheless,4,4
2820,none,4,4
2821,objective,4,4
2822,observing,4,4
2823,obtained,4,4
2824,occupied,4,4
2825,olds,4,4
2826,originally,4,4
2827,overwhelming,4,4
2828,painted,4,4
2829,patience,4,4
2830,periods,4,4
2831,persistent,4,4
2832,pharmaceutical,4,4
2833,picking,4,4
2834,piece,4,4
2835,pizza,4,4
2836,practices,4,4
2837,proportion,4,4
2838,prospects,4,4
2839,protecting,4,4
2840,psychologists,4,4
2841,pull,4,4
2842,pushing,4,4
2843,radical,4,4
2844,ratings,4,4
2845,recognizing,4,4
2846,reflected,4,4
2847,regards,4,4
2848,regional,4,4
2849,register,4,4
2850,regulation,4,4
2851,released,4,4
2852,relieve,4,4
2853,relying,4,4
2854,remaining,4,4
2855,remind,4,4
2856,requests,4,4
2857,researching,4,4
2858,resolve,4,4
2859,retired,4,4
2860,rose,4,4
2861,routes,4,4
2862,satisfied,4,4
2863,saves,4,4
2864,shocked,4,4
2865,spain,4,4
2866,stimulate,4,4
2867,sudden,4,4
2868,suffers,4,4
2869,superficial,4,4
2870,surfing,4,4
2871,suspicion,4,4
2872,sustain,4,4
2873,sweet,4,4
2874,switch,4,4
2875,sympathy,4,4
2876,ties,4,4
2877,touch,4,4
2878,traveled,4,4
2879,trees,4,4
2880,tries,4,4
2881,tuesday,4,4
2882,unaware,4,4
2883,unchanged,4,4
2884,unhealthy,4,4
2885,universal,4,4
2886,unless,4,4
2887,unlikely,4,4
2888,unrealistic,4,4
2889,visible,4,4
2890,weaknesses,4,4
2891,welcomed,4,4
2892,whom,4,4
2893,witnessed,4,4
2894,worker,4,4
2895,jams,3,27
2896,formula,3,25
2897,lanes,3,25
2898,rights,3,22
2899,snow,3,21
2900,selves,3,19
2901,glasgow,3,18
2902,mindset,3,18
2903,chocolate,3,17
2904,fans,3,17
2905,ambitious,3,15
2906,bottles,3,15
2907,engineers,3,14
2908,homeless,3,14
2909,immigrants,3,14
2910,museum,3,14
2911,recycled,3,14
2912,rule,3,14
2913,winners,3,14
2914,angeles,3,13
2915,attachment,3,13
2916,exercises,3,13
2917,los,3,13
2918,blue,3,12
2919,cholesterol,3,12
2920,customer,3,12
2921,dna,3,12
2922,drugs,3,11
2923,educators,3,11
2924,habitat,3,11
2925,hunting,3,11
2926,intensity,3,11
2927,smith,3,11
2928,cognitive,3,10
2929,engineer,3,10
2930,foreign,3,10
2931,grand,3,10
2932,menu,3,10
2933,rabbits,3,10
2934,supermarkets,3,10
2935,tablets,3,10
2936,unemployed,3,10
2937,walls,3,10
2938,aging,3,9
2939,bodies,3,9
2940,bread,3,9
2941,dress,3,9
2942,farms,3,9
2943,gas,3,9
2944,junk,3,9
2945,paintings,3,9
2946,quantities,3,9
2947,rescue,3,9
2948,square,3,9
2949,systematic,3,9
2950,washington,3,9
2951,approval,3,8
2952,arts,3,8
2953,chicken,3,8
2954,continent,3,8
2955,debates,3,8
2956,designer,3,8
2957,emotionally,3,8
2958,european,3,8
2959,feet,3,8
2960,football,3,8
2961,gene,3,8
2962,hearing,3,8
2963,king,3,8
2964,meats,3,8
2965,recycling,3,8
2966,wall,3,8
2967,agreements,3,7
2968,bikes,3,7
2969,concrete,3,7
2970,euros,3,7
2971,fox,3,7
2972,hobby,3,7
2973,immediate,3,7
2974,learners,3,7
2975,license,3,7
2976,mine,3,7
2977,minister,3,7
2978,newcastle,3,7
2979,nutrients,3,7
2980,painting,3,7
2981,rating,3,7
2982,taxes,3,7
2983,tonnes,3,7
2984,travelers,3,7
2985,unethical,3,7
2986,academics,3,6
2987,affluent,3,6
2988,agreement,3,6
2989,applications,3,6
2990,argued,3,6
2991,autonomy,3,6
2992,ban,3,6
2993,bicycles,3,6
2994,cargo,3,6
2995,certificates,3,6
2996,christmas,3,6
2997,closeness,3,6
2998,contained,3,6
2999,cultivating,3,6
3000,disadvantage,3,6
3001,eh,3,6
3002,enabling,3,6
3003,engine,3,6
3004,evaluation,3,6
3005,failures,3,6
3006,fan,3,6
3007,feedback,3,6
3008,functioning,3,6
3009,girl,3,6
3010,grain,3,6
3011,heads,3,6
3012,hotel,3,6
3013,insecure,3,6
3014,le,3,6
3015,liked,3,6
3016,loans,3,6
3017,papers,3,6
3018,posted,3,6
3019,prize,3,6
3020,rational,3,6
3021,shops,3,6
3022,sister,3,6
3023,stores,3,6
3024,survive,3,6
3025,talents,3,6
3026,adjustments,3,5
3027,advances,3,5
3028,airlines,3,5
3029,aisles,3,5
3030,andrea,3,5
3031,assistant,3,5
3032,athlete,3,5
3033,attraction,3,5
3034,autonomous,3,5
3035,beef,3,5
3036,boom,3,5
3037,breath,3,5
3038,calendar,3,5
3039,cells,3,5
3040,chemical,3,5
3041,childcare,3,5
3042,cinema,3,5
3043,collaborate,3,5
3044,collaboration,3,5
3045,collapse,3,5
3046,columbia,3,5
3047,communicative,3,5
3048,competitors,3,5
3049,conference,3,5
3050,consistent,3,5
3051,contribution,3,5
3052,cure,3,5
3053,deliberate,3,5
3054,difficulties,3,5
3055,discomfort,3,5
3056,draw,3,5
3057,dressed,3,5
3058,duration,3,5
3059,editing,3,5
3060,educated,3,5
3061,elderly,3,5
3062,eliminate,3,5
3063,ensuring,3,5
3064,freely,3,5
3065,frustration,3,5
3066,functions,3,5
3067,fund,3,5
3068,guy,3,5
3069,hearts,3,5
3070,highway,3,5
3071,hometown,3,5
3072,impacted,3,5
3073,incomes,3,5
3074,india,3,5
3075,interior,3,5
3076,ji,3,5
3077,jumping,3,5
3078,kill,3,5
3079,kindergarten,3,5
3080,leader,3,5
3081,legally,3,5
3082,limitations,3,5
3083,loud,3,5
3084,lying,3,5
3085,memory,3,5
3086,mile,3,5
3087,mom,3,5
3088,networking,3,5
3089,norms,3,5
3090,occur,3,5
3091,organize,3,5
3092,outcome,3,5
3093,oxygen,3,5
3094,payments,3,5
3095,peace,3,5
3096,permission,3,5
3097,pile,3,5
3098,players,3,5
3099,pleasure,3,5
3100,pound,3,5
3101,priorities,3,5
3102,procedure,3,5
3103,puzzles,3,5
3104,quarters,3,5
3105,rejected,3,5
3106,renewable,3,5
3107,reporting,3,5
3108,rival,3,5
3109,robot,3,5
3110,robots,3,5
3111,routine,3,5
3112,scotland,3,5
3113,seasonal,3,5
3114,semester,3,5
3115,shocking,3,5
3116,spacecraft,3,5
3117,speaks,3,5
3118,steve,3,5
3119,stretch,3,5
3120,sugary,3,5
3121,teamwork,3,5
3122,texts,3,5
3123,thursday,3,5
3124,toys,3,5
3125,underground,3,5
3126,unwanted,3,5
3127,updated,3,5
3128,villagers,3,5
3129,visibility,3,5
3130,vitamins,3,5
3131,wave,3,5
3132,weekend,3,5
3133,wine,3,5
3134,writes,3,5
3135,zoos,3,5
3136,abandon,3,4
3137,accomplished,3,4
3138,acknowledge,3,4
3139,adaptability,3,4
3140,agencies,3,4
3141,agency,3,4
3142,agricultural,3,4
3143,angry,3,4
3144,answered,3,4
3145,apparent,3,4
3146,apple,3,4
3147,arms,3,4
3148,arouse,3,4
3149,attempts,3,4
3150,australian,3,4
3151,automatic,3,4
3152,availability,3,4
3153,backgrounds,3,4
3154,balanced,3,4
3155,baseline,3,4
3156,battle,3,4
3157,begun,3,4
3158,booked,3,4
3159,budgeted,3,4
3160,burnout,3,4
3161,calm,3,4
3162,camp,3,4
3163,capabilities,3,4
3164,celebrating,3,4
3165,celebration,3,4
3166,characteristics,3,4
3167,cheap,3,4
3168,classrooms,3,4
3169,cleaning,3,4
3170,clever,3,4
3171,click,3,4
3172,clients,3,4
3173,closing,3,4
3174,collecting,3,4
3175,commute,3,4
3176,components,3,4
3177,conclusions,3,4
3178,conflicting,3,4
3179,considerable,3,4
3180,considers,3,4
3181,consumed,3,4
3182,contacted,3,4
3183,controlled,3,4
3184,copy,3,4
3185,curious,3,4
3186,damn,3,4
3187,deadline,3,4
3188,defense,3,4
3189,delivering,3,4
3190,depressed,3,4
3191,desk,3,4
3192,devoted,3,4
3193,disasters,3,4
3194,doors,3,4
3195,elsewhere,3,4
3196,encounter,3,4
3197,enrollment,3,4
3198,error,3,4
3199,escaped,3,4
3200,everywhere,3,4
3201,exam,3,4
3202,excel,3,4
3203,exhausting,3,4
3204,exists,3,4
3205,explanations,3,4
3206,extending,3,4
3207,fabric,3,4
3208,feared,3,4
3209,february,3,4
3210,feeding,3,4
3211,figuring,3,4
3212,flat,3,4
3213,flew,3,4
3214,folks,3,4
3215,friendship,3,4
3216,frustrated,3,4
3217,fulfillment,3,4
3218,gained,3,4
3219,genuinely,3,4
3220,glad,3,4
3221,guilty,3,4
3222,habitats,3,4
3223,halt,3,4
3224,heated,3,4
3225,hinders,3,4
3226,holidays,3,4
3227,hug,3,4
3228,humanity,3,4
3229,hurting,3,4
3230,imaginative,3,4
3231,impression,3,4
3232,incident,3,4
3233,instability,3,4
3234,interpret,3,4
3235,invention,3,4
3236,isolated,3,4
3237,jog,3,4
3238,joint,3,4
3239,joy,3,4
3240,judge,3,4
3241,justice,3,4
3242,killing,3,4
3243,laptop,3,4
3244,latin,3,4
3245,launched,3,4
3246,lens,3,4
3247,library,3,4
3248,lifespan,3,4
3249,lift,3,4
3250,locals,3,4
3251,magic,3,4
3252,managing,3,4
3253,march,3,4
3254,mechanism,3,4
3255,misleading,3,4
3256,mistakenly,3,4
3257,modest,3,4
3258,morally,3,4
3259,mouth,3,4
3260,nervous,3,4
3261,networks,3,4
3262,newspapers,3,4
3263,nutrient,3,4
3264,obstacle,3,4
3265,occasions,3,4
3266,organic,3,4
3267,outcompete,3,4
3268,outlet,3,4
3269,outperform,3,4
3270,outstanding,3,4
3271,overlooked,3,4
3272,ownership,3,4
3273,page,3,4
3274,perfectly,3,4
3275,photographs,3,4
3276,physically,3,4
3277,physicians,3,4
3278,platforms,3,4
3279,popularity,3,4
3280,portion,3,4
3281,positions,3,4
3282,producer,3,4
3283,professors,3,4
3284,programme,3,4
3285,promised,3,4
3286,pure,3,4
3287,questioned,3,4
3288,recognise,3,4
3289,recorded,3,4
3290,refers,3,4
3291,refined,3,4
3292,reflection,3,4
3293,reform,3,4
3294,relations,3,4
3295,relative,3,4
3296,responding,3,4
3297,restrictions,3,4
3298,retiring,3,4
3299,risen,3,4
3300,seekers,3,4
3301,sentences,3,4
3302,serve,3,4
3303,settle,3,4
3304,severely,3,4
3305,shock,3,4
3306,shoppers,3,4
3307,shortages,3,4
3308,signal,3,4
3309,signals,3,4
3310,slowing,3,4
3311,snakes,3,4
3312,societies,3,4
3313,sought,3,4
3314,spacious,3,4
3315,specialist,3,4
3316,spring,3,4
3317,stage,3,4
3318,stands,3,4
3319,strangers,3,4
3320,strategically,3,4
3321,substitute,3,4
3322,sums,3,4
3323,superior,3,4
3324,supervision,3,4
3325,supported,3,4
3326,supportive,3,4
3327,swimming,3,4
3328,talked,3,4
3329,tasty,3,4
3330,testing,3,4
3331,texas,3,4
3332,threaten,3,4
3333,throw,3,4
3334,throwing,3,4
3335,toy,3,4
3336,transactions,3,4
3337,trapped,3,4
3338,treating,3,4
3339,tree,3,4
3340,trips,3,4
3341,ultimate,3,4
3342,unwilling,3,4
3343,urgency,3,4
3344,vanish,3,4
3345,varies,3,4
3346,violent,3,4
3347,wait,3,4
3348,wealthy,3,4
3349,west,3,4
3350,wins,3,4
3351,worries,3,4
3352,zones,3,4
3353,abandoned,3,3
3354,accepting,3,3
3355,accumulated,3,3
3356,accused,3,3
3357,acknowledged,3,3
3358,adam,3,3
3359,advertise,3,3
3360,advocate,3,3
3361,afterwards,3,3
3362,aids,3,3
3363,alongside,3,3
3364,alternatives,3,3
3365,announce,3,3
3366,answering,3,3
3367,anticipate,3,3
3368,anytime,3,3
3369,apartment,3,3
3370,approved,3,3
3371,apps,3,3
3372,asia,3,3
3373,aspect,3,3
3374,assigned,3,3
3375,associating,3,3
3376,associations,3,3
3377,attacks,3,3
3378,attended,3,3
3379,attracts,3,3
3380,avoided,3,3
3381,awards,3,3
3382,barriers,3,3
3383,bathrooms,3,3
3384,bedrooms,3,3
3385,begins,3,3
3386,behaviours,3,3
3387,belonging,3,3
3388,benefited,3,3
3389,benefiting,3,3
3390,benjamin,3,3
3391,bite,3,3
3392,blessed,3,3
3393,blindly,3,3
3394,broadening,3,3
3395,bullied,3,3
3396,burning,3,3
3397,cafes,3,3
3398,calculated,3,3
3399,campaign,3,3
3400,canceled,3,3
3401,capability,3,3
3402,capture,3,3
3403,cares,3,3
3404,caring,3,3
3405,casually,3,3
3406,catching,3,3
3407,categories,3,3
3408,celebrated,3,3
3409,centered,3,3
3410,chose,3,3
3411,church,3,3
3412,circulation,3,3
3413,cite,3,3
3414,citizen,3,3
3415,claiming,3,3
3416,clearer,3,3
3417,clock,3,3
3418,commonly,3,3
3419,completing,3,3
3420,completion,3,3
3421,component,3,3
3422,comprehend,3,3
3423,concludes,3,3
3424,connecting,3,3
3425,consequence,3,3
3426,consequently,3,3
3427,constitutes,3,3
3428,constructed,3,3
3429,continued,3,3
3430,continuous,3,3
3431,continuously,3,3
3432,contributions,3,3
3433,convenience,3,3
3434,counter,3,3
3435,creature,3,3
3436,crew,3,3
3437,criticism,3,3
3438,cross,3,3
3439,cry,3,3
3440,cup,3,3
3441,dealing,3,3
3442,debated,3,3
3443,deer,3,3
3444,delight,3,3
3445,demonstrate,3,3
3446,demonstrated,3,3
3447,description,3,3
3448,desires,3,3
3449,destroying,3,3
3450,died,3,3
3451,digitally,3,3
3452,disappearance,3,3
3453,disappointed,3,3
3454,disastrous,3,3
3455,discourage,3,3
3456,discovering,3,3
3457,dish,3,3
3458,dismissed,3,3
3459,displayed,3,3
3460,disputes,3,3
3461,divide,3,3
3462,donation,3,3
3463,download,3,3
3464,drawn,3,3
3465,dropped,3,3
3466,dry,3,3
3467,east,3,3
3468,edit,3,3
3469,embarrassed,3,3
3470,emergence,3,3
3471,enabled,3,3
3472,endure,3,3
3473,engines,3,3
3474,enriching,3,3
3475,ensures,3,3
3476,entitled,3,3
3477,equipment,3,3
3478,escape,3,3
3479,evolve,3,3
3480,exams,3,3
3481,exclusively,3,3
3482,executives,3,3
3483,expectancy,3,3
3484,expectation,3,3
3485,expression,3,3
3486,extensively,3,3
3487,false,3,3
3488,fascinated,3,3
3489,fashioned,3,3
3490,fault,3,3
3491,favorable,3,3
3492,fierce,3,3
3493,finance,3,3
3494,finances,3,3
3495,finished,3,3
3496,fitness,3,3
3497,flag,3,3
3498,fond,3,3
3499,forces,3,3
3500,forever,3,3
3501,forgot,3,3
3502,founder,3,3
3503,frightening,3,3
3504,fulfilled,3,3
3505,fulfilling,3,3
3506,funds,3,3
3507,generated,3,3
3508,giant,3,3
3509,girls,3,3
3510,grab,3,3
3511,grains,3,3
3512,grows,3,3
3513,guided,3,3
3514,hang,3,3
3515,hanging,3,3
3516,harsh,3,3
3517,hates,3,3
3518,headlines,3,3
3519,healthcare,3,3
3520,height,3,3
3521,henry,3,3
3522,hinder,3,3
3523,hired,3,3
3524,historically,3,3
3525,holding,3,3
3526,honor,3,3
3527,identical,3,3
3528,illegally,3,3
3529,immature,3,3
3530,implemented,3,3
3531,implies,3,3
3532,indian,3,3
3533,indifferent,3,3
3534,inevitable,3,3
3535,injury,3,3
3536,insights,3,3
3537,insist,3,3
3538,interviews,3,3
3539,investigated,3,3
3540,italy,3,3
3541,judging,3,3
3542,june,3,3
3543,labeled,3,3
3544,leaves,3,3
3545,lecture,3,3
3546,lectures,3,3
3547,legislation,3,3
3548,lesson,3,3
3549,letters,3,3
3550,lights,3,3
3551,linking,3,3
3552,lonely,3,3
3553,lovely,3,3
3554,loyalty,3,3
3555,mainstream,3,3
3556,manner,3,3
3557,manual,3,3
3558,milk,3,3
3559,minimal,3,3
3560,misguided,3,3
3561,murder,3,3
3562,noisy,3,3
3563,notified,3,3
3564,nuclear,3,3
3565,nutritional,3,3
3566,observations,3,3
3567,obtaining,3,3
3568,occurs,3,3
3569,oceans,3,3
3570,ok,3,3
3571,openness,3,3
3572,ought,3,3
3573,packaging,3,3
3574,parenting,3,3
3575,partially,3,3
3576,participation,3,3
3577,partnership,3,3
3578,peak,3,3
3579,performs,3,3
3580,phase,3,3
3581,pick,3,3
3582,poorer,3,3
3583,pose,3,3
3584,poses,3,3
3585,possess,3,3
3586,potentially,3,3
3587,practically,3,3
3588,predictions,3,3
3589,pressured,3,3
3590,prevailing,3,3
3591,prevented,3,3
3592,procedures,3,3
3593,processing,3,3
3594,producing,3,3
3595,proficient,3,3
3596,profit,3,3
3597,prompt,3,3
3598,proof,3,3
3599,proven,3,3
3600,providers,3,3
3601,pursuing,3,3
3602,qualifications,3,3
3603,quarter,3,3
3604,realization,3,3
3605,recall,3,3
3606,reconsider,3,3
3607,recover,3,3
3608,recruited,3,3
3609,recruiting,3,3
3610,recruitment,3,3
3611,reduces,3,3
3612,refraining,3,3
3613,registered,3,3
3614,reinforces,3,3
3615,relief,3,3
3616,relieved,3,3
3617,remembered,3,3
3618,render,3,3
3619,rendered,3,3
3620,rent,3,3
3621,replacement,3,3
3622,replacing,3,3
3623,reportedly,3,3
3624,represent,3,3
3625,resistance,3,3
3626,resolved,3,3
3627,responded,3,3
3628,restructured,3,3
3629,retail,3,3
3630,retain,3,3
3631,reversed,3,3
3632,reviewing,3,3
3633,route,3,3
3634,routines,3,3
3635,ruin,3,3
3636,runs,3,3
3637,ryan,3,3
3638,sample,3,3
3639,satisfy,3,3
3640,scattered,3,3
3641,scholar,3,3
3642,scores,3,3
3643,seize,3,3
3644,seldom,3,3
3645,selecting,3,3
3646,selection,3,3
3647,settings,3,3
3648,sharp,3,3
3649,shifting,3,3
3650,shipping,3,3
3651,shortage,3,3
3652,shortly,3,3
3653,sides,3,3
3654,smells,3,3
3655,soar,3,3
3656,soda,3,3
3657,solved,3,3
3658,sophisticated,3,3
3659,sorts,3,3
3660,southeast,3,3
3661,spare,3,3
3662,sparked,3,3
3663,speculation,3,3
3664,spends,3,3
3665,stimulates,3,3
3666,storage,3,3
3667,strain,3,3
3668,subjects,3,3
3669,subsequent,3,3
3670,substantial,3,3
3671,successive,3,3
3672,suggestion,3,3
3673,supporters,3,3
3674,surgical,3,3
3675,surroundings,3,3
3676,suspected,3,3
3677,switzerland,3,3
3678,tackle,3,3
3679,targets,3,3
3680,teaches,3,3
3681,tested,3,3
3682,threatening,3,3
3683,three,3,3
3684,tickets,3,3
3685,titled,3,3
3686,ton,3,3
3687,tracked,3,3
3688,transformation,3,3
3689,translated,3,3
3690,troubles,3,3
3691,trusted,3,3
3692,uncommon,3,3
3693,undergo,3,3
3694,undergraduate,3,3
3695,underlying,3,3
3696,undertake,3,3
3697,unexpected,3,3
3698,unnecessary,3,3
3699,unnoticed,3,3
3700,unsurprisingly,3,3
3701,urban,3,3
3702,usage,3,3
3703,vague,3,3
3704,validity,3,3
3705,valued,3,3
3706,viewed,3,3
3707,viewing,3,3
3708,virtual,3,3
3709,visited,3,3
3710,visually,3,3
3711,wallet,3,3
3712,weigh,3,3
3713,worn,3,3
3714,worrying,3,3
3715,classical,2,21
3716,horn,2,20
3717,cheating,2,19
3718,carey,2,18
3719,corn,2,18
3720,carbon,2,17
3721,parental,2,16
3722,club,2,14
3723,friedman,2,14
3724,ninth,2,14
3725,booking,2,13
3726,elephant,2,13
3727,golden,2,13
3728,practicing,2,13
3729,trash,2,12
3730,ambition,2,11
3731,flavors,2,11
3732,names,2,11
3733,thomas,2,11
3734,analytical,2,10
3735,discount,2,10
3736,dreaming,2,10
3737,jj,2,10
3738,nap,2,10
3739,pigs,2,10
3740,printed,2,10
3741,rewards,2,10
3742,seating,2,10
3743,tap,2,10
3744,amazon,2,9
3745,chase,2,9
3746,colleges,2,9
3747,dolphins,2,9
3748,fayetteville,2,9
3749,hire,2,9
3750,lane,2,9
3751,nursing,2,9
3752,passive,2,9
3753,rush,2,9
3754,setbacks,2,9
3755,tooth,2,9
3756,architect,2,8
3757,athletes,2,8
3758,designers,2,8
3759,fee,2,8
3760,grant,2,8
3761,marriage,2,8
3762,mothers,2,8
3763,napping,2,8
3764,nightmares,2,8
3765,olympic,2,8
3766,solar,2,8
3767,wang,2,8
3768,beverages,2,7
3769,bottle,2,7
3770,dolls,2,7
3771,freshman,2,7
3772,holidaymakers,2,7
3773,homelessness,2,7
3774,juices,2,7
3775,mail,2,7
3776,pandemic,2,7
3777,passport,2,7
3778,scar,2,7
3779,touching,2,7
3780,willpower,2,7
3781,affection,2,6
3782,africans,2,6
3783,army,2,6
3784,astronaut,2,6
3785,athletic,2,6
3786,butter,2,6
3787,cheated,2,6
3788,coworkers,2,6
3789,deceptive,2,6
3790,dorm,2,6
3791,emissions,2,6
3792,fake,2,6
3793,fly,2,6
3794,fossil,2,6
3795,hairdresser,2,6
3796,hunger,2,6
3797,intervention,2,6
3798,kindness,2,6
3799,medicines,2,6
3800,mice,2,6
3801,missed,2,6
3802,negotiate,2,6
3803,payment,2,6
3804,riders,2,6
3805,ring,2,6
3806,river,2,6
3807,secrets,2,6
3808,textbooks,2,6
3809,walsh,2,6
3810,wooden,2,6
3811,ambassador,2,5
3812,baking,2,5
3813,basically,2,5
3814,birthdays,2,5
3815,bones,2,5
3816,cheek,2,5
3817,closure,2,5
3818,cocoa,2,5
3819,crop,2,5
3820,curriculum,2,5
3821,dads,2,5
3822,david,2,5
3823,declining,2,5
3824,desks,2,5
3825,dictionary,2,5
3826,disorder,2,5
3827,dr,2,5
3828,droughts,2,5
3829,dubai,2,5
3830,equality,2,5
3831,ethics,2,5
3832,favored,2,5
3833,festival,2,5
3834,founded,2,5
3835,grams,2,5
3836,helicopter,2,5
3837,hourly,2,5
3838,impressions,2,5
3839,inspired,2,5
3840,intimacy,2,5
3841,kelly,2,5
3842,majors,2,5
3843,mayor,2,5
3844,mediterranean,2,5
3845,modifications,2,5
3846,ordered,2,5
3847,package,2,5
3848,passports,2,5
3849,pedestrian,2,5
3850,plastics,2,5
3851,prospective,2,5
3852,rabbit,2,5
3853,respected,2,5
3854,seats,2,5
3855,soup,2,5
3856,sunshine,2,5
3857,swollen,2,5
3858,title,2,5
3859,trait,2,5
3860,yields,2,5
3861,analyst,2,4
3862,ancestry,2,4
3863,appetite,2,4
3864,asleep,2,4
3865,awarded,2,4
3866,bars,2,4
3867,bears,2,4
3868,behalf,2,4
3869,behavioural,2,4
3870,beijing,2,4
3871,bonus,2,4
3872,border,2,4
3873,borders,2,4
3874,bulk,2,4
3875,campaigners,2,4
3876,cape,2,4
3877,catholic,2,4
3878,celsius,2,4
3879,championships,2,4
3880,chan,2,4
3881,compatible,2,4
3882,compensation,2,4
3883,complications,2,4
3884,criteria,2,4
3885,cycling,2,4
3886,distant,2,4
3887,distress,2,4
3888,distribution,2,4
3889,economists,2,4
3890,electric,2,4
3891,endangered,2,4
3892,enjoyment,2,4
3893,environments,2,4
3894,episodes,2,4
3895,exhibit,2,4
3896,extinct,2,4
3897,factory,2,4
3898,failed,2,4
3899,faith,2,4
3900,fatigue,2,4
3901,film,2,4
3902,films,2,4
3903,fingers,2,4
3904,friendships,2,4
3905,genetics,2,4
3906,genuine,2,4
3907,graders,2,4
3908,graduation,2,4
3909,grandfather,2,4
3910,guesses,2,4
3911,hat,2,4
3912,honey,2,4
3913,housework,2,4
3914,iceland,2,4
3915,imitating,2,4
3916,infancy,2,4
3917,installing,2,4
3918,insufficient,2,4
3919,interactive,2,4
3920,interventions,2,4
3921,investigating,2,4
3922,islands,2,4
3923,jones,2,4
3924,judges,2,4
3925,lag,2,4
3926,lifelong,2,4
3927,listener,2,4
3928,melt,2,4
3929,mindsets,2,4
3930,monster,2,4
3931,motor,2,4
3932,nephew,2,4
3933,noticeable,2,4
3934,nutritious,2,4
3935,organizers,2,4
3936,palace,2,4
3937,percentage,2,4
3938,peril,2,4
3939,personally,2,4
3940,poverty,2,4
3941,producers,2,4
3942,purposes,2,4
3943,queens,2,4
3944,racers,2,4
3945,rats,2,4
3946,redesigned,2,4
3947,regulate,2,4
3948,removing,2,4
3949,resolution,2,4
3950,rows,2,4
3951,royal,2,4
3952,sam,2,4
3953,score,2,4
3954,secret,2,4
3955,seniors,2,4
3956,sensitivity,2,4
3957,sponsored,2,4
3958,submit,2,4
3959,suggestions,2,4
3960,susan,2,4
3961,takers,2,4
3962,tank,2,4
3963,tennis,2,4
3964,terrified,2,4
3965,traditions,2,4
3966,traps,2,4
3967,tricks,2,4
3968,uniforms,2,4
3969,unpaid,2,4
3970,vegetarians,2,4
3971,violence,2,4
3972,vocabulary,2,4
3973,absent,2,3
3974,absorbed,2,3
3975,academically,2,3
3976,accounted,2,3
3977,acquaintances,2,3
3978,acquired,2,3
3979,acts,2,3
3980,addictive,2,3
3981,airplane,2,3
3982,airplanes,2,3
3983,alice,2,3
3984,amongst,2,3
3985,amusing,2,3
3986,ancestors,2,3
3987,anticipated,2,3
3988,applicant,2,3
3989,arrange,2,3
3990,assumptions,2,3
3991,attaining,2,3
3992,attributes,2,3
3993,audiences,2,3
3994,authority,2,3
3995,banks,2,3
3996,bean,2,3
3997,bins,2,3
3998,biology,2,3
3999,borrowed,2,3
4000,boundaries,2,3
4001,broken,2,3
4002,brothers,2,3
4003,budgets,2,3
4004,burdened,2,3
4005,burn,2,3
4006,buses,2,3
4007,bushfires,2,3
4008,cancel,2,3
4009,caregiving,2,3
4010,ceiling,2,3
4011,central,2,3
4012,cereal,2,3
4013,charter,2,3
4014,cheeses,2,3
4015,chemistry,2,3
4016,chores,2,3
4017,chosen,2,3
4018,chronic,2,3
4019,cleverly,2,3
4020,clues,2,3
4021,coin,2,3
4022,combining,2,3
4023,compensated,2,3
4024,concepts,2,3
4025,confirms,2,3
4026,conjunction,2,3
4027,consent,2,3
4028,continually,2,3
4029,contract,2,3
4030,convince,2,3
4031,copies,2,3
4032,counts,2,3
4033,covered,2,3
4034,crossing,2,3
4035,customs,2,3
4036,cycles,2,3
4037,dad,2,3
4038,daydream,2,3
4039,de,2,3
4040,dealer,2,3
4041,debating,2,3
4042,delete,2,3
4043,dependence,2,3
4044,deposit,2,3
4045,depriving,2,3
4046,descriptions,2,3
4047,designs,2,3
4048,destination,2,3
4049,destinations,2,3
4050,determinedly,2,3
4051,developer,2,3
4052,diagnoses,2,3
4053,dignity,2,3
4054,dilemma,2,3
4055,disciplines,2,3
4056,discounts,2,3
4057,discovery,2,3
4058,discussing,2,3
4059,dishonesty,2,3
4060,dismiss,2,3
4061,distributed,2,3
4062,divorce,2,3
4063,dominated,2,3
4064,dramatic,2,3
4065,drawing,2,3
4066,drew,2,3
4067,drum,2,3
4068,duties,2,3
4069,eats,2,3
4070,economically,2,3
4071,elementary,2,3
4072,emerges,2,3
4073,enrolled,2,3
4074,entertained,2,3
4075,enthusiasm,2,3
4076,entry,2,3
4077,equally,2,3
4078,evaluate,2,3
4079,evenly,2,3
4080,everybody,2,3
4081,evolved,2,3
4082,except,2,3
4083,exploits,2,3
4084,explored,2,3
4085,explosions,2,3
4086,external,2,3
4087,extraordinary,2,3
4088,fascination,2,3
4089,firefighters,2,3
4090,flowers,2,3
4091,fold,2,3
4092,format,2,3
4093,foundations,2,3
4094,freshwater,2,3
4095,frustrating,2,3
4096,fuss,2,3
4097,genetically,2,3
4098,genius,2,3
4099,geographic,2,3
4100,giants,2,3
4101,gloomy,2,3
4102,grateful,2,3
4103,gray,2,3
4104,groceries,2,3
4105,guests,2,3
4106,hall,2,3
4107,hits,2,3
4108,hopefully,2,3
4109,il,2,3
4110,imitation,2,3
4111,incorrectly,2,3
4112,indoors,2,3
4113,inquire,2,3
4114,insider,2,3
4115,integrated,2,3
4116,intention,2,3
4117,intentions,2,3
4118,intimate,2,3
4119,investing,2,3
4120,issued,2,3
4121,jackets,2,3
4122,jason,2,3
4123,knee,2,3
4124,laboratory,2,3
4125,laziness,2,3
4126,lets,2,3
4127,lifting,2,3
4128,likelihood,2,3
4129,linguistic,2,3
4130,links,2,3
4131,lions,2,3
4132,listed,2,3
4133,longest,2,3
4134,longing,2,3
4135,loyal,2,3
4136,males,2,3
4137,marion,2,3
4138,masks,2,3
4139,masterpieces,2,3
4140,mathematical,2,3
4141,matthew,2,3
4142,mature,2,3
4143,maximize,2,3
4144,melted,2,3
4145,messy,2,3
4146,metal,2,3
4147,miami,2,3
4148,michael,2,3
4149,military,2,3
4150,mistake,2,3
4151,misuse,2,3
4152,mit,2,3
4153,modify,2,3
4154,monitor,2,3
4155,monitored,2,3
4156,motion,2,3
4157,myth,2,3
4158,negotiating,2,3
4159,nelson,2,3
4160,network,2,3
4161,neutralize,2,3
4162,nights,2,3
4163,nonprofit,2,3
4164,occasional,2,3
4165,ooo,2,3
4166,organizational,2,3
4167,originated,2,3
4168,output,2,3
4169,packages,2,3
4170,pages,2,3
4171,paul,2,3
4172,pedestrians,2,3
4173,perfection,2,3
4174,persistence,2,3
4175,perspectives,2,3
4176,pew,2,3
4177,photo,2,3
4178,pledged,2,3
4179,posed,2,3
4180,posts,2,3
4181,practicability,2,3
4182,precious,2,3
4183,predictable,2,3
4184,presentation,2,3
4185,preserved,2,3
4186,pressing,2,3
4187,prime,2,3
4188,professionally,2,3
4189,projector,2,3
4190,prosperity,2,3
4191,proved,2,3
4192,pumped,2,3
4193,questionnaires,2,3
4194,rail,2,3
4195,reap,2,3
4196,receipts,2,3
4197,regulations,2,3
4198,regulatory,2,3
4199,relational,2,3
4200,release,2,3
4201,religion,2,3
4202,reminded,2,3
4203,renovate,2,3
4204,rents,2,3
4205,reporters,2,3
4206,requirement,2,3
4207,resembling,2,3
4208,resource,2,3
4209,restricted,2,3
4210,retraining,2,3
4211,reunited,2,3
4212,reused,2,3
4213,revolutionary,2,3
4214,richer,2,3
4215,row,2,3
4216,runners,2,3
4217,rural,2,3
4218,salt,2,3
4219,sandwiches,2,3
4220,scared,2,3
4221,scary,2,3
4222,schoolers,2,3
4223,screens,2,3
4224,seconds,2,3
4225,seller,2,3
4226,settlers,2,3
4227,shed,2,3
4228,shy,2,3
4229,signed,2,3
4230,simplest,2,3
4231,socializing,2,3
4232,songs,2,3
4233,souls,2,3
4234,southeastern,2,3
4235,spinning,2,3
4236,spoke,2,3
4237,sporting,2,3
4238,spotlight,2,3
4239,squeezed,2,3
4240,stem,2,3
4241,sticking,2,3
4242,stock,2,3
4243,strict,2,3
4244,strike,2,3
4245,struggled,2,3
4246,studio,2,3
4247,summers,2,3
4248,surface,2,3
4249,surge,2,3
4250,taker,2,3
4251,taxi,2,3
4252,theme,2,3
4253,thesis,2,3
4254,threatened,2,3
4255,threshold,2,3
4256,tim,2,3
4257,tissue,2,3
4258,tom,2,3
4259,tougher,2,3
4260,transition,2,3
4261,tremendous,2,3
4262,ugly,2,3
4263,uniform,2,3
4264,unsurprising,2,3
4265,van,2,3
4266,varieties,2,3
4267,verbal,2,3
4268,vessels,2,3
4269,viewers,2,3
4270,violation,2,3
4271,voices,2,3
4272,warning,2,3
4273,wash,2,3
4274,weakening,2,3
4275,weekends,2,3
4276,weighs,2,3
4277,western,2,3
4278,wilson,2,3
4279,wind,2,3
4280,windows,2,3
4281,wishing,2,3
4282,wondered,2,3
4283,worthwhile,2,3
4284,abnormal,2,2
4285,absorbing,2,2
4286,abuse,2,2
4287,accelerates,2,2
4288,acceptance,2,2
4289,accompany,2,2
4290,accurately,2,2
4291,achievable,2,2
4292,acknowledges,2,2
4293,acquiring,2,2
4294,acquisition,2,2
4295,acted,2,2
4296,acute,2,2
4297,adding,2,2
4298,adjusted,2,2
4299,administered,2,2
4300,admission,2,2
4301,admits,2,2
4302,advertised,2,2
4303,afterward,2,2
4304,aimed,2,2
4305,airline,2,2
4306,alarm,2,2
4307,allegedly,2,2
4308,amateur,2,2
4309,amid,2,2
4310,analysed,2,2
4311,analyses,2,2
4312,analyzing,2,2
4313,anniversary,2,2
4314,annoying,2,2
4315,anxieties,2,2
4316,appeals,2,2
4317,appeared,2,2
4318,applicable,2,2
4319,appropriately,2,2
4320,arbitrarily,2,2
4321,architecture,2,2
4322,arguing,2,2
4323,arises,2,2
4324,armed,2,2
4325,arrested,2,2
4326,arrives,2,2
4327,artists,2,2
4328,assessing,2,2
4329,assessment,2,2
4330,asset,2,2
4331,assign,2,2
4332,assumes,2,2
4333,assumption,2,2
4334,astonishing,2,2
4335,attain,2,2
4336,attainment,2,2
4337,attribute,2,2
4338,automobiles,2,2
4339,avenue,2,2
4340,aviation,2,2
4341,avoidance,2,2
4342,baseball,2,2
4343,bear,2,2
4344,beating,2,2
4345,beats,2,2
4346,bestseller,2,2
4347,bin,2,2
4348,biological,2,2
4349,biomedical,2,2
4350,biscuits,2,2
4351,blend,2,2
4352,blending,2,2
4353,blocks,2,2
4354,blow,2,2
4355,blowing,2,2
4356,boasts,2,2
4357,bonds,2,2
4358,boosted,2,2
4359,bore,2,2
4360,boston,2,2
4361,bowl,2,2
4362,box,2,2
4363,branch,2,2
4364,branches,2,2
4365,breakfasts,2,2
4366,breathe,2,2
4367,breeding,2,2
4368,brief,2,2
4369,bright,2,2
4370,brighten,2,2
4371,broad,2,2
4372,broadcast,2,2
4373,broke,2,2
4374,brutal,2,2
4375,bundle,2,2
4376,burns,2,2
4377,businessmen,2,2
4378,cameras,2,2
4379,canadian,2,2
4380,canal,2,2
4381,canteen,2,2
4382,capturing,2,2
4383,cards,2,2
4384,cared,2,2
4385,cartoon,2,2
4386,cartoons,2,2
4387,catalog,2,2
4388,cater,2,2
4389,caters,2,2
4390,caution,2,2
4391,cautious,2,2
4392,cease,2,2
4393,ceilings,2,2
4394,celebrations,2,2
4395,ceos,2,2
4396,certificate,2,2
4397,chain,2,2
4398,challenged,2,2
4399,chatting,2,2
4400,cheer,2,2
4401,chickens,2,2
4402,circle,2,2
4403,cited,2,2
4404,citing,2,2
4405,classify,2,2
4406,clearing,2,2
4407,clicked,2,2
4408,climates,2,2
4409,closest,2,2
4410,clouds,2,2
4411,coaches,2,2
4412,coastal,2,2
4413,code,2,2
4414,coldest,2,2
4415,collections,2,2
4416,colored,2,2
4417,colorful,2,2
4418,comfortably,2,2
4419,comforting,2,2
4420,commands,2,2
4421,comment,2,2
4422,commodities,2,2
4423,commodity,2,2
4424,communicating,2,2
4425,communications,2,2
4426,comparable,2,2
4427,comparing,2,2
4428,compensate,2,2
4429,competitions,2,2
4430,complain,2,2
4431,comprehending,2,2
4432,comprise,2,2
4433,concentration,2,2
4434,confined,2,2
4435,confirm,2,2
4436,congratulations,2,2
4437,considerations,2,2
4438,constraints,2,2
4439,constructive,2,2
4440,consulting,2,2
4441,contestants,2,2
4442,contradictory,2,2
4443,contradicts,2,2
4444,controlling,2,2
4445,converts,2,2
4446,conveyed,2,2
4447,cooperate,2,2
4448,coordinate,2,2
4449,coordination,2,2
4450,coordinator,2,2
4451,corner,2,2
4452,costume,2,2
4453,count,2,2
4454,coverage,2,2
4455,covering,2,2
4456,covers,2,2
4457,coworker,2,2
4458,crashes,2,2
4459,crawling,2,2
4460,craziness,2,2
4461,crazy,2,2
4462,creamy,2,2
4463,crimes,2,2
4464,critics,2,2
4465,crowd,2,2
4466,cultivated,2,2
4467,culturally,2,2
4468,curb,2,2
4469,customary,2,2
4470,damages,2,2
4471,dangers,2,2
4472,darker,2,2
4473,dating,2,2
4474,december,2,2
4475,deception,2,2
4476,decisive,2,2
4477,declared,2,2
4478,declined,2,2
4479,declines,2,2
4480,dedicated,2,2
4481,deem,2,2
4482,deliberation,2,2
4483,delivers,2,2
4484,denied,2,2
4485,deny,2,2
4486,denying,2,2
4487,depressing,2,2
4488,depressive,2,2
4489,deprivation,2,2
4490,depths,2,2
4491,describing,2,2
4492,desperate,2,2
4493,desperately,2,2
4494,destined,2,2
4495,detached,2,2
4496,deteriorating,2,2
4497,determinant,2,2
4498,determines,2,2
4499,developmental,2,2
4500,devise,2,2
4501,devote,2,2
4502,die,2,2
4503,digging,2,2
4504,directed,2,2
4505,disagreement,2,2
4506,disappeared,2,2
4507,disclose,2,2
4508,disconnect,2,2
4509,discouraged,2,2
4510,discussed,2,2
4511,disengagement,2,2
4512,disorders,2,2
4513,disrespectful,2,2
4514,disruption,2,2
4515,disruptions,2,2
4516,dissatisfaction,2,2
4517,distinguishes,2,2
4518,distracted,2,2
4519,disturbed,2,2
4520,dividing,2,2
4521,dominance,2,2
4522,donate,2,2
4523,donates,2,2
4524,dose,2,2
4525,doubled,2,2
4526,doubtful,2,2
4527,drama,2,2
4528,dreamed,2,2
4529,dressing,2,2
4530,dropping,2,2
4531,drunk,2,2
4532,dying,2,2
4533,dynamic,2,2
4534,ear,2,2
4535,earn,2,2
4536,earned,2,2
4537,earnings,2,2
4538,ears,2,2
4539,egg,2,2
4540,elders,2,2
4541,electronics,2,2
4542,element,2,2
4543,elements,2,2
4544,emailed,2,2
4545,embarrassing,2,2
4546,emotion,2,2
4547,emphasizes,2,2
4548,encourages,2,2
4549,encouraging,2,2
4550,enduring,2,2
4551,enhances,2,2
4552,ensured,2,2
4553,enterprises,2,2
4554,entrepreneurship,2,2
4555,envied,2,2
4556,erin,2,2
4557,eu,2,2
4558,evaluating,2,2
4559,exception,2,2
4560,exchange,2,2
4561,excitement,2,2
4562,exert,2,2
4563,existed,2,2
4564,existent,2,2
4565,expansion,2,2
4566,expecting,2,2
4567,experiencing,2,2
4568,expertise,2,2
4569,explicitly,2,2
4570,expose,2,2
4571,extends,2,2
4572,extracted,2,2
4573,faced,2,2
4574,facilitates,2,2
4575,faculty,2,2
4576,failing,2,2
4577,fails,2,2
4578,fairly,2,2
4579,familiarize,2,2
4580,familiarizing,2,2
4581,farmer,2,2
4582,fashionable,2,2
4583,fastest,2,2
4584,fats,2,2
4585,fattening,2,2
4586,favour,2,2
4587,feasibility,2,2
4588,fiction,2,2
4589,fighter,2,2
4590,fights,2,2
4591,final,2,2
4592,fingertips,2,2
4593,fixes,2,2
4594,flexibly,2,2
4595,flooding,2,2
4596,flying,2,2
4597,forbidden,2,2
4598,forcing,2,2
4599,foresee,2,2
4600,forge,2,2
4601,formation,2,2
4602,formed,2,2
4603,forming,2,2
4604,formulate,2,2
4605,forth,2,2
4606,fortunately,2,2
4607,forum,2,2
4608,fountain,2,2
4609,france,2,2
4610,francisco,2,2
4611,frequented,2,2
4612,freshly,2,2
4613,frogs,2,2
4614,fuller,2,2
4615,fundamentally,2,2
4616,funny,2,2
4617,gang,2,2
4618,garbage,2,2
4619,garden,2,2
4620,gases,2,2
4621,gate,2,2
4622,gather,2,2
4623,generate,2,2
4624,generates,2,2
4625,gently,2,2
4626,geography,2,2
4627,ghana,2,2
4628,gifted,2,2
4629,globe,2,2
4630,grace,2,2
4631,granted,2,2
4632,grasp,2,2
4633,greenhouse,2,2
4634,guardian,2,2
4635,guiding,2,2
4636,guilt,2,2
4637,halls,2,2
4638,hamburgers,2,2
4639,handful,2,2
4640,handy,2,2
4641,harbor,2,2
4642,hardest,2,2
4643,harmless,2,2
4644,hate,2,2
4645,headed,2,2
4646,hide,2,2
4647,historic,2,2
4648,historical,2,2
4649,hobbies,2,2
4650,honored,2,2
4651,hopeless,2,2
4652,hopelessness,2,2
4653,horrible,2,2
4654,hospitals,2,2
4655,hunt,2,2
4656,hunted,2,2
4657,hunter,2,2
4658,ideally,2,2
4659,identities,2,2
4660,ignorance,2,2
4661,ill,2,2
4662,illegal,2,2
4663,illness,2,2
4664,illustrations,2,2
4665,imitated,2,2
4666,implementing,2,2
4667,impose,2,2
4668,imposed,2,2
4669,impractical,2,2
4670,impressive,2,2
4671,improves,2,2
4672,inability,2,2
4673,inaction,2,2
4674,inborn,2,2
4675,incentives,2,2
4676,inclination,2,2
4677,inclined,2,2
4678,inconvenient,2,2
4679,indicated,2,2
4680,indication,2,2
4681,indicators,2,2
4682,indirect,2,2
4683,indirectly,2,2
4684,individuality,2,2
4685,induced,2,2
4686,induces,2,2
4687,infection,2,2
4688,infer,2,2
4689,inflation,2,2
4690,inform,2,2
4691,ingredients,2,2
4692,initiate,2,2
4693,innocent,2,2
4694,innovations,2,2
4695,inquiries,2,2
4696,inspect,2,2
4697,instagram,2,2
4698,instances,2,2
4699,instructed,2,2
4700,instruction,2,2
4701,instructions,2,2
4702,intact,2,2
4703,intense,2,2
4704,intensive,2,2
4705,interestingly,2,2
4706,interfere,2,2
4707,internal,2,2
4708,interpreted,2,2
4709,interviewer,2,2
4710,intolerable,2,2
4711,introducing,2,2
4712,investment,2,2
4713,investments,2,2
4714,invisible,2,2
4715,invite,2,2
4716,invited,2,2
4717,irrational,2,2
4718,irrelevant,2,2
4719,isolate,2,2
4720,jane,2,2
4721,jobless,2,2
4722,jogging,2,2
4723,joined,2,2
4724,july,2,2
4725,justify,2,2
4726,khan,2,2
4727,killed,2,2
4728,killer,2,2
4729,knife,2,2
4730,label,2,2
4731,ladder,2,2
4732,landscapes,2,2
4733,lasted,2,2
4734,lasting,2,2
4735,latter,2,2
4736,launches,2,2
4737,layers,2,2
4738,leftover,2,2
4739,legacy,2,2
4740,lesser,2,2
4741,liability,2,2
4742,liberties,2,2
4743,lies,2,2
4744,lifetime,2,2
4745,linear,2,2
4746,linkedin,2,2
4747,listeners,2,2
4748,literary,2,2
4749,literate,2,2
4750,lively,2,2
4751,liver,2,2
4752,loaded,2,2
4753,locally,2,2
4754,locate,2,2
4755,logically,2,2
4756,longtime,2,2
4757,lovers,2,2
4758,lowest,2,2
4759,luckily,2,2
4760,magical,2,2
4761,maintained,2,2
4762,majoring,2,2
4763,managed,2,2
4764,manipulated,2,2
4765,mankind,2,2
4766,maps,2,2
4767,markedly,2,2
4768,marvelous,2,2
4769,mary,2,2
4770,maryland,2,2
4771,mass,2,2
4772,massachusetts,2,2
4773,mastered,2,2
4774,matched,2,2
4775,matching,2,2
4776,meanings,2,2
4777,medalists,2,2
4778,medicaid,2,2
4779,meets,2,2
4780,memories,2,2
4781,merit,2,2
4782,metro,2,2
4783,mexican,2,2
4784,microscope,2,2
4785,minimize,2,2
4786,minimum,2,2
4787,mining,2,2
4788,minor,2,2
4789,misery,2,2
4790,misses,2,2
4791,missions,2,2
4792,mistaken,2,2
4793,misunderstanding,2,2
4794,moments,2,2
4795,monsters,2,2
4796,motorbike,2,2
4797,namely,2,2
4798,naomi,2,2
4799,narration,2,2
4800,narrowly,2,2
4801,nationally,2,2
4802,neck,2,2
4803,neglect,2,2
4804,negotiators,2,2
4805,neighborhood,2,2
4806,neighborhoods,2,2
4807,newcomer,2,2
4808,nick,2,2
4809,nonexistent,2,2
4810,northwestern,2,2
4811,notebook,2,2
4812,november,2,2
4813,nuisance,2,2
4814,objection,2,2
4815,observational,2,2
4816,observe,2,2
4817,occurred,2,2
4818,occurring,2,2
4819,offensive,2,2
4820,officially,2,2
4821,opens,2,2
4822,operate,2,2
4823,opponents,2,2
4824,opposing,2,2
4825,optimism,2,2
4826,organisational,2,2
4827,organisers,2,2
4828,organs,2,2
4829,orientation,2,2
4830,oriented,2,2
4831,origin,2,2
4832,outlined,2,2
4833,outsiders,2,2
4834,outward,2,2
4835,overhead,2,2
4836,overly,2,2
4837,overnight,2,2
4838,oversee,2,2
4839,overworked,2,2
4840,owed,2,2
4841,owing,2,2
4842,owns,2,2
4843,oxford,2,2
4844,paced,2,2
4845,participated,2,2
4846,parties,2,2
4847,patch,2,2
4848,paths,2,2
4849,pathways,2,2
4850,patrick,2,2
4851,penalty,2,2
4852,percentages,2,2
4853,persist,2,2
4854,persistently,2,2
4855,persons,2,2
4856,persuading,2,2
4857,persuasive,2,2
4858,peter,2,2
4859,philip,2,2
4860,philosophy,2,2
4861,photograph,2,2
4862,phrases,2,2
4863,physician,2,2
4864,planned,2,2
4865,plate,2,2
4866,plot,2,2
4867,pockets,2,2
4868,pointed,2,2
4869,pointing,2,2
4870,poison,2,2
4871,policymakers,2,2
4872,politicians,2,2
4873,poorest,2,2
4874,popularized,2,2
4875,portions,2,2
4876,positively,2,2
4877,possessions,2,2
4878,posting,2,2
4879,postponing,2,2
4880,powered,2,2
4881,praise,2,2
4882,preference,2,2
4883,preferred,2,2
4884,preparation,2,2
4885,presenting,2,2
4886,president,2,2
4887,press,2,2
4888,pressures,2,2
4889,prevalence,2,2
4890,preventing,2,2
4891,prevents,2,2
4892,pride,2,2
4893,principal,2,2
4894,pro,2,2
4895,probability,2,2
4896,procrastination,2,2
4897,profound,2,2
4898,proper,2,2
4899,proposals,2,2
4900,propose,2,2
4901,protective,2,2
4902,protects,2,2
4903,provider,2,2
4904,proving,2,2
4905,provoke,2,2
4906,punish,2,2
4907,punished,2,2
4908,purchased,2,2
4909,pursuit,2,2
4910,puzzle,2,2
4911,quicker,2,2
4912,quitting,2,2
4913,radiation,2,2
4914,radio,2,2
4915,rain,2,2
4916,random,2,2
4917,rapid,2,2
4918,reaches,2,2
4919,reader,2,2
4920,reads,2,2
4921,realised,2,2
4922,reaped,2,2
4923,reaping,2,2
4924,recalled,2,2
4925,recalling,2,2
4926,receives,2,2
4927,recipe,2,2
4928,recite,2,2
4929,recommendation,2,2
4930,recommending,2,2
4931,recovery,2,2
4932,recreation,2,2
4933,refine,2,2
4934,reflective,2,2
4935,refused,2,2
4936,registration,2,2
4937,regret,2,2
4938,relate,2,2
4939,relation,2,2
4940,relied,2,2
4941,relies,2,2
4942,remedies,2,2
4943,remembering,2,2
4944,reminding,2,2
4945,reminds,2,2
4946,remotely,2,2
4947,renders,2,2
4948,rental,2,2
4949,repayment,2,2
4950,repeated,2,2
4951,repeating,2,2
4952,reply,2,2
4953,representative,2,2
4954,represented,2,2
4955,representing,2,2
4956,resemble,2,2
4957,resembles,2,2
4958,reshaped,2,2
4959,resisting,2,2
4960,resort,2,2
4961,resourceful,2,2
4962,restrain,2,2
4963,restraints,2,2
4964,revealing,2,2
4965,revolutionize,2,2
4966,rewarded,2,2
4967,riches,2,2
4968,riding,2,2
4969,robbery,2,2
4970,roger,2,2
4971,rolled,2,2
4972,root,2,2
4973,roots,2,2
4974,routinely,2,2
4975,rubbing,2,2
4976,ruined,2,2
4977,russia,2,2
4978,samples,2,2
4979,san,2,2
4980,satisfying,2,2
4981,saved,2,2
4982,scanned,2,2
4983,scheme,2,2
4984,scholarships,2,2
4985,scope,2,2
4986,scratch,2,2
4987,seasons,2,2
4988,secondly,2,2
4989,sections,2,2
4990,sectors,2,2
4991,seeds,2,2
4992,sees,2,2
4993,senator,2,2
4994,sends,2,2
4995,sensory,2,2
4996,separated,2,2
4997,september,2,2
4998,serves,2,2
4999,session,2,2
5000,shake,2,2
5001,shaped,2,2
5002,sheets,2,2
5003,shining,2,2
5004,ship,2,2
5005,shortcomings,2,2
5006,shot,2,2
5007,shoulders,2,2
5008,siberia,2,2
5009,sided,2,2
5010,signaling,2,2
5011,signature,2,2
5012,significance,2,2
5013,singular,2,2
5014,slide,2,2
5015,slim,2,2
5016,slipped,2,2
5017,smartness,2,2
5018,smooth,2,2
5019,smoothly,2,2
5020,soil,2,2
5021,solely,2,2
5022,somebody,2,2
5023,song,2,2
5024,sooner,2,2
5025,sounding,2,2
5026,span,2,2
5027,spark,2,2
5028,sparkling,2,2
5029,speaker,2,2
5030,spite,2,2
5031,split,2,2
5032,splitting,2,2
5033,spotted,2,2
5034,squarely,2,2
5035,ss,2,2
5036,stanford,2,2
5037,stare,2,2
5038,steady,2,2
5039,steal,2,2
5040,stickers,2,2
5041,stimulating,2,2
5042,storm,2,2
5043,storytelling,2,2
5044,straight,2,2
5045,strained,2,2
5046,stranger,2,2
5047,strategic,2,2
5048,strengths,2,2
5049,stresses,2,2
5050,stressing,2,2
5051,striking,2,2
5052,stroke,2,2
5053,strongest,2,2
5054,succeeding,2,2
5055,sum,2,2
5056,sunday,2,2
5057,superstar,2,2
5058,superstars,2,2
5059,supervise,2,2
5060,supervised,2,2
5061,supervisors,2,2
5062,supposedly,2,2
5063,surf,2,2
5064,surrounding,2,2
5065,survived,2,2
5066,sustainably,2,2
5067,swallow,2,2
5068,sweat,2,2
5069,swim,2,2
5070,tackling,2,2
5071,tactics,2,2
5072,talented,2,2
5073,targeting,2,2
5074,taylor,2,2
5075,tea,2,2
5076,technical,2,2
5077,tedious,2,2
5078,telephone,2,2
5079,temporarily,2,2
5080,temporary,2,2
5081,tempted,2,2
5082,tendencies,2,2
5083,terminal,2,2
5084,thankfully,2,2
5085,theirs,2,2
5086,thirds,2,2
5087,thirst,2,2
5088,thoroughly,2,2
5089,threats,2,2
5090,tied,2,2
5091,tight,2,2
5092,tolerate,2,2
5093,tone,2,2
5094,tongue,2,2
5095,tower,2,2
5096,tracking,2,2
5097,trained,2,2
5098,trains,2,2
5099,transferable,2,2
5100,transformed,2,2
5101,transforming,2,2
5102,transparent,2,2
5103,trap,2,2
5104,trends,2,2
5105,trendy,2,2
5106,trigger,2,2
5107,triggered,2,2
5108,triple,2,2
5109,truck,2,2
5110,trusting,2,2
5111,trustworthy,2,2
5112,unconscious,2,2
5113,unconventional,2,2
5114,underlines,2,2
5115,understands,2,2
5116,unethically,2,2
5117,unfairly,2,2
5118,unfit,2,2
5119,unit,2,2
5120,unmanageable,2,2
5121,unnatural,2,2
5122,unpleasant,2,2
5123,unproductive,2,2
5124,unrelated,2,2
5125,unsuccessful,2,2
5126,unsure,2,2
5127,unusually,2,2
5128,upright,2,2
5129,ups,2,2
5130,urge,2,2
5131,urging,2,2
5132,usual,2,2
5133,utilize,2,2
5134,vacations,2,2
5135,valid,2,2
5136,varied,2,2
5137,varying,2,2
5138,version,2,2
5139,versus,2,2
5140,veteran,2,2
5141,videogames,2,2
5142,virtually,2,2
5143,visitor,2,2
5144,visitors,2,2
5145,visits,2,2
5146,visualize,2,2
5147,vote,2,2
5148,voted,2,2
5149,waist,2,2
5150,waitress,2,2
5151,walks,2,2
5152,wandered,2,2
5153,wandering,2,2
5154,warn,2,2
5155,wastes,2,2
5156,wasting,2,2
5157,watchers,2,2
5158,weakness,2,2
5159,wednesday,2,2
5160,weds,2,2
5161,weekly,2,2
5162,weighing,2,2
5163,weights,2,2
5164,weird,2,2
5165,wellness,2,2
5166,wheel,2,2
5167,whenever,2,2
5168,wherever,2,2
5169,wholly,2,2
5170,willingness,2,2
5171,wire,2,2
5172,wise,2,2
5173,witnessing,2,2
5174,wood,2,2
5175,workings,2,2
5176,worsening,2,2
5177,writers,2,2
5178,yield,2,2
5179,yielded,2,2
5180,youngsters,2,2
5181,lion,1,30
5182,bottled,1,22
5183,phantom,1,22
5184,gaming,1,19
5185,villa,1,19
5186,kelli,1,18
5187,opera,1,17
5188,cheese,1,16
5189,dance,1,16
5190,multitasking,1,16
5191,refugees,1,16
5192,rum,1,16
5193,evil,1,15
5194,grit,1,15
5195,keynes,1,15
5196,bilateral,1,14
5197,persuasion,1,14
5198,pandas,1,13
5199,ventura,1,13
5200,colour,1,12
5201,jimmy,1,12
5202,michelin,1,12
5203,fraudsters,1,11
5204,jeans,1,11
5205,anumeric,1,10
5206,ducks,1,10
5207,harding,1,10
5208,jake,1,10
5209,joe,1,10
5210,kate,1,10
5211,medal,1,10
5212,bride,1,9
5213,cacao,1,9
5214,dancing,1,9
5215,dioxide,1,9
5216,fibre,1,9
5217,parking,1,9
5218,paternity,1,9
5219,venture,1,9
5220,cotton,1,8
5221,deviance,1,8
5222,ford,1,8
5223,gamers,1,8
5224,ice,1,8
5225,inspiration,1,8
5226,losers,1,8
5227,pink,1,8
5228,quantitative,1,8
5229,skillman,1,8
5230,visa,1,8
5231,wfp,1,8
5232,chocolates,1,7
5233,dancer,1,7
5234,fructose,1,7
5235,hannah,1,7
5236,humm,1,7
5237,learner,1,7
5238,matous,1,7
5239,rivalry,1,7
5240,spacing,1,7
5241,sugars,1,7
5242,theatre,1,7
5243,amenities,1,6
5244,assistants,1,6
5245,bechtoldt,1,6
5246,branyas,1,6
5247,bubbles,1,6
5248,bundles,1,6
5249,camping,1,6
5250,clone,1,6
5251,compromise,1,6
5252,conservation,1,6
5253,contracts,1,6
5254,coursera,1,6
5255,deficiency,1,6
5256,duckworth,1,6
5257,eleven,1,6
5258,fishing,1,6
5259,foulkes,1,6
5260,frauds,1,6
5261,groom,1,6
5262,heating,1,6
5263,horse,1,6
5264,hyphenate,1,6
5265,joyce,1,6
5266,madison,1,6
5267,mars,1,6
5268,panda,1,6
5269,pasternak,1,6
5270,postal,1,6
5271,rem,1,6
5272,rivals,1,6
5273,roast,1,6
5274,seedlings,1,6
5275,takotna,1,6
5276,timing,1,6
5277,vegan,1,6
5278,villas,1,6
5279,volleyball,1,6
5280,absences,1,5
5281,alzheimer,1,5
5282,ants,1,5
5283,aquaculture,1,5
5284,ave,1,5
5285,client,1,5
5286,cloud,1,5
5287,cyclists,1,5
5288,dakota,1,5
5289,dam,1,5
5290,dancers,1,5
5291,distinctions,1,5
5292,dittoh,1,5
5293,doll,1,5
5294,dolphin,1,5
5295,duck,1,5
5296,farmed,1,5
5297,fashions,1,5
5298,fraud,1,5
5299,fuels,1,5
5300,greenland,1,5
5301,handers,1,5
5302,hero,1,5
5303,hershfield,1,5
5304,humble,1,5
5305,hyphenating,1,5
5306,hyphenation,1,5
5307,instinct,1,5
5308,kaios,1,5
5309,li,1,5
5310,listings,1,5
5311,mates,1,5
5312,meatless,1,5
5313,midcareer,1,5
5314,mr,1,5
5315,mums,1,5
5316,numberless,1,5
5317,o'keefe,1,5
5318,pies,1,5
5319,prickles,1,5
5320,recipes,1,5
5321,salaries,1,5
5322,schlenker,1,5
5323,scottishpower,1,5
5324,shakespeare,1,5
5325,siri,1,5
5326,stone,1,5
5327,subway,1,5
5328,superhero,1,5
5329,tariq,1,5
5330,teeth,1,5
5331,tipton,1,5
5332,volunteering,1,5
5333,wilbur,1,5
5334,abta,1,4
5335,airfares,1,4
5336,asmr,1,4
5337,bangalore,1,4
5338,bans,1,4
5339,barbecue,1,4
5340,bats,1,4
5341,binding,1,4
5342,bored,1,4
5343,broadcasting,1,4
5344,bubble,1,4
5345,buddy,1,4
5346,coca,1,4
5347,cola,1,4
5348,conditioning,1,4
5349,conswnption,1,4
5350,covid,1,4
5351,cruise,1,4
5352,domestic,1,4
5353,drawings,1,4
5354,earners,1,4
5355,ecclestone,1,4
5356,flaw,1,4
5357,fountains,1,4
5358,geese,1,4
5359,grandmother,1,4
5360,hourican,1,4
5361,humility,1,4
5362,indoor,1,4
5363,jan,1,4
5364,jarvis,1,4
5365,jax,1,4
5366,jeremy,1,4
5367,johnny,1,4
5368,kawamura,1,4
5369,kirsteen,1,4
5370,labelling,1,4
5371,lawrence,1,4
5372,layer,1,4
5373,lorry,1,4
5374,lunar,1,4
5375,lung,1,4
5376,lupu,1,4
5377,morera,1,4
5378,nobel,1,4
5379,numerical,1,4
5380,palmdor,1,4
5381,pipe,1,4
5382,pirson,1,4
5383,pools,1,4
5384,reciprocity,1,4
5385,resume,1,4
5386,rugby,1,4
5387,shrimp,1,4
5388,snacking,1,4
5389,stocks,1,4
5390,suppliers,1,4
5391,swiss,1,4
5392,throughput,1,4
5393,wheat,1,4
5394,yoga,1,4
5395,abraham,1,3
5396,abstraction,1,3
5397,acquaintance,1,3
5398,adaptive,1,3
5399,ageism,1,3
5400,alan,1,3
5401,alert,1,3
5402,anaerobic,1,3
5403,ankle,1,3
5404,apartments,1,3
5405,arabian,1,3
5406,artist,1,3
5407,ashore,1,3
5408,atlanta,1,3
5409,auditory,1,3
5410,badminton,1,3
5411,band,1,3
5412,beaches,1,3
5413,bombs,1,3
5414,bosses,1,3
5415,bradberry,1,3
5416,brother,1,3
5417,burger,1,3
5418,burying,1,3
5419,busyness,1,3
5420,buyers,1,3
5421,campers,1,3
5422,carolina,1,3
5423,castro,1,3
5424,chetan,1,3
5425,chinatown,1,3
5426,clint,1,3
5427,cloning,1,3
5428,codes,1,3
5429,computational,1,3
5430,cooler,1,3
5431,coronary,1,3
5432,corporations,1,3
5433,coughing,1,3
5434,crane,1,3
5435,cube,1,3
5436,cupboards,1,3
5437,dams,1,3
5438,dan,1,3
5439,daniel,1,3
5440,deaf,1,3
5441,deck,1,3
5442,delayed,1,3
5443,deviates,1,3
5444,diamonds,1,3
5445,dramatist,1,3
5446,drier,1,3
5447,dychtwald,1,3
5448,earthquakes,1,3
5449,egypt,1,3
5450,essays,1,3
5451,eve,1,3
5452,federation,1,3
5453,fencing,1,3
5454,finchley,1,3
5455,float,1,3
5456,fong,1,3
5457,fragmentation,1,3
5458,frequencies,1,3
5459,gardens,1,3
5460,george,1,3
5461,gig,1,3
5462,girlfriend,1,3
5463,goodman,1,3
5464,goto,1,3
5465,gps,1,3
5466,gratification,1,3
5467,hair,1,3
5468,handwriting,1,3
5469,harrington,1,3
5470,harris,1,3
5471,headteacher,1,3
5472,hill,1,3
5473,hydrogen,1,3
5474,idaho,1,3
5475,incentivize,1,3
5476,indiana,1,3
5477,inequality,1,3
5478,instructor,1,3
5479,instructors,1,3
5480,insulin,1,3
5481,jt,1,3
5482,judged,1,3
5483,juicing,1,3
5484,kanold,1,3
5485,karen,1,3
5486,kissing,1,3
5487,layout,1,3
5488,lechner,1,3
5489,lee,1,3
5490,lifestyles,1,3
5491,litre,1,3
5492,loser,1,3
5493,maiden,1,3
5494,manufacturer,1,3
5495,marine,1,3
5496,martian,1,3
5497,melting,1,3
5498,mexico,1,3
5499,miller,1,3
5500,monaco,1,3
5501,moocs,1,3
5502,morocco,1,3
5503,morrison,1,3
5504,motivates,1,3
5505,mountainous,1,3
5506,multitasker,1,3
5507,myriam,1,3
5508,nascar,1,3
5509,natives,1,3
5510,neighbors,1,3
5511,nerves,1,3
5512,nestle,1,3
5513,o'shaughnessy,1,3
5514,olive,1,3
5515,opponent,1,3
5516,orchestras,1,3
5517,packet,1,3
5518,pendry,1,3
5519,pension,1,3
5520,piano,1,3
5521,planners,1,3
5522,planting,1,3
5523,postings,1,3
5524,pressurised,1,3
5525,projected,1,3
5526,racial,1,3
5527,realm,1,3
5528,receptionist,1,3
5529,redesign,1,3
5530,reich,1,3
5531,retention,1,3
5532,reusable,1,3
5533,rideout,1,3
5534,ritman,1,3
5535,roasted,1,3
5536,ruiz,1,3
5537,scream,1,3
5538,seaside,1,3
5539,sensors,1,3
5540,sessions,1,3
5541,shapiro,1,3
5542,sheep,1,3
5543,shelters,1,3
5544,shirt,1,3
5545,sillero,1,3
5546,sizes,1,3
5547,smoke,1,3
5548,staffers,1,3
5549,stairs,1,3
5550,staples,1,3
5551,stole,1,3
5552,stratford,1,3
5553,strokes,1,3
5554,substances,1,3
5555,superiors,1,3
5556,surplus,1,3
5557,survival,1,3
5558,sweating,1,3
5559,symbolic,1,3
5560,tavern,1,3
5561,tents,1,3
5562,texting,1,3
5563,theatres,1,3
5564,therapy,1,3
5565,tinker,1,3
5566,traces,1,3
5567,treatments,1,3
5568,typing,1,3
5569,vendors,1,3
5570,violating,1,3
5571,volcanic,1,3
5572,walter,1,3
5573,warmer,1,3
5574,weaken,1,3
5575,wedding,1,3
5576,wilding,1,3
5577,yon,1,3
5578,abandonment,1,2
5579,abundant,1,2
5580,achievers,1,2
5581,acting,1,2
5582,activism,1,2
5583,adoption,1,2
5584,adopts,1,2
5585,adventure,1,2
5586,advisor,1,2
5587,aerobic,1,2
5588,ah,1,2
5589,aircraft,1,2
5590,airfare,1,2
5591,alarmingly,1,2
5592,alaska,1,2
5593,aloud,1,2
5594,alpha,1,2
5595,alternate,1,2
5596,amazonia,1,2
5597,ambulance,1,2
5598,amsterdam,1,2
5599,ant,1,2
5600,anti,1,2
5601,anymore,1,2
5602,apologized,1,2
5603,apology,1,2
5604,appreciation,1,2
5605,aquatic,1,2
5606,arab,1,2
5607,architects,1,2
5608,arctic,1,2
5609,arrival,1,2
5610,ashamed,1,2
5611,astronauts,1,2
5612,august,1,2
5613,authorised,1,2
5614,automakers,1,2
5615,bacteria,1,2
5616,baily,1,2
5617,barabasi,1,2
5618,barr,1,2
5619,barran,1,2
5620,barrie,1,2
5621,bases,1,2
5622,batteries,1,2
5623,battery,1,2
5624,battles,1,2
5625,battleships,1,2
5626,bearer,1,2
5627,beast,1,2
5628,beds,1,2
5629,bell,1,2
5630,biases,1,2
5631,billed,1,2
5632,bio,1,2
5633,biting,1,2
5634,bitten,1,2
5635,bitter,1,2
5636,blackboard,1,2
5637,blizzard,1,2
5638,bloom,1,2
5639,blueprints,1,2
5640,boat,1,2
5641,bob,1,2
5642,bobo,1,2
5643,bow,1,2
5644,boyfriend,1,2
5645,brick,1,2
5646,brigette,1,2
5647,brightest,1,2
5648,brown,1,2
5649,builders,1,2
5650,bullet,1,2
5651,burgers,1,2
5652,burned,1,2
5653,burnt,1,2
5654,bursa,1,2
5655,cable,1,2
5656,cages,1,2
5657,calculations,1,2
5658,camden,1,2
5659,campsites,1,2
5660,candidates,1,2
5661,candy,1,2
5662,carol,1,2
5663,carriage,1,2
5664,carriages,1,2
5665,categorization,1,2
5666,cents,1,2
5667,characterized,1,2
5668,charges,1,2
5669,charm,1,2
5670,checkup,1,2
5671,chefs,1,2
5672,chemicals,1,2
5673,christian,1,2
5674,circumstantial,1,2
5675,claps,1,2
5676,clark,1,2
5677,cleaver,1,2
5678,clemens,1,2
5679,clips,1,2
5680,clones,1,2
5681,closures,1,2
5682,coburn,1,2
5683,collaborated,1,2
5684,collaborating,1,2
5685,collapsed,1,2
5686,collective,1,2
5687,collectors,1,2
5688,cologne,1,2
5689,colours,1,2
5690,commerce,1,2
5691,committee,1,2
5692,communicators,1,2
5693,companion,1,2
5694,companions,1,2
5695,complaining,1,2
5696,comply,1,2
5697,conform,1,2
5698,connects,1,2
5699,contracted,1,2
5700,conversationalist,1,2
5701,cooper,1,2
5702,cooperative,1,2
5703,corrected,1,2
5704,cortex,1,2
5705,cough,1,2
5706,counsel,1,2
5707,coursework,1,2
5708,craft,1,2
5709,crawlers,1,2
5710,credits,1,2
5711,crises,1,2
5712,culinary,1,2
5713,cumber,1,2
5714,cupboard,1,2
5715,deadly,1,2
5716,decimal,1,2
5717,decimally,1,2
5718,decorate,1,2
5719,deed,1,2
5720,defects,1,2
5721,deficiencies,1,2
5722,defines,1,2
5723,definitive,1,2
5724,delaying,1,2
5725,dementia,1,2
5726,densely,1,2
5727,density,1,2
5728,denver,1,2
5729,desert,1,2
5730,desiring,1,2
5731,determination,1,2
5732,deutsche,1,2
5733,deviant,1,2
5734,deviating,1,2
5735,dfe,1,2
5736,dictate,1,2
5737,dictator,1,2
5738,diner,1,2
5739,disciplined,1,2
5740,disclosure,1,2
5741,disorganized,1,2
5742,distances,1,2
5743,distribute,1,2
5744,disturbing,1,2
5745,diversification,1,2
5746,diversified,1,2
5747,division,1,2
5748,doubts,1,2
5749,downtown,1,2
5750,dresses,1,2
5751,driverless,1,2
5752,drought,1,2
5753,dune,1,2
5754,durability,1,2
5755,durham,1,2
5756,eagerness,1,2
5757,eagles,1,2
5758,earl,1,2
5759,echo,1,2
5760,eco,1,2
5761,efficiencies,1,2
5762,efficiently,1,2
5763,elysia,1,2
5764,emission,1,2
5765,endanger,1,2
5766,engel,1,2
5767,entries,1,2
5768,environmentalists,1,2
5769,ethnic,1,2
5770,eulas,1,2
5771,exceptional,1,2
5772,expendable,1,2
5773,explorers,1,2
5774,expressive,1,2
5775,eynon,1,2
5776,fabrics,1,2
5777,factorial,1,2
5778,factories,1,2
5779,fade,1,2
5780,falcon,1,2
5781,famed,1,2
5782,farrant,1,2
5783,favoring,1,2
5784,favourite,1,2
5785,fda,1,2
5786,fictional,1,2
5787,fighters,1,2
5788,filmmakers,1,2
5789,finder,1,2
5790,firecrackers,1,2
5791,firsts,1,2
5792,flames,1,2
5793,florida,1,2
5794,flow,1,2
5795,flu,1,2
5796,fluid,1,2
5797,folder,1,2
5798,foodstuffs,1,2
5799,footing,1,2
5800,fordist,1,2
5801,formulas,1,2
5802,fortunate,1,2
5803,foster,1,2
5804,fraction,1,2
5805,frames,1,2
5806,frameworks,1,2
5807,framing,1,2
5808,francis,1,2
5809,freezing,1,2
5810,fukuda,1,2
5811,fulfil,1,2
5812,gamble,1,2
5813,gamer,1,2
5814,gardner,1,2
5815,garment,1,2
5816,generator,1,2
5817,geoffrey,1,2
5818,geometry,1,2
5819,gestures,1,2
5820,ginger,1,2
5821,goldilocks,1,2
5822,goldmine,1,2
5823,goods,1,2
5824,googled,1,2
5825,gown,1,2
5826,grabar,1,2
5827,graciously,1,2
5828,grandson,1,2
5829,grape,1,2
5830,greener,1,2
5831,greenhouses,1,2
5832,greenpeace,1,2
5833,hagy,1,2
5834,halfway,1,2
5835,handling,1,2
5836,haptics,1,2
5837,hardens,1,2
5838,hats,1,2
5839,hayes,1,2
5840,heartbroken,1,2
5841,hereditary,1,2
5842,heroes,1,2
5843,heroism,1,2
5844,highways,1,2
5845,hires,1,2
5846,hitchcock,1,2
5847,honorary,1,2
5848,horses,1,2
5849,houston,1,2
5850,hughes,1,2
5851,humor,1,2
5852,hurry,1,2
5853,hyphenated,1,2
5854,iditarod,1,2
5855,implicitly,1,2
5856,imports,1,2
5857,impulse,1,2
5858,impulsive,1,2
5859,inadequate,1,2
5860,inches,1,2
5861,inconsistent,1,2
5862,incorporates,1,2
5863,inducing,1,2
5864,insecurity,1,2
5865,insensible,1,2
5866,inspection,1,2
5867,inspires,1,2
5868,installment,1,2
5869,instrumental,1,2
5870,integrative,1,2
5871,integrity,1,2
5872,intellectual,1,2
5873,intensifies,1,2
5874,intently,1,2
5875,interpreter,1,2
5876,inuit,1,2
5877,invasive,1,2
5878,investigators,1,2
5879,ito,1,2
5880,jacksonville,1,2
5881,january,1,2
5882,jetblue,1,2
5883,jetlag,1,2
5884,joan,1,2
5885,josephson,1,2
5886,jpmorgan,1,2
5887,jungle,1,2
5888,karla,1,2
5889,kent,1,2
5890,keypad,1,2
5891,kills,1,2
5892,kilometer,1,2
5893,kowalczyk,1,2
5894,krivoy,1,2
5895,kullen,1,2
5896,lakeview,1,2
5897,lao,1,2
5898,lazy,1,2
5899,leagues,1,2
5900,legitimate,1,2
5901,lenhart,1,2
5902,liar,1,2
5903,liberty,1,2
5904,liebman,1,2
5905,lightning,1,2
5906,lined,1,2
5907,listing,1,2
5908,liters,1,2
5909,loaf,1,2
5910,logged,1,2
5911,longevity,1,2
5912,magazines,1,2
5913,mammals,1,2
5914,manipulating,1,2
5915,manipulative,1,2
5916,map,1,2
5917,marathon,1,2
5918,markowitz,1,2
5919,mask,1,2
5920,mathematics,1,2
5921,mathews,1,2
5922,matrixes,1,2
5923,medalist,1,2
5924,median,1,2
5925,melts,1,2
5926,memos,1,2
5927,merchants,1,2
5928,meteo,1,2
5929,methodist,1,2
5930,michigan,1,2
5931,midazolam,1,2
5932,migrant,1,2
5933,millers,1,2
5934,millionaire,1,2
5935,mindi,1,2
5936,miners,1,2
5937,misplaced,1,2
5938,miu,1,2
5939,mobility,1,2
5940,moen,1,2
5941,montreal,1,2
5942,morris,1,2
5943,morrissey,1,2
5944,motionless,1,2
5945,multi,1,2
5946,multinational,1,2
5947,muscle,1,2
5948,mythical,1,2
5949,nasa,1,2
5950,neate,1,2
5951,neighbour,1,2
5952,nests,1,2
5953,neurons,1,2
5954,newton,1,2
5955,nicola,1,2
5956,nobility,1,2
5957,nonverbal,1,2
5958,nordic,1,2
5959,norwalk,1,2
5960,nourishment,1,2
5961,observer,1,2
5962,obtain,1,2
5963,occupations,1,2
5964,odds,1,2
5965,okinawan,1,2
5966,olympics,1,2
5967,openly,1,2
5968,originals,1,2
5969,ornaments,1,2
5970,outliers,1,2
5971,outperforming,1,2
5972,outsider,1,2
5973,oven,1,2
5974,overachieving,1,2
5975,overpopulated,1,2
5976,overrated,1,2
5977,overrepresented,1,2
5978,overuse,1,2
5979,ozone,1,2
5980,packets,1,2
5981,palm,1,2
5982,parade,1,2
5983,parenthood,1,2
5984,parked,1,2
5985,parliament,1,2
5986,participating,1,2
5987,passively,1,2
5988,penalized,1,2
5989,pens,1,2
5990,pensioner,1,2
5991,pensions,1,2
5992,peoples,1,2
5993,petroleum,1,2
5994,physicist,1,2
5995,pine,1,2
5996,piraha,1,2
5997,played,1,2
5998,pm,1,2
5999,poet,1,2
6000,pointless,1,2
6001,pope,1,2
6002,possession,1,2
6003,potatoes,1,2
6004,praised,1,2
6005,prediction,1,2
6006,pregnancy,1,2
6007,prescribing,1,2
6008,pricey,1,2
6009,prioritized,1,2
6010,prisoner,1,2
6011,proclamation,1,2
6012,profitable,1,2
6013,promotional,1,2
6014,properties,1,2
6015,proteins,1,2
6016,proto,1,2
6017,publicity,1,2
6018,pubs,1,2
6019,pulling,1,2
6020,pumping,1,2
6021,punt,1,2
6022,purple,1,2
6023,puts,1,2
6024,quote,1,2
6025,racecourse,1,2
6026,rainforests,1,2
6027,raisman,1,2
6028,rank,1,2
6029,ranked,1,2
6030,rat,1,2
6031,re,1,2
6032,reactions,1,2
6033,rebecca,1,2
6034,rebelliousness,1,2
6035,recovered,1,2
6036,recyclable,1,2
6037,referring,1,2
6038,refresh,1,2
6039,refrigerated,1,2
6040,regrets,1,2
6041,regulating,1,2
6042,relatable,1,2
6043,relevance,1,2
6044,reliant,1,2
6045,relocated,1,2
6046,repainted,1,2
6047,repeatedly,1,2
6048,repetitive,1,2
6049,reproduction,1,2
6050,requiring,1,2
6051,resentment,1,2
6052,residences,1,2
6053,respecting,1,2
6054,resurrection,1,2
6055,revolution,1,2
6056,rhode,1,2
6057,rhythm,1,2
6058,ricci,1,2
6059,rice,1,2
6060,richest,1,2
6061,rijt,1,2
6062,ripe,1,2
6063,rises,1,2
6064,rivers,1,2
6065,roaster,1,2
6066,rome,1,2
6067,rooster,1,2
6068,roth,1,2
6069,roused,1,2
6070,royalty,1,2
6071,safeguards,1,2
6072,sandwich,1,2
6073,sayings,1,2
6074,scholars,1,2
6075,scholarship,1,2
6076,scooby,1,2
6077,scored,1,2
6078,seas,1,2
6079,seimon,1,2
6080,selfish,1,2
6081,semba,1,2
6082,seminar,1,2
6083,sensible,1,2
6084,settlement,1,2
6085,shuttle,1,2
6086,sibm,1,2
6087,sievenpiper,1,2
6088,silly,1,2
6089,singer,1,2
6090,sixth,1,2
6091,skateboarding,1,2
6092,skeletons,1,2
6093,sleeplessness,1,2
6094,slices,1,2
6095,slows,1,2
6096,soccer,1,2
6097,sociologist,1,2
6098,softball,1,2
6099,solidify,1,2
6100,solsman,1,2
6101,soybeans,1,2
6102,spaceflight,1,2
6103,spiritual,1,2
6104,sponsorship,1,2
6105,spreads,1,2
6106,starvation,1,2
6107,statistical,1,2
6108,steeplechases,1,2
6109,sterner,1,2
6110,stopover,1,2
6111,strengthening,1,2
6112,string,1,2
6113,sturgeon,1,2
6114,submitted,1,2
6115,substitutes,1,2
6116,subtle,1,2
6117,successes,1,2
6118,sue,1,2
6119,superintendent,1,2
6120,suspense,1,2
6121,swells,1,2
6122,switchers,1,2
6123,symphonic,1,2
6124,tactile,1,2
6125,tailgating,1,2
6126,tailored,1,2
6127,takeoff,1,2
6128,tamale,1,2
6129,taxpayers,1,2
6130,temptation,1,2
6131,teng,1,2
6132,tent,1,2
6133,thefts,1,2
6134,thunder,1,2
6135,timber,1,2
6136,toilet,1,2
6137,tokyo,1,2
6138,tolerant,1,2
6139,torture,1,2
6140,touchscreen,1,2
6141,towns,1,2
6142,tracks,1,2
6143,trail,1,2
6144,trailer,1,2
6145,trainer,1,2
6146,trainers,1,2
6147,transit,1,2
6148,treasures,1,2
6149,triumph,1,2
6150,turkeys,1,2
6151,tutoring,1,2
6152,twins,1,2
6153,tygielski,1,2
6154,udell,1,2
6155,undernourishment,1,2
6156,undesirable,1,2
6157,unfair,1,2
6158,uniqueness,1,2
6159,unspoiled,1,2
6160,upset,1,2
6161,validation,1,2
6162,variable,1,2
6163,versions,1,2
6164,vietnamese,1,2
6165,vulnerability,1,2
6166,warnings,1,2
6167,wars,1,2
6168,wasteful,1,2
6169,weakest,1,2
6170,weaving,1,2
6171,welch,1,2
6172,westwood,1,2
6173,wheelchairs,1,2
6174,wilderness,1,2
6175,willot,1,2
6176,winner,1,2
6177,withdraw,1,2
6178,woolley,1,2
6179,workbook,1,2
6180,workload,1,2
6181,workplaces,1,2
6182,worksheets,1,2
6183,workshops,1,2
6184,wow,1,2
6185,wrapping,1,2
6186,yen,1,2
6187,zealand,1,2
6188,zi,1,2
6189,zimbardo,1,2
6190,aaolescence,1,1
6191,abandoning,1,1
6192,abolish,1,1
6193,abolished,1,1
6194,abound,1,1
6195,abroad,1,1
6196,abruptly,1,1
6197,absenteeism,1,1
6198,absolute,1,1
6199,abstractly,1,1
6200,abstractness,1,1
6201,abstracts,1,1
6202,abusive,1,1
6203,accelerate,1,1
6204,accelerated,1,1
6205,accelerating,1,1
6206,accelerators,1,1
6207,accessed,1,1
6208,accidentally,1,1
6209,acclimatization,1,1
6210,accommodation,1,1
6211,accompanied,1,1
6212,accomplishing,1,1
6213,accomplishment,1,1
6214,accordingly,1,1
6215,accumulating,1,1
6216,accuracy,1,1
6217,accusations,1,1
6218,accustomed,1,1
6219,aclu,1,1
6220,acre,1,1
6221,activist,1,1
6222,activists,1,1
6223,actor,1,1
6224,actors,1,1
6225,actuality,1,1
6226,adaptations,1,1
6227,adapts,1,1
6228,addicts,1,1
6229,additives,1,1
6230,addressing,1,1
6231,adequately,1,1
6232,adjectives,1,1
6233,adjusting,1,1
6234,administer,1,1
6235,administrative,1,1
6236,administrators,1,1
6237,admirable,1,1
6238,admire,1,1
6239,admired,1,1
6240,admitting,1,1
6241,adolescents,1,1
6242,ads,1,1
6243,advancing,1,1
6244,adversely,1,1
6245,advertisers,1,1
6246,adviser,1,1
6247,advising,1,1
6248,advisors,1,1
6249,advocacy,1,1
6250,advocating,1,1
6251,afar,1,1
6252,afternoons,1,1
6253,ageing,1,1
6254,aggressively,1,1
6255,aggressiveness,1,1
6256,agrees,1,1
6257,ai,1,1
6258,aiming,1,1
6259,aintree,1,1
6260,aisle,1,1
6261,alarmed,1,1
6262,alarmist,1,1
6263,alarms,1,1
6264,albert,1,1
6265,alerted,1,1
6266,alerts,1,1
6267,alexa,1,1
6268,alfred,1,1
6269,ali,1,1
6270,altering,1,1
6271,altogether,1,1
6272,alvin,1,1
6273,amanda,1,1
6274,ambivalent,1,1
6275,americanization,1,1
6276,americanize,1,1
6277,americorps,1,1
6278,ample,1,1
6279,amplified,1,1
6280,amuse,1,1
6281,analyse,1,1
6282,analyze,1,1
6283,anat,1,1
6284,ancestor,1,1
6285,ancestral,1,1
6286,ancient,1,1
6287,andrew,1,1
6288,angela,1,1
6289,animation,1,1
6290,anna,1,1
6291,anne,1,1
6292,announcement,1,1
6293,announcements,1,1
6294,announcing,1,1
6295,annually,1,1
6296,anthony,1,1
6297,anticipating,1,1
6298,antioxidants,1,1
6299,anybody,1,1
6300,apologised,1,1
6301,apologize,1,1
6302,appealed,1,1
6303,appearances,1,1
6304,applaud,1,1
6305,applicability,1,1
6306,appointed,1,1
6307,appointment,1,1
6308,appointments,1,1
6309,appreciated,1,1
6310,approachable,1,1
6311,approaching,1,1
6312,appropriateness,1,1
6313,approve,1,1
6314,approximate,1,1
6315,aptitudes,1,1
6316,arbitrary,1,1
6317,architectural,1,1
6318,arithmetic,1,1
6319,arizona,1,1
6320,arm,1,1
6321,arnout,1,1
6322,aroused,1,1
6323,arousing,1,1
6324,arranged,1,1
6325,arrangement,1,1
6326,arrangements,1,1
6327,arranging,1,1
6328,arrests,1,1
6329,arteries,1,1
6330,artifacts,1,1
6331,artistic,1,1
6332,artistry,1,1
6333,asda,1,1
6334,aside,1,1
6335,asif,1,1
6336,assembly,1,1
6337,assertion,1,1
6338,assessed,1,1
6339,assets,1,1
6340,assigning,1,1
6341,assisted,1,1
6342,assisting,1,1
6343,associates,1,1
6344,associative,1,1
6345,assuming,1,1
6346,assure,1,1
6347,astonished,1,1
6348,astrid,1,1
6349,atria,1,1
6350,attacked,1,1
6351,attainments,1,1
6352,attempted,1,1
6353,attendance,1,1
6354,attends,1,1
6355,attentive,1,1
6356,attentively,1,1
6357,attracting,1,1
6358,attractions,1,1
6359,attributions,1,1
6360,attrition,1,1
6361,audrey,1,1
6362,austin,1,1
6363,authored,1,1
6364,auto,1,1
6365,automate,1,1
6366,automation,1,1
6367,automobile,1,1
6368,automotive,1,1
6369,avoidant,1,1
6370,avon,1,1
6371,awaken,1,1
6372,award,1,1
6373,awarders,1,1
6374,awarding,1,1
6375,aways,1,1
6376,awe,1,1
6377,awed,1,1
6378,awesome,1,1
6379,awful,1,1
6380,awkward,1,1
6381,ayelet,1,1
6382,bach,1,1
6383,bachelor,1,1
6384,backfired,1,1
6385,backroom,1,1
6386,backs,1,1
6387,backward,1,1
6388,backwards,1,1
6389,bacon,1,1
6390,badge,1,1
6391,badoiiing,1,1
6392,bag,1,1
6393,baggage,1,1
6394,bake,1,1
6395,baked,1,1
6396,baker,1,1
6397,bakers,1,1
6398,ballooned,1,1
6399,balls,1,1
6400,baltimore,1,1
6401,banana,1,1
6402,banded,1,1
6403,bands,1,1
6404,bang,1,1
6405,banking,1,1
6406,bankruptcy,1,1
6407,baptized,1,1
6408,baptizing,1,1
6409,barbara,1,1
6410,barbeque,1,1
6411,barclays,1,1
6412,bargaining,1,1
6413,baron,1,1
6414,baroness,1,1
6415,barrier,1,1
6416,bas,1,1
6417,basel,1,1
6418,basing,1,1
6419,bat,1,1
6420,battleground,1,1
6421,bbc,1,1
6422,bearing,1,1
6423,bed,1,1
6424,bedroom,1,1
6425,beer,1,1
6426,beforehand,1,1
6427,beg,1,1
6428,begging,1,1
6429,behaving,1,1
6430,behavioral,1,1
6431,belcher,1,1
6432,belgian,1,1
6433,belgium,1,1
6434,believable,1,1
6435,believer,1,1
6436,believing,1,1
6437,bellotti,1,1
6438,belonged,1,1
6439,belt,1,1
6440,ben,1,1
6441,benches,1,1
6442,bend,1,1
6443,bends,1,1
6444,bennett,1,1
6445,berkeley,1,1
6446,bernie,1,1
6447,berthold,1,1
6448,beside,1,1
6449,beskeptical,1,1
6450,betrayed,1,1
6451,beverage,1,1
6452,biased,1,1
6453,bible's,1,1
6454,bicycle,1,1
6455,bid,1,1
6456,biking,1,1
6457,billions,1,1
6458,bind,1,1
6459,biographical,1,1
6460,biologists,1,1
6461,biome,1,1
6462,biomedicine,1,1
6463,birdwatchers,1,1
6464,bites,1,1
6465,bits,1,1
6466,blackhall,1,1
6467,blackspot,1,1
6468,blamed,1,1
6469,blaming,1,1
6470,blankly,1,1
6471,blasters,1,1
6472,blessing,1,1
6473,blogs,1,1
6474,bloodstream,1,1
6475,blossomed,1,1
6476,blowback,1,1
6477,blues,1,1
6478,blurry,1,1
6479,boarding,1,1
6480,boardroom,1,1
6481,boards,1,1
6482,boast,1,1
6483,boasted,1,1
6484,boating,1,1
6485,boiled,1,1
6486,bond,1,1
6487,bonding,1,1
6488,bonnie,1,1
6489,bonuses,1,1
6490,bookings,1,1
6491,bookish,1,1
6492,booming,1,1
6493,boosters,1,1
6494,boosts,1,1
6495,bordering,1,1
6496,boringly,1,1
6497,borough,1,1
6498,borrowing,1,1
6499,bothered,1,1
6500,bothering,1,1
6501,bottlers,1,1
6502,bottling,1,1
6503,boundless,1,1
6504,brad,1,1
6505,brainpower,1,1
6506,brake,1,1
6507,brakes,1,1
6508,branding,1,1
6509,brave,1,1
6510,braved,1,1
6511,braving,1,1
6512,brazil,1,1
6513,breakdown,1,1
6514,breaking,1,1
6515,bred,1,1
6516,breeds,1,1
6517,brew,1,1
6518,brian,1,1
6519,brigham,1,1
6520,brightens,1,1
6521,brilliantly,1,1
6522,broaden,1,1
6523,brochures,1,1
6524,broker,1,1
6525,brooke,1,1
6526,brotherhood,1,1
6527,bubbly,1,1
6528,buck,1,1
6529,buildinn,1,1
6530,builds,1,1
6531,bulbs,1,1
6532,bumping,1,1
6533,bunch,1,1
6534,bunches,1,1
6535,bunting,1,1
6536,burdening,1,1
6537,burdensome,1,1
6538,bureaucracies,1,1
6539,buried,1,1
6540,bury,1,1
6541,bushfire,1,1
6542,businessman,1,1
6543,businesspeople,1,1
6544,businesswoman,1,1
6545,buys,1,1
6546,cadia,1,1
6547,cafe,1,1
6548,cake,1,1
6549,calculate,1,1
6550,calculating,1,1
6551,calculators,1,1
6552,calmer,1,1
6553,calming,1,1
6554,calmly,1,1
6555,calmness,1,1
6556,cambridge,1,1
6557,camera,1,1
6558,campaigner,1,1
6559,camps,1,1
6560,cancellation,1,1
6561,cancelling,1,1
6562,canteens,1,1
6563,capacities,1,1
6564,capital,1,1
6565,capitalism,1,1
6566,captain,1,1
6567,carbfix,1,1
6568,carbs,1,1
6569,caregivers,1,1
6570,carla,1,1
6571,carp,1,1
6572,cart,1,1
6573,cashier,1,1
6574,cast,1,1
6575,casuals,1,1
6576,catcher,1,1
6577,catchings,1,1
6578,categorize,1,1
6579,category,1,1
6580,catering,1,1
6581,catherine,1,1
6582,cattle,1,1
6583,causal,1,1
6584,cautiously,1,1
6585,cave,1,1
6586,caves,1,1
6587,celebrate,1,1
6588,cell,1,1
6589,centers,1,1
6590,centigrade,1,1
6591,ceo,1,1
6592,certification,1,1
6593,certifications,1,1
6594,chalk,1,1
6595,championship,1,1
6596,channel,1,1
6597,channeling,1,1
6598,chapters,1,1
6599,characterize,1,1
6600,characterizes,1,1
6601,charitable,1,1
6602,charles,1,1
6603,charmed,1,1
6604,chased,1,1
6605,chasing,1,1
6606,chau,1,1
6607,cheaters,1,1
6608,checklist,1,1
6609,checks,1,1
6610,checkups,1,1
6611,cheerful,1,1
6612,chef,1,1
6613,chemically,1,1
6614,chest,1,1
6615,chew,1,1
6616,chewing,1,1
6617,chicago,1,1
6618,childbirth,1,1
6619,childish,1,1
6620,chooses,1,1
6621,chorus,1,1
6622,chris,1,1
6623,christie,1,1
6624,christoph,1,1
6625,chronologically,1,1
6626,ciara,1,1
6627,cigarettes,1,1
6628,cindy,1,1
6629,circles,1,1
6630,citations,1,1
6631,cites,1,1
6632,cither,1,1
6633,civilian,1,1
6634,civilization,1,1
6635,civilized,1,1
6636,clarify,1,1
6637,clarity,1,1
6638,clash,1,1
6639,classic,1,1
6640,classics,1,1
6641,classification,1,1
6642,classifying,1,1
6643,claudio,1,1
6644,clauses,1,1
6645,cleaned,1,1
6646,cleaners,1,1
6647,cleanup,1,1
6648,clerk,1,1
6649,cleverness,1,1
6650,cliche,1,1
6651,clicking,1,1
6652,clicks,1,1
6653,climb,1,1
6654,climber,1,1
6655,climbing,1,1
6656,climbs,1,1
6657,clinic,1,1
6658,clinically,1,1
6659,cloggings,1,1
6660,cloth,1,1
6661,coastline,1,1
6662,coconuts,1,1
6663,coded,1,1
6664,coding,1,1
6665,coffey,1,1
6666,cognition,1,1
6667,cognitively,1,1
6668,cohesion,1,1
6669,cohesive,1,1
6670,collaborative,1,1
6671,collar,1,1
6672,colliery,1,1
6673,collision,1,1
6674,collisions,1,1
6675,colonies,1,1
6676,colonize,1,1
6677,coloring,1,1
6678,columbus,1,1
6679,columns,1,1
6680,com,1,1
6681,combating,1,1
6682,combinations,1,1
6683,combine,1,1
6684,combines,1,1
6685,combing,1,1
6686,comforts,1,1
6687,commenter,1,1
6688,commercially,1,1
6689,commission,1,1
6690,commissioned,1,1
6691,commonplace,1,1
6692,communicated,1,1
6693,commuted,1,1
6694,commuting,1,1
6695,compact,1,1
6696,comparatively,1,1
6697,compares,1,1
6698,compassion,1,1
6699,compelled,1,1
6700,compelling,1,1
6701,compels,1,1
6702,competence,1,1
6703,competing,1,1
6704,competitiveness,1,1
6705,competitor,1,1
6706,complaint,1,1
6707,completes,1,1
6708,compliance,1,1
6709,complication,1,1
6710,composing,1,1
6711,composition,1,1
6712,compositions,1,1
6713,compounds,1,1
6714,comprehensive,1,1
6715,comprising,1,1
6716,compulsive,1,1
6717,computed,1,1
6718,concentrating,1,1
6719,concentrations,1,1
6720,conceptually,1,1
6721,concert,1,1
6722,conclusive,1,1
6723,conclusively,1,1
6724,concord,1,1
6725,condemned,1,1
6726,confess,1,1
6727,confesses,1,1
6728,confessional,1,1
6729,confines,1,1
6730,confront,1,1
6731,confronted,1,1
6732,congressional,1,1
6733,connectedness,1,1
6734,connectivity,1,1
6735,conran,1,1
6736,conscience,1,1
6737,consciously,1,1
6738,conservative,1,1
6739,consisted,1,1
6740,consistency,1,1
6741,constrained,1,1
6742,construct,1,1
6743,consult,1,1
6744,consultants,1,1
6745,consultation,1,1
6746,conswned,1,1
6747,container,1,1
6748,contemporary,1,1
6749,contented,1,1
6750,contentment,1,1
6751,contents,1,1
6752,contexts,1,1
6753,contextualize,1,1
6754,continual,1,1
6755,continuation,1,1
6756,contrasts,1,1
6757,controls,1,1
6758,conveniently,1,1
6759,conversational,1,1
6760,convert,1,1
6761,converters,1,1
6762,converting,1,1
6763,conveying,1,1
6764,cookies,1,1
6765,cooks,1,1
6766,cooling,1,1
6767,cooperated,1,1
6768,cooperates,1,1
6769,cooperating,1,1
6770,cooperation,1,1
6771,coordinates,1,1
6772,coping,1,1
6773,copyright,1,1
6774,cornell,1,1
6775,corporation,1,1
6776,corps,1,1
6777,correcting,1,1
6778,correlates,1,1
6779,correspondirtg,1,1
6780,corruption,1,1
6781,cortana,1,1
6782,costing,1,1
6783,cote,1,1
6784,couches,1,1
6785,counseling,1,1
6786,counselling,1,1
6787,counselors,1,1
6788,counterproductive,1,1
6789,counters,1,1
6790,counting,1,1
6791,countless,1,1
6792,coupled,1,1
6793,couples,1,1
6794,coupons,1,1
6795,courage,1,1
6796,courageous,1,1
6797,courts,1,1
6798,cow,1,1
6799,cracked,1,1
6800,crakes,1,1
6801,crawls,1,1
6802,craze,1,1
6803,creatively,1,1
6804,creators,1,1
6805,credentials,1,1
6806,creeps,1,1
6807,crews,1,1
6808,criminology,1,1
6809,crippling,1,1
6810,crispr,1,1
6811,criterion,1,1
6812,criticized,1,1
6813,criticizing,1,1
6814,crocodiles,1,1
6815,croplands,1,1
6816,crossover,1,1
6817,crowding,1,1
6818,crucially,1,1
6819,crystal,1,1
6820,culled,1,1
6821,culling,1,1
6822,cultivation,1,1
6823,cups,1,1
6824,curbside,1,1
6825,curing,1,1
6826,curled,1,1
6827,curriculums,1,1
6828,curse,1,1
6829,cursed,1,1
6830,cursor,1,1
6831,custom,1,1
6832,cute,1,1
6833,cutoffs,1,1
6834,cuts,1,1
6835,cyber,1,1
6836,cylinder,1,1
6837,czech,1,1
6838,d'ivoire,1,1
6839,daddy,1,1
6840,dagbani,1,1
6841,damp,1,1
6842,dampens,1,1
6843,damper,1,1
6844,daring,1,1
6845,darkened,1,1
6846,dashun,1,1
6847,database,1,1
6848,databases,1,1
6849,dazzle,1,1
6850,deadlines,1,1
6851,dealings,1,1
6852,dealt,1,1
6853,dear,1,1
6854,dearest,1,1
6855,decay,1,1
6856,deceit,1,1
6857,decides,1,1
6858,declare,1,1
6859,decorated,1,1
6860,decorating,1,1
6861,decreases,1,1
6862,dedicate,1,1
6863,dedicating,1,1
6864,deemed,1,1
6865,deepen,1,1
6866,defeat,1,1
6867,defeating,1,1
6868,defence,1,1
6869,defend,1,1
6870,defensive,1,1
6871,deficit,1,1
6872,deficits,1,1
6873,defies,1,1
6874,defrauded,1,1
6875,defy,1,1
6876,dehumanizing,1,1
6877,delays,1,1
6878,deliberations,1,1
6879,delighted,1,1
6880,delightful,1,1
6881,deliveries,1,1
6882,demonstrates,1,1
6883,demonstrating,1,1
6884,demonstration,1,1
6885,denies,1,1
6886,denis,1,1
6887,denser,1,1
6888,dental,1,1
6889,depart,1,1
6890,departments,1,1
6891,departure,1,1
6892,depended,1,1
6893,deposited,1,1
6894,deprioritize,1,1
6895,deprive,1,1
6896,deputies,1,1
6897,deputy,1,1
6898,derek,1,1
6899,derive,1,1
6900,descend,1,1
6901,describes,1,1
6902,deserved,1,1
6903,deserves,1,1
6904,desirability,1,1
6905,despair,1,1
6906,dessert,1,1
6907,destructive,1,1
6908,detailed,1,1
6909,detailing,1,1
6910,detective,1,1
6911,deteriorate,1,1
6912,deteriorates,1,1
6913,developments,1,1
6914,deviate,1,1
6915,deviation,1,1
6916,diaf,1,1
6917,diameters,1,1
6918,diamond,1,1
6919,dies,1,1
6920,differed,1,1
6921,differing,1,1
6922,digested,1,1
6923,digestive,1,1
6924,diligence,1,1
6925,dim,1,1
6926,dimension,1,1
6927,dimensions,1,1
6928,dine,1,1
6929,diners,1,1
6930,dinners,1,1
6931,diploma,1,1
6932,dipping,1,1
6933,directv,1,1
6934,dirt,1,1
6935,disabilities,1,1
6936,disabled,1,1
6937,disagree,1,1
6938,disagrees,1,1
6939,disappearing,1,1
6940,disappears,1,1
6941,disappoint,1,1
6942,disappointing,1,1
6943,disappointment,1,1
6944,disappointments,1,1
6945,discarded,1,1
6946,disclosing,1,1
6947,disconnected,1,1
6948,disconnecting,1,1
6949,disconnects,1,1
6950,discourages,1,1
6951,discourse,1,1
6952,discriminate,1,1
6953,discriminated,1,1
6954,discriminating,1,1
6955,disempowering,1,1
6956,disgust,1,1
6957,disgusted,1,1
6958,dishonest,1,1
6959,dishwasher,1,1
6960,disliked,1,1
6961,dislikes,1,1
6962,dismissive,1,1
6963,displaying,1,1
6964,disposal,1,1
6965,disproportionate,1,1
6966,disproved,1,1
6967,disqualified,1,1
6968,disrespect,1,1
6969,disrupt,1,1
6970,disrupted,1,1
6971,disservice,1,1
6972,dissimilar,1,1
6973,distinction,1,1
6974,distinctive,1,1
6975,distinguishing,1,1
6976,distorts,1,1
6977,distract,1,1
6978,distracting,1,1
6979,distributing,1,1
6980,districts,1,1
6981,distrust,1,1
6982,ditch,1,1
6983,diversifying,1,1
6984,diving,1,1
6985,divisions,1,1
6986,dock,1,1
6987,document,1,1
6988,documentaries,1,1
6989,documents,1,1
6990,dollar,1,1
6991,domains,1,1
6992,domesticate,1,1
6993,dominant,1,1
6994,domino,1,1
6995,donald,1,1
6996,donating,1,1
6997,donna,1,1
6998,donor,1,1
6999,doo,1,1
7000,doorstep,1,1
7001,dormitory,1,1
7002,dotted,1,1
7003,doubles,1,1
7004,douglas,1,1
7005,dove,1,1
7006,downfalls,1,1
7007,downside,1,1
7008,downturn,1,1
7009,downward,1,1
7010,dozen,1,1
7011,drank,1,1
7012,dreamers,1,1
7013,dreamery,1,1
7014,dreamt,1,1
7015,drift,1,1
7016,drifting,1,1
7017,drove,1,1
7018,drown,1,1
7019,drucker,1,1
7020,drummers,1,1
7021,drums,1,1
7022,dryer,1,1
7023,dukinfield,1,1
7024,dulls,1,1
7025,duly,1,1
7026,dump,1,1
7027,durable,1,1
7028,dusk,1,1
7029,dust,1,1
7030,dutch,1,1
7031,duty,1,1
7032,dyes,1,1
7033,dynamics,1,1
7034,eagerly,1,1
7035,eagle,1,1
7036,earthquake,1,1
7037,eased,1,1
7038,easiest,1,1
7039,easing,1,1
7040,eaters,1,1
7041,echoed,1,1
7042,ecology,1,1
7043,economical,1,1
7044,ecosystem,1,1
7045,ecosystems,1,1
7046,ect,1,1
7047,eden,1,1
7048,edinburgh,1,1
7049,educating,1,1
7050,eff,1,1
7051,effectiveness,1,1
7052,effortlessly,1,1
7053,eftpos,1,1
7054,egyptians,1,1
7055,eightfold,1,1
7056,eighth,1,1
7057,eil,1,1
7058,elastic,1,1
7059,elder,1,1
7060,election,1,1
7061,electron,1,1
7062,elephants,1,1
7063,elevate,1,1
7064,elevated,1,1
7065,elevates,1,1
7066,elevators,1,1
7067,eliminates,1,1
7068,eliminating,1,1
7069,elimination,1,1
7070,elite,1,1
7071,elites,1,1
7072,elizabeth,1,1
7073,emailing,1,1
7074,embarrassment,1,1
7075,embodied,1,1
7076,embracing,1,1
7077,emerge,1,1
7078,emerged,1,1
7079,emergencies,1,1
7080,emergent,1,1
7081,emirates,1,1
7082,emit,1,1
7083,emits,1,1
7084,emitting,1,1
7085,emperor,1,1
7086,employed,1,1
7087,emptiness,1,1
7088,emptying,1,1
7089,enabler,1,1
7090,enclosure,1,1
7091,encountered,1,1
7092,encountering,1,1
7093,encouragement,1,1
7094,endangering,1,1
7095,endangers,1,1
7096,endeavor,1,1
7097,endeavours,1,1
7098,endlessly,1,1
7099,ends,1,1
7100,endurance,1,1
7101,energised,1,1
7102,enforce,1,1
7103,engagements,1,1
7104,engages,1,1
7105,engels,1,1
7106,enlarge,1,1
7107,enriched,1,1
7108,enrolhim,1,1
7109,enroll,1,1
7110,enrolling,1,1
7111,entered,1,1
7112,enters,1,1
7113,entertain,1,1
7114,entertaining,1,1
7115,enthusiast,1,1
7116,entrance,1,1
7117,entrepreneurial,1,1
7118,envy,1,1
7119,enzyme,1,1
7120,epitome,1,1
7121,equinox,1,1
7122,equip,1,1
7123,equitable,1,1
7124,er,1,1
7125,eras,1,1
7126,erase,1,1
7127,erases,1,1
7128,erasmus,1,1
7129,ere,1,1
7130,eri,1,1
7131,escapes,1,1
7132,escaping,1,1
7133,essence,1,1
7134,essentialism,1,1
7135,establishing,1,1
7136,ethic,1,1
7137,ethically,1,1
7138,ethos,1,1
7139,evaluations,1,1
7140,evan,1,1
7141,evenings,1,1
7142,evicted,1,1
7143,evidenced,1,1
7144,ex,1,1
7145,examination,1,1
7146,examines,1,1
7147,exceed,1,1
7148,exceeds,1,1
7149,exceptions,1,1
7150,exchanged,1,1
7151,excuse,1,1
7152,execute,1,1
7153,executing,1,1
7154,exemplify,1,1
7155,exerting,1,1
7156,exhaustion,1,1
7157,existential,1,1
7158,exit,1,1
7159,expanded,1,1
7160,expanding,1,1
7161,expands,1,1
7162,expects,1,1
7163,expenditure,1,1
7164,experimentation,1,1
7165,experimenter,1,1
7166,experimenting,1,1
7167,explaining,1,1
7168,explicit,1,1
7169,exploded,1,1
7170,exploit,1,1
7171,exploring,1,1
7172,exposes,1,1
7173,exposing,1,1
7174,expresses,1,1
7175,expressions,1,1
7176,expropriation,1,1
7177,extinguish,1,1
7178,extinguishing,1,1
7179,extracting,1,1
7180,extracurricular,1,1
7181,extraordinarily,1,1
7182,extras,1,1
7183,eyebrows,1,1
7184,eyesight,1,1
7185,fa,1,1
7186,fabrications,1,1
7187,facial,1,1
7188,facilitating,1,1
7189,facility,1,1
7190,factored,1,1
7191,factual,1,1
7192,faded,1,1
7193,fahrenheit,1,1
7194,fallowed,1,1
7195,falls,1,1
7196,familiarity,1,1
7197,famously,1,1
7198,fantastic,1,1
7199,fantasy,1,1
7200,fare,1,1
7201,fared,1,1
7202,farther,1,1
7203,fate,1,1
7204,fatigued,1,1
7205,fatter,1,1
7206,fatty,1,1
7207,favorably,1,1
7208,favors,1,1
7209,favoured,1,1
7210,featured,1,1
7211,featuring,1,1
7212,federally,1,1
7213,federici,1,1
7214,fellowships,1,1
7215,ferried,1,1
7216,ferris,1,1
7217,ferry,1,1
7218,fertiliser,1,1
7219,fetch,1,1
7220,ff,1,1
7221,ffi,1,1
7222,fiber,1,1
7223,fifth,1,1
7224,filed,1,1
7225,fillb,1,1
7226,filmed,1,1
7227,filter,1,1
7228,finders,1,1
7229,fined,1,1
7230,fines,1,1
7231,finger,1,1
7232,fires,1,1
7233,fireworks,1,1
7234,firing,1,1
7235,firmly,1,1
7236,firstly,1,1
7237,fishbach,1,1
7238,fittings,1,1
7239,fixation,1,1
7240,fixing,1,1
7241,fixture,1,1
7242,fj,1,1
7243,flashing,1,1
7244,flashy,1,1
7245,flavorists,1,1
7246,flavorless,1,1
7247,flavour,1,1
7248,flavoured,1,1
7249,flavouring,1,1
7250,flavours,1,1
7251,fled,1,1
7252,flee,1,1
7253,flesh,1,1
7254,flies,1,1
7255,flocking,1,1
7256,flocks,1,1
7257,flooded,1,1
7258,floods,1,1
7259,floorboards,1,1
7260,floors,1,1
7261,florence,1,1
7262,flourish,1,1
7263,flourishes,1,1
7264,flower,1,1
7265,flowing,1,1
7266,fluctuate,1,1
7267,fluctuated,1,1
7268,fluctuating,1,1
7269,fluent,1,1
7270,fluidly,1,1
7271,fo,1,1
7272,foil,1,1
7273,folk,1,1
7274,fonder,1,1
7275,fool,1,1
7276,forbid,1,1
7277,forecast,1,1
7278,forecasted,1,1
7279,forefathers,1,1
7280,forerunner,1,1
7281,foreseeing,1,1
7282,foresight,1,1
7283,forests,1,1
7284,foretelling,1,1
7285,forged,1,1
7286,forges,1,1
7287,forgetfulness,1,1
7288,forging,1,1
7289,forgive,1,1
7290,forgotten,1,1
7291,forks,1,1
7292,formats,1,1
7293,formica,1,1
7294,formulating,1,1
7295,forster,1,1
7296,fortunes,1,1
7297,fostering,1,1
7298,foxes,1,1
7299,fp,1,1
7300,fragmented,1,1
7301,fragmenting,1,1
7302,framed,1,1
7303,francesca,1,1
7304,frank,1,1
7305,frankfurt,1,1
7306,fraudster,1,1
7307,freelancer,1,1
7308,freelancers,1,1
7309,freelancing,1,1
7310,freemasons,1,1
7311,frees,1,1
7312,freeway,1,1
7313,freighter,1,1
7314,fresher,1,1
7315,freshmen,1,1
7316,freshness,1,1
7317,fridge,1,1
7318,fried,1,1
7319,frighten,1,1
7320,frontier,1,1
7321,fronts,1,1
7322,frozen,1,1
7323,fruitful,1,1
7324,fruition,1,1
7325,fuchs,1,1
7326,fundamentals,1,1
7327,funders,1,1
7328,furry,1,1
7329,gadgets,1,1
7330,gallery,1,1
7331,gameplay,1,1
7332,garages,1,1
7333,gardening,1,1
7334,garrel,1,1
7335,gateway,1,1
7336,gatherers,1,1
7337,gatherings,1,1
7338,gaylord,1,1
7339,gear,1,1
7340,geared,1,1
7341,generating,1,1
7342,generational,1,1
7343,geographical,1,1
7344,georgetown,1,1
7345,georgia,1,1
7346,ges,1,1
7347,gesturing,1,1
7348,gibb,1,1
7349,gifts,1,1
7350,gigantic,1,1
7351,gilbert,1,1
7352,giles,1,1
7353,gino,1,1
7354,giveaway,1,1
7355,glacial,1,1
7356,glancing,1,1
7357,glass,1,1
7358,glassdoor,1,1
7359,glasses,1,1
7360,glimpse,1,1
7361,globally,1,1
7362,glory,1,1
7363,glucose,1,1
7364,goat,1,1
7365,godfrey,1,1
7366,goodbye,1,1
7367,goodness,1,1
7368,google,1,1
7369,googling,1,1
7370,gorbals,1,1
7371,gorgeous,1,1
7372,gossip,1,1
7373,governed,1,1
7374,governments,1,1
7375,gracious,1,1
7376,graded,1,1
7377,gradual,1,1
7378,graduated,1,1
7379,graduates,1,1
7380,graduating,1,1
7381,grammar,1,1
7382,grammatical,1,1
7383,grandchildren,1,1
7384,graphic,1,1
7385,graphically,1,1
7386,graspable,1,1
7387,grasped,1,1
7388,grasping,1,1
7389,grass,1,1
7390,grasses,1,1
7391,grassland,1,1
7392,gravity,1,1
7393,greatness,1,1
7394,greenery,1,1
7395,greeted,1,1
7396,greeting,1,1
7397,greetings,1,1
7398,greg,1,1
7399,grid,1,1
7400,grinds,1,1
7401,gripping,1,1
7402,groundbreaking,1,1
7403,grounded,1,1
7404,growers,1,1
7405,guabuligah,1,1
7406,guaranteed,1,1
7407,guides,1,1
7408,guitar,1,1
7409,guns,1,1
7410,guys,1,1
7411,hackers,1,1
7412,hadfield,1,1
7413,hailed,1,1
7414,hajji,1,1
7415,hal,1,1
7416,halloween,1,1
7417,halted,1,1
7418,hamnet,1,1
7419,handbook,1,1
7420,handbrake,1,1
7421,handfuls,1,1
7422,handled,1,1
7423,handlers,1,1
7424,happily,1,1
7425,hardings,1,1
7426,hardware,1,1
7427,hardwired,1,1
7428,harford,1,1
7429,harley,1,1
7430,harmonies,1,1
7431,harmonious,1,1
7432,harmonise,1,1
7433,harper,1,1
7434,harshness,1,1
7435,hastily,1,1
7436,hathaway,1,1
7437,hatshepsut,1,1
7438,haul,1,1
7439,haunt,1,1
7440,haunting,1,1
7441,haunts,1,1
7442,hav,1,1
7443,haven,1,1
7444,hawaii,1,1
7445,hays,1,1
7446,hazard,1,1
7447,hazardous,1,1
7448,hazards,1,1
7449,haze,1,1
7450,hazier,1,1
7451,headaches,1,1
7452,headfirst,1,1
7453,heading,1,1
7454,healing,1,1
7455,healthiest,1,1
7456,healthily,1,1
7457,healy,1,1
7458,heartbreaking,1,1
7459,hearted,1,1
7460,heartwarming,1,1
7461,heatedly,1,1
7462,heather,1,1
7463,heats,1,1
7464,heatstroke,1,1
7465,heaven,1,1
7466,heavier,1,1
7467,heel,1,1
7468,heels,1,1
7469,helen,1,1
7470,helicopters,1,1
7471,hellisheidi,1,1
7472,helpless,1,1
7473,hemispherectomies,1,1
7474,hemispherectomy,1,1
7475,hence,1,1
7476,hens,1,1
7477,heroically,1,1
7478,hesitation,1,1
7479,hidenobu,1,1
7480,highlands,1,1
7481,highlights,1,1
7482,highs,1,1
7483,hindered,1,1
7484,hindrance,1,1
7485,hinting,1,1
7486,historian,1,1
7487,hobbyists,1,1
7488,hole,1,1
7489,holistic,1,1
7490,hollywood,1,1
7491,hom,1,1
7492,homebound,1,1
7493,homelands,1,1
7494,homemade,1,1
7495,homogeneity,1,1
7496,honorable,1,1
7497,honorably,1,1
7498,honoring,1,1
7499,honors,1,1
7500,honoured,1,1
7501,hoogstraten,1,1
7502,hook,1,1
7503,hooked,1,1
7504,hoped,1,1
7505,hopeful,1,1
7506,hoping,1,1
7507,hopkins,1,1
7508,horizons,1,1
7509,horrifying,1,1
7510,horror,1,1
7511,horticulture,1,1
7512,hospitality,1,1
7513,hospitalized,1,1
7514,hostess,1,1
7515,hostile,1,1
7516,hr,1,1
7517,hub,1,1
7518,huffington,1,1
7519,hugely,1,1
7520,hugging,1,1
7521,humanistic,1,1
7522,humorous,1,1
7523,hunch,1,1
7524,hung,1,1
7525,hunters,1,1
7526,hurricane,1,1
7527,hypnoidal,1,1
7528,hypothetical,1,1
7529,ibrahim,1,1
7530,ibtimately,1,1
7531,icy,1,1
7532,ideals,1,1
7533,identifiable,1,1
7534,identification,1,1
7535,idiom,1,1
7536,ieee,1,1
7537,ignorant,1,1
7538,ignores,1,1
7539,ijt,1,1
7540,ikjlj,1,1
7541,ilie,1,1
7542,illiterate,1,1
7543,illustration,1,1
7544,imaginations,1,1
7545,imagined,1,1
7546,imagining,1,1
7547,imitations,1,1
7548,immigrant,1,1
7549,immune,1,1
7550,immunity,1,1
7551,impacting,1,1
7552,impersonal,1,1
7553,implication,1,1
7554,implied,1,1
7555,impolite,1,1
7556,imported,1,1
7557,impracticable,1,1
7558,impress,1,1
7559,impresses,1,1
7560,impromptu,1,1
7561,inactive,1,1
7562,incapable,1,1
7563,inch,1,1
7564,incidents,1,1
7565,inclusive,1,1
7566,inconvenience,1,1
7567,incorrect,1,1
7568,indefinite,1,1
7569,indians,1,1
7570,indicating,1,1
7571,indifference,1,1
7572,indispensable,1,1
7573,indo,1,1
7574,induce,1,1
7575,industrialized,1,1
7576,industriousness,1,1
7577,inefficiencies,1,1
7578,inefficient,1,1
7579,inefficiently,1,1
7580,inevitably,1,1
7581,infected,1,1
7582,infinite,1,1
7583,inflexibility,1,1
7584,influencers,1,1
7585,influences,1,1
7586,informally,1,1
7587,informative,1,1
7588,infrequent,1,1
7589,inhabit,1,1
7590,inherent,1,1
7591,inherit,1,1
7592,inherited,1,1
7593,initially,1,1
7594,innermost,1,1
7595,innocence,1,1
7596,inquired,1,1
7597,inquiry,1,1
7598,insane,1,1
7599,insecurely,1,1
7600,inseparable,1,1
7601,insides,1,1
7602,insightful,1,1
7603,insignificant,1,1
7604,insisting,1,1
7605,insists,1,1
7606,inspections,1,1
7607,inspiring,1,1
7608,instinctively,1,1
7609,instinctual,1,1
7610,institutes,1,1
7611,institution,1,1
7612,instruments,1,1
7613,integral,1,1
7614,integrate,1,1
7615,intellectually,1,1
7616,intends,1,1
7617,intensely,1,1
7618,intensify,1,1
7619,intent,1,1
7620,intentional,1,1
7621,intentionally,1,1
7622,interacts,1,1
7623,interdisciplinary,1,1
7624,interface,1,1
7625,interfered,1,1
7626,internationally,1,1
7627,interns,1,1
7628,interpretation,1,1
7629,interrupted,1,1
7630,intervening,1,1
7631,interviewee,1,1
7632,interviewees,1,1
7633,interviewing,1,1
7634,intrinsic,1,1
7635,intrinsically,1,1
7636,introduces,1,1
7637,intrusion,1,1
7638,intrusive,1,1
7639,intuition,1,1
7640,intuitive,1,1
7641,invades,1,1
7642,invalid,1,1
7643,invaluable,1,1
7644,invariably,1,1
7645,invasion,1,1
7646,invent,1,1
7647,invented,1,1
7648,inventions,1,1
7649,inventive,1,1
7650,investigate,1,1
7651,investigations,1,1
7652,investigative,1,1
7653,investigator,1,1
7654,investor,1,1
7655,invitation,1,1
7656,invites,1,1
7657,involve,1,1
7658,involvement,1,1
7659,inward,1,1
7660,ioana,1,1
7661,iowa,1,1
7662,ip,1,1
7663,ipad,1,1
7664,iphone,1,1
7665,iphones,1,1
7666,iq,1,1
7667,ironically,1,1
7668,irony,1,1
7669,irregular,1,1
7670,irreplaceable,1,1
7671,irresistible,1,1
7672,irrigate,1,1
7673,irrigation,1,1
7674,irritating,1,1
7675,irving,1,1
7676,isn't,1,1
7677,issuing,1,1
7678,j'j,1,1
7679,jacket,1,1
7680,james,1,1
7681,janeiro,1,1
7682,janette,1,1
7683,jar,1,1
7684,jasper,1,1
7685,jazz,1,1
7686,jean,1,1
7687,jeff,1,1
7688,jennifer,1,1
7689,jenny,1,1
7690,jess,1,1
7691,jesse,1,1
7692,jessica,1,1
7693,jewelry,1,1
7694,jfr,1,1
7695,jill,1,1
7696,jjli,1,1
7697,joanna,1,1
7698,jodie,1,1
7699,johns,1,1
7700,jokes,1,1
7701,joking,1,1
7702,jonson,1,1
7703,jordan,1,1
7704,joshi,1,1
7705,journalists,1,1
7706,joyful,1,1
7707,judgement,1,1
7708,judgements,1,1
7709,judgments,1,1
7710,judith,1,1
7711,juiced,1,1
7712,jumped,1,1
7713,jumps,1,1
7714,jury,1,1
7715,justin,1,1
7716,kaitlin,1,1
7717,kampfner,1,1
7718,kantar,1,1
7719,karlin,1,1
7720,kat,1,1
7721,katharine,1,1
7722,katherine,1,1
7723,keith,1,1
7724,ken,1,1
7725,kennedy,1,1
7726,keyboard,1,1
7727,keywords,1,1
7728,khl,1,1
7729,kick,1,1
7730,kidding,1,1
7731,kidney,1,1
7732,kin,1,1
7733,kingdom,1,1
7734,kinks,1,1
7735,kinvara,1,1
7736,kit,1,1
7737,km,1,1
7738,knives,1,1
7739,knowingly,1,1
7740,knowledgeable,1,1
7741,korea,1,1
7742,kotaku,1,1
7743,krasnoyarsk,1,1
7744,kyoto,1,1
7745,labels,1,1
7746,laborers,1,1
7747,laborious,1,1
7748,lagged,1,1
7749,lagging,1,1
7750,laguardia,1,1
7751,laid,1,1
7752,lakes,1,1
7753,lamb,1,1
7754,lamborghini,1,1
7755,lamp,1,1
7756,landed,1,1
7757,landlady,1,1
7758,landline,1,1
7759,landowners,1,1
7760,lands,1,1
7761,langeoog,1,1
7762,laptops,1,1
7763,las,1,1
7764,laszlo,1,1
7765,lately,1,1
7766,lauder,1,1
7767,laughed,1,1
7768,laughing,1,1
7769,lawsuits,1,1
7770,laying,1,1
7771,layoff,1,1
7772,lb,1,1
7773,leaks,1,1
7774,learns,1,1
7775,leather,1,1
7776,lecturer,1,1
7777,legalese,1,1
7778,legalities,1,1
7779,legendary,1,1
7780,legislators,1,1
7781,legislature,1,1
7782,lemon,1,1
7783,lending,1,1
7784,lengths,1,1
7785,lent,1,1
7786,lesley,1,1
7787,lest,1,1
7788,letting,1,1
7789,leveled,1,1
7790,liam,1,1
7791,liang,1,1
7792,liberal,1,1
7793,liberating,1,1
7794,libraries,1,1
7795,licensed,1,1
7796,lifted,1,1
7797,lifts,1,1
7798,lighten,1,1
7799,lighter,1,1
7800,lighting,1,1
7801,lightly,1,1
7802,likability,1,1
7803,likeness,1,1
7804,lila,1,1
7805,lily,1,1
7806,lincoln,1,1
7807,lines,1,1
7808,linguist,1,1
7809,lip,1,1
7810,liquid,1,1
7811,lisa,1,1
7812,lit,1,1
7813,litres,1,1
7814,litter,1,1
7815,littered,1,1
7816,littering,1,1
7817,littlest,1,1
7818,livable,1,1
7819,livelier,1,1
7820,llp,1,1
7821,loading,1,1
7822,loads,1,1
7823,loaves,1,1
7824,lobbied,1,1
7825,localized,1,1
7826,lockdown,1,1
7827,lockhart,1,1
7828,locks,1,1
7829,lodged,1,1
7830,logging,1,1
7831,londoners,1,1
7832,loneliest,1,1
7833,longs,1,1
7834,loose,1,1
7835,loosen,1,1
7836,loosens,1,1
7837,loses,1,1
7838,loving,1,1
7839,lowering,1,1
7840,lq,1,1
7841,lucid,1,1
7842,lucinda,1,1
7843,lunsford,1,1
7844,luxuries,1,1
7845,luxurious,1,1
7846,lynch,1,1
7847,lynn,1,1
7848,macdonald,1,1
7849,machinery,1,1
7850,mad,1,1
7851,magan,1,1
7852,magnetic,1,1
7853,magnificent,1,1
7854,magnitudes,1,1
7855,maici,1,1
7856,mailed,1,1
7857,mailman,1,1
7858,maine,1,1
7859,mainland,1,1
7860,maintains,1,1
7861,maintenance,1,1
7862,majorca,1,1
7863,maker,1,1
7864,makeup,1,1
7865,malaysia,1,1
7866,malfunction,1,1
7867,malfunctioned,1,1
7868,mall,1,1
7869,mammal,1,1
7870,mammalian,1,1
7871,manageable,1,1
7872,managerial,1,1
7873,manchester,1,1
7874,manifest,1,1
7875,manipulate,1,1
7876,manipulates,1,1
7877,manly,1,1
7878,manufacture,1,1
7879,mapping,1,1
7880,maraboli,1,1
7881,marching,1,1
7882,margaret,1,1
7883,margined,1,1
7884,margins,1,1
7885,mario,1,1
7886,marketable,1,1
7887,marketplace,1,1
7888,marks,1,1
7889,marry,1,1
7890,marshal,1,1
7891,marshall,1,1
7892,martin,1,1
7893,marvelously,1,1
7894,marvels,1,1
7895,massively,1,1
7896,mastering,1,1
7897,mastery,1,1
7898,mate,1,1
7899,materialistically,1,1
7900,materially,1,1
7901,matures,1,1
7902,max,1,1
7903,maximizes,1,1
7904,maximizing,1,1
7905,maynard,1,1
7906,mayra,1,1
7907,mba,1,1
7908,mccain,1,1
7909,mcgill,1,1
7910,mckeown,1,1
7911,mckinsey,1,1
7912,meaningfully,1,1
7913,meantime,1,1
7914,measurable,1,1
7915,measurement,1,1
7916,measurements,1,1
7917,mechanisms,1,1
7918,medals,1,1
7919,medically,1,1
7920,medicare,1,1
7921,medications,1,1
7922,melodies,1,1
7923,membership,1,1
7924,memberships,1,1
7925,memorize,1,1
7926,mend,1,1
7927,mends,1,1
7928,meng,1,1
7929,mentoring,1,1
7930,menus,1,1
7931,merging,1,1
7932,meridian,1,1
7933,merrill,1,1
7934,mesopotamia,1,1
7935,messaging,1,1
7936,messed,1,1
7937,messes,1,1
7938,messiness,1,1
7939,meta,1,1
7940,metafilter,1,1
7941,metallic,1,1
7942,meter,1,1
7943,mia,1,1
7944,microsoft,1,1
7945,midair,1,1
7946,migration,1,1
7947,mild,1,1
7948,milestone,1,1
7949,mills,1,1
7950,milton,1,1
7951,mindful,1,1
7952,mindfulness,1,1
7953,minding,1,1
7954,mined,1,1
7955,mines,1,1
7956,mini,1,1
7957,minimise,1,1
7958,minimizing,1,1
7959,ministers,1,1
7960,minors,1,1
7961,miracles,1,1
7962,miraculously,1,1
7963,mirror,1,1
7964,miscalculated,1,1
7965,misconduct,1,1
7966,miserable,1,1
7967,misleads,1,1
7968,mississippi,1,1
7969,mistreating,1,1
7970,mistrust,1,1
7971,misused,1,1
7972,ml,1,1
7973,mobiles,1,1
7974,mode,1,1
7975,modeled,1,1
7976,modem,1,1
7977,moderation,1,1
7978,modernized,1,1
7979,modes,1,1
7980,modesty,1,1
7981,moist,1,1
7982,momentary,1,1
7983,mommy,1,1
7984,moms,1,1
7985,monique,1,1
7986,monitoring,1,1
7987,monsanto,1,1
7988,monument,1,1
7989,monza,1,1
7990,moods,1,1
7991,morale,1,1
7992,morality,1,1
7993,moreover,1,1
7994,moretti,1,1
7995,mornings,1,1
7996,motivations,1,1
7997,motorcycle,1,1
7998,motorsport,1,1
7999,motorsports,1,1
8000,mouse,1,1
8001,movable,1,1
8002,movements,1,1
8003,mud,1,1
8004,multibillion,1,1
8005,multidisciplinary,1,1
8006,multiplied,1,1
8007,multitask,1,1
8008,multitaskers,1,1
8009,multitude,1,1
8010,mum,1,1
8011,munduruku,1,1
8012,municipal,1,1
8013,municipalities,1,1
8014,murders,1,1
8015,murphy,1,1
8016,muscular,1,1
8017,musical,1,1
8018,mutual,1,1
8019,mysterious,1,1
8020,nader,1,1
8021,nagoya,1,1
8022,nakedly,1,1
8023,nameplates,1,1
8024,naohisa,1,1
8025,naps,1,1
8026,narrative,1,1
8027,nasa's,1,1
8028,nasty,1,1
8029,natley,1,1
8030,naturalness,1,1
8031,natured,1,1
8032,navigating,1,1
8033,nbc,1,1
8034,nee,1,1
8035,needy,1,1
8036,neglected,1,1
8037,neglecting,1,1
8038,negotiations,1,1
8039,neighbor,1,1
8040,neil,1,1
8041,netherlands,1,1
8042,networked,1,1
8043,neuroscience,1,1
8044,neuroscientists,1,1
8045,nevada,1,1
8046,newborns,1,1
8047,newer,1,1
8048,newfound,1,1
8049,nhs,1,1
8050,nian,1,1
8051,nicaragua,1,1
8052,nicer,1,1
8053,nicole,1,1
8054,nine,1,1
8055,noble,1,1
8056,nobles,1,1
8057,nod,1,1
8058,noel,1,1
8059,nonconventional,1,1
8060,nonjudgmental,1,1
8061,nonsense,1,1
8062,noor,1,1
8063,norfolk,1,1
8064,normality,1,1
8065,normalized,1,1
8066,northeastern,1,1
8067,northumbria,1,1
8068,northward,1,1
8069,nostalgia,1,1
8070,nosy,1,1
8071,notable,1,1
8072,noting,1,1
8073,notion,1,1
8074,nottingham,1,1
8075,nouns,1,1
8076,nourishing,1,1
8077,nova,1,1
8078,novelty,1,1
8079,nu,1,1
8080,nuance,1,1
8081,numeric,1,1
8082,nurse,1,1
8083,nurses,1,1
8084,nutritionally,1,1
8085,nutritionist,1,1
8086,nwnbers,1,1
8087,o'clock,1,1
8088,oatmeal,1,1
8089,oats,1,1
8090,obamacare,1,1
8091,object,1,1
8092,objectively,1,1
8093,objects,1,1
8094,obligations,1,1
8095,obligatory,1,1
8096,obliged,1,1
8097,observers,1,1
8098,obstacles,1,1
8099,occasion,1,1
8100,occasionally,1,1
8101,occupy,1,1
8102,occurrence,1,1
8103,occurrences,1,1
8104,ocean,1,1
8105,odd,1,1
8106,offences,1,1
8107,offend,1,1
8108,offended,1,1
8109,offenders,1,1
8110,offormg,1,1
8111,offset,1,1
8112,oily,1,1
8113,olympians,1,1
8114,omitted,1,1
8115,operas,1,1
8116,operated,1,1
8117,operates,1,1
8118,operator,1,1
8119,oppose,1,1
8120,opposition,1,1
8121,optimise,1,1
8122,optimistically,1,1
8123,optimization,1,1
8124,optimum,1,1
8125,orbit,1,1
8126,orchestra,1,1
8127,ordering,1,1
8128,orders,1,1
8129,ordinarily,1,1
8130,oregon,1,1
8131,organ,1,1
8132,organiser,1,1
8133,organising,1,1
8134,organisms,1,1
8135,organizer,1,1
8136,ormond,1,1
8137,osteoporosis,1,1
8138,otherexiteriments,1,1
8139,otltures,1,1
8140,ouarzazate,1,1
8141,ounce,1,1
8142,ours,1,1
8143,outages,1,1
8144,outbreaks,1,1
8145,outcompeting,1,1
8146,outdated,1,1
8147,outdo,1,1
8148,outfits,1,1
8149,outlets,1,1
8150,outnumber,1,1
8151,outscored,1,1
8152,outten,1,1
8153,outweighs,1,1
8154,overactive,1,1
8155,overcoming,1,1
8156,overconfident,1,1
8157,overestimated,1,1
8158,overfished,1,1
8159,overflowing,1,1
8160,overlapping,1,1
8161,overload,1,1
8162,overlook,1,1
8163,overlooks,1,1
8164,overprotect,1,1
8165,oversaw,1,1
8166,oversight,1,1
8167,overspending,1,1
8168,overthrown,1,1
8169,overtime,1,1
8170,overturned,1,1
8171,overusing,1,1
8172,overwatch,1,1
8173,overwhelm,1,1
8174,overwhelmingly,1,1
8175,owes,1,1
8176,owning,1,1
8177,pack,1,1
8178,padraic,1,1
8179,painful,1,1
8180,pains,1,1
8181,painstaking,1,1
8182,pairs,1,1
8183,pakistan,1,1
8184,palms,1,1
8185,panel,1,1
8186,pants,1,1
8187,paperbacks,1,1
8188,para,1,1
8189,parades,1,1
8190,paradox,1,1
8191,paradoxica,1,1
8192,parasitic,1,1
8193,parcel,1,1
8194,partial,1,1
8195,participant,1,1
8196,particles,1,1
8197,partnered,1,1
8198,partnering,1,1
8199,partnerships,1,1
8200,passa,1,1
8201,passenger,1,1
8202,passerby,1,1
8203,passes,1,1
8204,patches,1,1
8205,patricia,1,1
8206,patronage,1,1
8207,patterson,1,1
8208,paused,1,1
8209,pavement,1,1
8210,pe,1,1
8211,peacefully,1,1
8212,peake,1,1
8213,pearls,1,1
8214,pedro,1,1
8215,peep,1,1
8216,pence,1,1
8217,penetrates,1,1
8218,penny,1,1
8219,pepper,1,1
8220,pepsico,1,1
8221,perceives,1,1
8222,perceptive,1,1
8223,perfecting,1,1
8224,performances,1,1
8225,periodic,1,1
8226,permanence,1,1
8227,permit,1,1
8228,permits,1,1
8229,permitted,1,1
8230,persevere,1,1
8231,persevering,1,1
8232,persisted,1,1
8233,persists,1,1
8234,persuaded,1,1
8235,persuaders,1,1
8236,pests,1,1
8237,peterlee,1,1
8238,petrol,1,1
8239,petted,1,1
8240,phd,1,1
8241,philosopher,1,1
8242,photocopy,1,1
8243,photographers,1,1
8244,photon,1,1
8245,phrase,1,1
8246,phyllis,1,1
8247,pianists,1,1
8248,picked,1,1
8249,picky,1,1
8250,picnic,1,1
8251,picnics,1,1
8252,pierced,1,1
8253,pietro,1,1
8254,pilots,1,1
8255,pinker,1,1
8256,pinning,1,1
8257,pioneer,1,1
8258,pioneers,1,1
8259,piped,1,1
8260,pipeline,1,1
8261,pipers,1,1
8262,pitch,1,1
8263,pitching,1,1
8264,pkff,1,1
8265,placing,1,1
8266,plain,1,1
8267,plainly,1,1
8268,planes,1,1
8269,playfighting,1,1
8270,playroom,1,1
8271,pleased,1,1
8272,pleasing,1,1
8273,pledge,1,1
8274,plentiful,1,1
8275,plentifully,1,1
8276,plos,1,1
8277,plots,1,1
8278,plotting,1,1
8279,plug,1,1
8280,plugged,1,1
8281,poisoned,1,1
8282,poland,1,1
8283,policeman,1,1
8284,policemen,1,1
8285,polish,1,1
8286,polite,1,1
8287,poll,1,1
8288,polluting,1,1
8289,pool,1,1
8290,pooled,1,1
8291,popped,1,1
8292,popularize,1,1
8293,populated,1,1
8294,populations,1,1
8295,pore,1,1
8296,portal,1,1
8297,posing,1,1
8298,positioned,1,1
8299,positives,1,1
8300,positivity,1,1
8301,possessing,1,1
8302,postcode,1,1
8303,postdoctoral,1,1
8304,postmen,1,1
8305,postpone,1,1
8306,potshots,1,1
8307,powers,1,1
8308,practicality,1,1
8309,practiced,1,1
8310,practise,1,1
8311,practising,1,1
8312,practitioners,1,1
8313,pray,1,1
8314,pre,1,1
8315,preached,1,1
8316,preaching,1,1
8317,preceding,1,1
8318,precision,1,1
8319,predicting,1,1
8320,predictor,1,1
8321,predicts,1,1
8322,preferable,1,1
8323,prejudice,1,1
8324,prejudiced,1,1
8325,prekindergarten,1,1
8326,preparatory,1,1
8327,preparedness,1,1
8328,presbyterian,1,1
8329,prescribe,1,1
8330,prescribed,1,1
8331,prescribes,1,1
8332,prescription,1,1
8333,prescriptions,1,1
8334,presenter,1,1
8335,presents,1,1
8336,preservation,1,1
8337,preservatives,1,1
8338,presume,1,1
8339,prevalent,1,1
8340,priced,1,1
8341,print,1,1
8342,prioritise,1,1
8343,prioritization,1,1
8344,prioritizes,1,1
8345,prioritizing,1,1
8346,prism,1,1
8347,privatized,1,1
8348,privileged,1,1
8349,priyanka,1,1
8350,probed,1,1
8351,proceedings,1,1
8352,proceeds,1,1
8353,proclaimed,1,1
8354,professionalism,1,1
8355,professorship,1,1
8356,profile,1,1
8357,profoundly,1,1
8358,profoundness,1,1
8359,programmers,1,1
8360,programmes,1,1
8361,programming,1,1
8362,progression,1,1
8363,prohibited,1,1
8364,prohibitive,1,1
8365,prolonged,1,1
8366,prominent,1,1
8367,promises,1,1
8368,promoting,1,1
8369,promotions,1,1
8370,prompted,1,1
8371,prone,1,1
8372,pronounce,1,1
8373,pronunciations,1,1
8374,proposes,1,1
8375,proposition,1,1
8376,propulsion,1,1
8377,prose,1,1
8378,prospect,1,1
8379,prosper,1,1
8380,protest,1,1
8381,protests,1,1
8382,proverbial,1,1
8383,province,1,1
8384,provision,1,1
8385,provokes,1,1
8386,psychiatrist,1,1
8387,psychiatry,1,1
8388,pub,1,1
8389,publication,1,1
8390,publications,1,1
8391,publicized,1,1
8392,publish,1,1
8393,publishing,1,1
8394,pump,1,1
8395,punches,1,1
8396,punctually,1,1
8397,puppet,1,1
8398,pursued,1,1
8399,pursues,1,1
8400,pushback,1,1
8401,pushes,1,1
8402,pushy,1,1
8403,qingdao,1,1
8404,quaker,1,1
8405,qualify,1,1
8406,quantified,1,1
8407,queensland,1,1
8408,quentin,1,1
8409,quest,1,1
8410,queue,1,1
8411,quiz,1,1
8412,quotation,1,1
8413,racehorse,1,1
8414,racehorses,1,1
8415,racer,1,1
8416,rachel,1,1
8417,radically,1,1
8418,radiology,1,1
8419,radiotherapy,1,1
8420,rage,1,1
8421,raids,1,1
8422,railing,1,1
8423,rainfall,1,1
8424,rainforest,1,1
8425,raining,1,1
8426,rains,1,1
8427,rallied,1,1
8428,rallies,1,1
8429,rally,1,1
8430,ralph,1,1
8431,ranges,1,1
8432,ranking,1,1
8433,rapidity,1,1
8434,rapidly,1,1
8435,rarest,1,1
8436,rationalizations,1,1
8437,raw,1,1
8438,rays,1,1
8439,reaa,1,1
8440,reacts,1,1
8441,readiness,1,1
8442,realisation,1,1
8443,realistically,1,1
8444,realizations,1,1
8445,realizing,1,1
8446,realms,1,1
8447,reappear,1,1
8448,rear,1,1
8449,rearrange,1,1
8450,rearranged,1,1
8451,rearranging,1,1
8452,reasonably,1,1
8453,reasoned,1,1
8454,rebellion,1,1
8455,rebuilding,1,1
8456,rebuilt,1,1
8457,recalls,1,1
8458,recital,1,1
8459,reckless,1,1
8460,reckoning,1,1
8461,reckons,1,1
8462,recognising,1,1
8463,recollecting,1,1
8464,recollection,1,1
8465,reconnect,1,1
8466,reconsidered,1,1
8467,recording,1,1
8468,recordings,1,1
8469,recovering,1,1
8470,recycles,1,1
8471,redefine,1,1
8472,redirect,1,1
8473,redistribute,1,1
8474,reemployed,1,1
8475,reexamine,1,1
8476,ref,1,1
8477,refinement,1,1
8478,reflecting,1,1
8479,refrain,1,1
8480,reframe,1,1
8481,refreshingly,1,1
8482,refunded,1,1
8483,refusal,1,1
8484,refuses,1,1
8485,refusing,1,1
8486,regain,1,1
8487,regained,1,1
8488,regimented,1,1
8489,registers,1,1
8490,regretful,1,1
8491,regulators,1,1
8492,rehearsal,1,1
8493,reid,1,1
8494,reimagined,1,1
8495,reintroduced,1,1
8496,rejecting,1,1
8497,rejection,1,1
8498,relates,1,1
8499,relaxed,1,1
8500,reliance,1,1
8501,religious,1,1
8502,remainder,1,1
8503,remark,1,1
8504,remarkably,1,1
8505,remarked,1,1
8506,remarks,1,1
8507,remedying,1,1
8508,reminder,1,1
8509,reminders,1,1
8510,removes,1,1
8511,renegotiate,1,1
8512,renegotiated,1,1
8513,renovated,1,1
8514,rentals,1,1
8515,reorganizing,1,1
8516,repaired,1,1
8517,reparable,1,1
8518,repeat,1,1
8519,repetition,1,1
8520,replanting,1,1
8521,replicate,1,1
8522,reporter,1,1
8523,representation,1,1
8524,representations,1,1
8525,reprioritised,1,1
8526,reproduce,1,1
8527,reproduced,1,1
8528,reproductive,1,1
8529,republic,1,1
8530,reputations,1,1
8531,requested,1,1
8532,rescued,1,1
8533,rescuers,1,1
8534,rescues,1,1
8535,rescuing,1,1
8536,researches,1,1
8537,resembled,1,1
8538,resent,1,1
8539,reservation,1,1
8540,reserve,1,1
8541,reside,1,1
8542,residence,1,1
8543,residential,1,1
8544,resignation,1,1
8545,resiliencies,1,1
8546,resistant,1,1
8547,resold,1,1
8548,resolves,1,1
8549,resourced,1,1
8550,respectable,1,1
8551,responds,1,1
8552,responsibly,1,1
8553,restored,1,1
8554,restraint,1,1
8555,restrict,1,1
8556,restriction,1,1
8557,restrictive,1,1
8558,restructure,1,1
8559,rests,1,1
8560,resultant,1,1
8561,retailers,1,1
8562,retained,1,1
8563,retains,1,1
8564,rethink,1,1
8565,rethinking,1,1
8566,retirees,1,1
8567,retreat,1,1
8568,reunion,1,1
8569,reveals,1,1
8570,revelations,1,1
8571,revenues,1,1
8572,reverse,1,1
8573,reverses,1,1
8574,reviewed,1,1
8575,revisited,1,1
8576,revived,1,1
8577,revolutionized,1,1
8578,revolve,1,1
8579,revolving,1,1
8580,rewrapped,1,1
8581,reynoldstown,1,1
8582,ri,1,1
8583,ribbon,1,1
8584,ribbons,1,1
8585,ridicule,1,1
8586,ridiculous,1,1
8587,ridiculously,1,1
8588,righteous,1,1
8589,rightful,1,1
8590,rigid,1,1
8591,rigorous,1,1
8592,rio,1,1
8593,riots,1,1
8594,rip,1,1
8595,roadside,1,1
8596,roasters,1,1
8597,robbed,1,1
8598,robbing,1,1
8599,robi,1,1
8600,robinson,1,1
8601,robotics,1,1
8602,rochester,1,1
8603,rocket,1,1
8604,rocketed,1,1
8605,rockets,1,1
8606,rollout,1,1
8607,rom,1,1
8608,roma,1,1
8609,roommates,1,1
8610,roomy,1,1
8611,roosters,1,1
8612,rooted,1,1
8613,rooting,1,1
8614,rotondo,1,1
8615,rotterdam,1,1
8616,rough,1,1
8617,rounded,1,1
8618,rubbery,1,1
8619,rude,1,1
8620,ruining,1,1
8621,ruled,1,1
8622,ruling,1,1
8623,runway,1,1
8624,rust,1,1
8625,ryder,1,1
8626,sacrificing,1,1
8627,sadik,1,1
8628,sadly,1,1
8629,sadness,1,1
8630,safer,1,1
8631,sahara,1,1
8632,saharan,1,1
8633,sailing,1,1
8634,sake,1,1
8635,salad,1,1
8636,salads,1,1
8637,salas,1,1
8638,saleswoman,1,1
8639,saliva,1,1
8640,salmon,1,1
8641,sampling,1,1
8642,samuel,1,1
8643,sanders,1,1
8644,sanity,1,1
8645,santa,1,1
8646,sara,1,1
8647,sarah,1,1
8648,sasha,1,1
8649,satellite,1,1
8650,satisfies,1,1
8651,saturated,1,1
8652,sauce,1,1
8653,sauces,1,1
8654,savanna,1,1
8655,scan,1,1
8656,scarcer,1,1
8657,scarcity,1,1
8658,scars,1,1
8659,scatter,1,1
8660,scenarios,1,1
8661,scenery,1,1
8662,scenes,1,1
8663,scenic,1,1
8664,schengen,1,1
8665,scholarly,1,1
8666,schoolboys,1,1
8667,schoolgirls,1,1
8668,schoolwork,1,1
8669,scientifically,1,1
8670,scorned,1,1
8671,scott,1,1
8672,scottish,1,1
8673,scrabble,1,1
8674,scratching,1,1
8675,screaming,1,1
8676,screw,1,1
8677,seafood,1,1
8678,seafoods,1,1
8679,seafront,1,1
8680,sealed,1,1
8681,sean,1,1
8682,searched,1,1
8683,searches,1,1
8684,seasonally,1,1
8685,seated,1,1
8686,seaweeds,1,1
8687,secretaries,1,1
8688,secretary,1,1
8689,securely,1,1
8690,sedative,1,1
8691,seed,1,1
8692,seeks,1,1
8693,seeming,1,1
8694,segment,1,1
8695,selections,1,1
8696,selectively,1,1
8697,sensed,1,1
8698,sentence,1,1
8699,seop,1,1
8700,separation,1,1
8701,sequentially,1,1
8702,servings,1,1
8703,settled,1,1
8704,settling,1,1
8705,seventies,1,1
8706,sew,1,1
8707,sex,1,1
8708,sexes,1,1
8709,shaking,1,1
8710,shame,1,1
8711,shameful,1,1
8712,shandong,1,1
8713,shares,1,1
8714,sharpened,1,1
8715,shelter,1,1
8716,shelve,1,1
8717,shelves,1,1
8718,shenzhen,1,1
8719,sherry,1,1
8720,shifts,1,1
8721,shippensburg,1,1
8722,shirts,1,1
8723,shit,1,1
8724,shockingly,1,1
8725,shootings,1,1
8726,shoreditch,1,1
8727,shorten,1,1
8728,shortlisted,1,1
8729,shortsighted,1,1
8730,shoulder,1,1
8731,shouted,1,1
8732,shouting,1,1
8733,showering,1,1
8734,shrink,1,1
8735,shrinks,1,1
8736,shrug,1,1
8737,shutting,1,1
8738,sickest,1,1
8739,sickness,1,1
8740,sighted,1,1
8741,sights,1,1
8742,sightseeing,1,1
8743,signing,1,1
8744,silent,1,1
8745,silicon,1,1
8746,silicone,1,1
8747,silverstone,1,1
8748,silvia,1,1
8749,similarity,1,1
8750,simpler,1,1
8751,simulation,1,1
8752,simulator,1,1
8753,simultaneously,1,1
8754,simvastatin,1,1
8755,sincere,1,1
8756,singapore,1,1
8757,sink,1,1
8758,sir,1,1
8759,sisters,1,1
8760,sits,1,1
8761,sizable,1,1
8762,sized,1,1
8763,skillful,1,1
8764,skillfully,1,1
8765,skins,1,1
8766,skip,1,1
8767,sky,1,1
8768,skyrocket,1,1
8769,skyrocketing,1,1
8770,slap,1,1
8771,slapped,1,1
8772,slapping,1,1
8773,slate,1,1
8774,slept,1,1
8775,slideshow,1,1
8776,slight,1,1
8777,slimmest,1,1
8778,slip,1,1
8779,slipping,1,1
8780,slowdowns,1,1
8781,slowed,1,1
8782,slums,1,1
8783,smallest,1,1
8784,smile,1,1
8785,smithfield,1,1
8786,smoking,1,1
8787,snakeskin,1,1
8788,snap,1,1
8789,snapchat,1,1
8790,snapshots,1,1
8791,snobby,1,1
8792,snowball,1,1
8793,snowboarding,1,1
8794,snowfall,1,1
8795,snowfalls,1,1
8796,snowman,1,1
8797,snows,1,1
8798,soaking,1,1
8799,soaring,1,1
8800,socialising,1,1
8801,socialized,1,1
8802,socioeconomically,1,1
8803,sociological,1,1
8804,sodastream,1,1
8805,sodium,1,1
8806,soften,1,1
8807,softens,1,1
8808,soldier,1,1
8809,solemn,1,1
8810,solver,1,1
8811,solvers,1,1
8812,someday,1,1
8813,somehow,1,1
8814,sometime,1,1
8815,sony,1,1
8816,sophie,1,1
8817,sorrentino,1,1
8818,soul,1,1
8819,soulful,1,1
8820,sourced,1,1
8821,southwest,1,1
8822,souvenirs,1,1
8823,sow,1,1
8824,soybean,1,1
8825,spacc,1,1
8826,spaceship,1,1
8827,spacex,1,1
8828,spaghetti,1,1
8829,spared,1,1
8830,spatial,1,1
8831,specialized,1,1
8832,specially,1,1
8833,specimens,1,1
8834,speculate,1,1
8835,speculated,1,1
8836,sped,1,1
8837,speeches,1,1
8838,speeding,1,1
8839,sphere,1,1
8840,spheres,1,1
8841,spicy,1,1
8842,spied,1,1
8843,spilled,1,1
8844,spoil,1,1
8845,spoilage,1,1
8846,spoiled,1,1
8847,spokeswoman,1,1
8848,sponsor,1,1
8849,spoon,1,1
8850,sportsman,1,1
8851,spreading,1,1
8852,spreadsheet,1,1
8853,springing,1,1
8854,sprung,1,1
8855,spur,1,1
8856,spurs,1,1
8857,stages,1,1
8858,stain,1,1
8859,staircase,1,1
8860,staircases,1,1
8861,stakes,1,1
8862,standardisation,1,1
8863,standardization,1,1
8864,standpoint,1,1
8865,staple,1,1
8866,staring,1,1
8867,starlets,1,1
8868,starters,1,1
8869,startup,1,1
8870,starving,1,1
8871,stating,1,1
8872,stations,1,1
8873,statutory,1,1
8874,steadily,1,1
8875,stealing,1,1
8876,steam,1,1
8877,steel,1,1
8878,steep,1,1
8879,stemming,1,1
8880,stephens,1,1
8881,stepping,1,1
8882,stereotypes,1,1
8883,sticks,1,1
8884,stiffer,1,1
8885,stigma,1,1
8886,stimulated,1,1
8887,stimulation,1,1
8888,sting,1,1
8889,stir,1,1
8890,stirring,1,1
8891,stocked,1,1
8892,stomach,1,1
8893,stoneville,1,1
8894,stood,1,1
8895,stools,1,1
8896,stopping,1,1
8897,stops,1,1
8898,storeowners,1,1
8899,storing,1,1
8900,storyline,1,1
8901,straightaway,1,1
8902,straining,1,1
8903,straws,1,1
8904,straying,1,1
8905,stream,1,1
8906,streetsblog,1,1
8907,streetview,1,1
8908,strengthens,1,1
8909,stretches,1,1
8910,stricken,1,1
8911,stricter,1,1
8912,strikingly,1,1
8913,stringing,1,1
8914,strings,1,1
8915,strip,1,1
8916,striving,1,1
8917,strung,1,1
8918,stubbornness,1,1
8919,stuffy,1,1
8920,stupid,1,1
8921,submitting,1,1
8922,subsidies,1,1
8923,subsidized,1,1
8924,substantially,1,1
8925,suburb,1,1
8926,suburban,1,1
8927,succeeded,1,1
8928,successively,1,1
8929,successor,1,1
8930,suck,1,1
8931,sucked,1,1
8932,sufferers,1,1
8933,sufficiently,1,1
8934,suits,1,1
8935,summarize,1,1
8936,summary,1,1
8937,sunlight,1,1
8938,superhuman,1,1
8939,superintendents,1,1
8940,supermom,1,1
8941,supervisor,1,1
8942,supplement,1,1
8943,supplemental,1,1
8944,supplements,1,1
8945,supplied,1,1
8946,supplying,1,1
8947,suppress,1,1
8948,surpassed,1,1
8949,surrey,1,1
8950,survives,1,1
8951,surviving,1,1
8952,suspended,1,1
8953,sustainability,1,1
8954,sustains,1,1
8955,suv,1,1
8956,swarm,1,1
8957,sway,1,1
8958,swear,1,1
8959,swears,1,1
8960,sweets,1,1
8961,swift,1,1
8962,swiftly,1,1
8963,switching,1,1
8964,sydenham,1,1
8965,sydney,1,1
8966,symbol,1,1
8967,symbolically,1,1
8968,symbolizes,1,1
8969,symbols,1,1
8970,sympathetic,1,1
8971,sympathize,1,1
8972,sympathizes,1,1
8973,synthetic,1,1
8974,systematically,1,1
8975,tables,1,1
8976,tablet,1,1
8977,taboo,1,1
8978,tackles,1,1
8979,tacks,1,1
8980,tail,1,1
8981,takashi,1,1
8982,takato,1,1
8983,talentsmart,1,1
8984,talks,1,1
8985,tanks,1,1
8986,tapping,1,1
8987,tarah,1,1
8988,tarod,1,1
8989,tasted,1,1
8990,taxation,1,1
8991,taxing,1,1
8992,tear,1,1
8993,tearful,1,1
8994,tearing,1,1
8995,technically,1,1
8996,techniques,1,1
8997,technologically,1,1
8998,teenager,1,1
8999,telephones,1,1
9000,televisions,1,1
9001,telstra,1,1
9002,temper,1,1
9003,tempered,1,1
9004,tempers,1,1
9005,tending,1,1
9006,tens,1,1
9007,tension,1,1
9008,tenth,1,1
9009,tenths,1,1
9010,termed,1,1
9011,terminology,1,1
9012,terribly,1,1
9013,terrific,1,1
9014,terrorize,1,1
9015,terrorizing,1,1
9016,textbook,1,1
9017,texted,1,1
9018,texters,1,1
9019,textile,1,1
9020,texture,1,1
9021,theft,1,1
9022,themes,1,1
9023,theoretical,1,1
9024,theories,1,1
9025,thep,1,1
9026,therapies,1,1
9027,therapist,1,1
9028,there's,1,1
9029,thick,1,1
9030,thickening,1,1
9031,thief,1,1
9032,thieving,1,1
9033,thin,1,1
9034,thinkers,1,1
9035,thinner,1,1
9036,thinnest,1,1
9037,thirdly,1,1
9038,thompson,1,1
9039,thorough,1,1
9040,thoughtful,1,1
9041,thread,1,1
9042,threefold,1,1
9043,threw,1,1
9044,thriving,1,1
9045,thrown,1,1
9046,thumbed,1,1
9047,thumby,1,1
9048,thumping,1,1
9049,thundersnow,1,1
9050,tide,1,1
9051,tier,1,1
9052,tigers,1,1
9053,tighten,1,1
9054,timidity,1,1
9055,tinkerers,1,1
9056,tinkering,1,1
9057,tip,1,1
9058,tipping,1,1
9059,tips,1,1
9060,tissues,1,1
9061,titles,1,1
9062,tj,1,1
9063,tliem,1,1
9064,tmnkers,1,1
9065,toa,1,1
9066,toast,1,1
9067,todd,1,1
9068,toilets,1,1
9069,tolerable,1,1
9070,tolerance,1,1
9071,toni,1,1
9072,tonight,1,1
9073,tonne,1,1
9074,tony,1,1
9075,toronto,1,1
9076,totals,1,1
9077,touched,1,1
9078,touches,1,1
9079,toughness,1,1
9080,tourism,1,1
9081,tourist,1,1
9082,tournament,1,1
9083,tours,1,1
9084,toyota,1,1
9085,traced,1,1
9086,tracker,1,1
9087,trader,1,1
9088,traditionalists,1,1
9089,tragic,1,1
9090,trammg,1,1
9091,trance,1,1
9092,transcribed,1,1
9093,transferred,1,1
9094,transferring,1,1
9095,transformative,1,1
9096,transitioning,1,1
9097,translates,1,1
9098,translations,1,1
9099,transmitted,1,1
9100,transplant,1,1
9101,transporting,1,1
9102,trauma,1,1
9103,travels,1,1
9104,travis,1,1
9105,treasure,1,1
9106,treasured,1,1
9107,tremendously,1,1
9108,trial,1,1
9109,trials,1,1
9110,triangular,1,1
9111,trifle,1,1
9112,triggers,1,1
9113,trite,1,1
9114,tropical,1,1
9115,troublesome,1,1
9116,trousers,1,1
9117,trumps,1,1
9118,trustee,1,1
9119,trusts,1,1
9120,truthful,1,1
9121,ttr,1,1
9122,tucson,1,1
9123,tum,1,1
9124,tumour,1,1
9125,tune,1,1
9126,tuned,1,1
9127,tunnel,1,1
9128,turkey,1,1
9129,turnover,1,1
9130,twisted,1,1
9131,twisting,1,1
9132,twists,1,1
9133,twitter,1,1
9134,two,1,1
9135,tying,1,1
9136,ucla,1,1
9137,udemy,1,1
9138,unaffected,1,1
9139,unalterable,1,1
9140,unattainable,1,1
9141,unattractive,1,1
9142,unauthorised,1,1
9143,unavailable,1,1
9144,unavoidable,1,1
9145,unbelievable,1,1
9146,unbelievably,1,1
9147,unbiased,1,1
9148,unchangeable,1,1
9149,uncle,1,1
9150,unconditionally,1,1
9151,uncontrollable,1,1
9152,uncovered,1,1
9153,undamaged,1,1
9154,underestimates,1,1
9155,undergoing,1,1
9156,underhill,1,1
9157,underlies,1,1
9158,undermine,1,1
9159,undermined,1,1
9160,undermines,1,1
9161,undermining,1,1
9162,underneath,1,1
9163,undernutrition,1,1
9164,underpaid,1,1
9165,underprivileged,1,1
9166,underserved,1,1
9167,underused,1,1
9168,undervalue,1,1
9169,underwent,1,1
9170,undoubtedly,1,1
9171,uneasy,1,1
9172,unedited,1,1
9173,unexpectedly,1,1
9174,unfamiliar,1,1
9175,unforgiving,1,1
9176,unfounded,1,1
9177,unfriendly,1,1
9178,unfruitful,1,1
9179,unhealed,1,1
9180,unhelpful,1,1
9181,uniformly,1,1
9182,unifying,1,1
9183,uninhabitable,1,1
9184,unintended,1,1
9185,uniting,1,1
9186,universe,1,1
9187,unjustifiable,1,1
9188,unknowingly,1,1
9189,unlimited,1,1
9190,unlovely,1,1
9191,unmarried,1,1
9192,unmask,1,1
9193,unmatched,1,1
9194,unmotivated,1,1
9195,unnamed,1,1
9196,unobservable,1,1
9197,unplanned,1,1
9198,unpopular,1,1
9199,unprocessed,1,1
9200,unpunished,1,1
9201,unrealistically,1,1
9202,unreasonable,1,1
9203,unreliable,1,1
9204,unrested,1,1
9205,unsafe,1,1
9206,unsatisfyingly,1,1
9207,unsettled,1,1
9208,unsettling,1,1
9209,unskilled,1,1
9210,unsophisticated,1,1
9211,unstated,1,1
9212,unsubsidized,1,1
9213,unsuitable,1,1
9214,unsustainable,1,1
9215,untrue,1,1
9216,unwise,1,1
9217,updating,1,1
9218,upgrade,1,1
9219,upgraded,1,1
9220,upgrading,1,1
9221,upload,1,1
9222,upsetting,1,1
9223,upstate,1,1
9224,uptake,1,1
9225,upwards,1,1
9226,urged,1,1
9227,urgently,1,1
9228,usa,1,1
9229,usability,1,1
9230,usages,1,1
9231,usda,1,1
9232,usefully,1,1
9233,utah,1,1
9234,utilise,1,1
9235,utilised,1,1
9236,utilized,1,1
9237,utilizing,1,1
9238,utmost,1,1
9239,utrecht,1,1
9240,utter,1,1
9241,utterances,1,1
9242,utterly,1,1
9243,uwe,1,1
9244,vacant,1,1
9245,vacationing,1,1
9246,vaclav,1,1
9247,vaguely,1,1
9248,vain,1,1
9249,validate,1,1
9250,validated,1,1
9251,validates,1,1
9252,valley,1,1
9253,valtorta,1,1
9254,variability,1,1
9255,variables,1,1
9256,variant,1,1
9257,variations,1,1
9258,vastly,1,1
9259,vegas,1,1
9260,vendor,1,1
9261,ventured,1,1
9262,ventures,1,1
9263,venturing,1,1
9264,verbally,1,1
9265,verified,1,1
9266,verify,1,1
9267,vice,1,1
9268,vicky,1,1
9269,victor,1,1
9270,victories,1,1
9271,viewer,1,1
9272,viewpoint,1,1
9273,viewpoints,1,1
9274,vigour,1,1
9275,villager,1,1
9276,villains,1,1
9277,violations,1,1
9278,viruses,1,1
9279,visas,1,1
9280,visions,1,1
9281,visualized,1,1
9282,vitality,1,1
9283,vitamin,1,1
9284,vivo,1,1
9285,vocational,1,1
9286,volumes,1,1
9287,voluntary,1,1
9288,volunteered,1,1
9289,voyage,1,1
9290,wages,1,1
9291,waistlines,1,1
9292,wakes,1,1
9293,wales,1,1
9294,walkman,1,1
9295,warcraft,1,1
9296,warehouse,1,1
9297,warmth,1,1
9298,warns,1,1
9299,wary,1,1
9300,washed,1,1
9301,washes,1,1
9302,watchful,1,1
9303,waters,1,1
9304,watts,1,1
9305,waves,1,1
9306,wayside,1,1
9307,weak,1,1
9308,weakens,1,1
9309,weaker,1,1
9310,weapons,1,1
9311,wears,1,1
9312,weary,1,1
9313,weave,1,1
9314,wechat,1,1
9315,welcoming,1,1
9316,welfare,1,1
9317,wenwang,1,1
9318,wet,1,1
9319,wetland,1,1
9320,wheels,1,1
9321,whereby,1,1
9322,whilst,1,1
9323,whisper,1,1
9324,whispering,1,1
9325,widely,1,1
9326,widens,1,1
9327,wider,1,1
9328,wili,1,1
9329,william,1,1
9330,wiltermuth,1,1
9331,wilton,1,1
9332,wimbledon,1,1
9333,windy,1,1
9334,wines,1,1
9335,winters,1,1
9336,wiped,1,1
9337,wisconsin,1,1
9338,wish,1,1
9339,wishes,1,1
9340,wishful,1,1
9341,withdrawal,1,1
9342,withdrawing,1,1
9343,withstand,1,1
9344,witty,1,1
9345,woke,1,1
9346,woken,1,1
9347,wolfing,1,1
9348,wolfram,1,1
9349,wolves,1,1
9350,wonders,1,1
9351,woodland,1,1
9352,woodlands,1,1
9353,wordier,1,1
9354,wording,1,1
9355,wore,1,1
9356,workday,1,1
9357,workmate,1,1
9358,workmates,1,1
9359,workshop,1,1
9360,worldly,1,1
9361,worlds,1,1
9362,worryingly,1,1
9363,worsen,1,1
9364,worsened,1,1
9365,worshipped,1,1
9366,worst,1,1
9367,worthy,1,1
9368,wound,1,1
9369,wounds,1,1
9370,wrap,1,1
9371,wrapped,1,1
9372,wrapper,1,1
9373,wrongdoer,1,1
9374,wrongdoings,1,1
9375,xishuangbanna,1,1
9376,ya,1,1
9377,yahoo,1,1
9378,yakutsk,1,1
9379,yale,1,1
9380,yell,1,1
9381,yellow,1,1
9382,yogurt,1,1
9383,youngest,1,1
9384,yours,1,1
9385,youtube,1,1
9386,yung,1,1
9387,zentech,1,1
9388,zeroed,1,1
9389,zimmerman,1,1
9390,zoological,1,1
