rank,word,count
1,the,7084
2,be,6274
3,to,4954
4,a,3544
5,of,3437
6,and,2938
7,in,2594
8,it,1896
9,have,1756
10,they,1671
11,you,1633
12,that,1597
13,for,1418
14,on,1385
15,with,1053
16,do,1026
17,not,1024
18,their,990
19,more,837
20,as,781
21,we,768
22,i,762
23,from,743
24,people,710
25,can,697
26,by,687
27,what,667
28,this,666
29,will,620
30,but,618
31,at,597
32,or,567
33,question,540
34,passage,536
35,he,533
36,say,532
37,about,510
38,make,492
39,hear,478
40,an,467
41,than,457
42,just,448
43,your,412
44,work,400
45,there,397
46,base,394
47,when,393
48,section,378
49,time,367
50,may,350
51,student,345
52,each,343
53,who,339
54,good,338
55,find,333
56,other,332
57,some,324
58,year,323
59,new,321
60,take,316
61,how,309
62,so,304
63,if,302
64,all,300
65,our,300
66,she,298
67,use,297
68,get,295
69,answer,293
70,study,292
71,mark,279
72,well,274
73,report,273
74,choice,267
75,should,266
76,his,264
77,help,262
78,through,258
79,school,254
80,many,253
81,part,252
82,also,248
83,most,242
84,go,240
85,would,236
86,up,233
87,like,233
88,think,231
89,letter,227
90,food,227
91,no,224
92,word,219
93,news,215
94,which,215
95,way,214
96,after,209
97,give,208
98,out,208
99,life,207
100,only,206
101,these,205
102,write,204
103,child,202
104,learn,197
105,then,195
106,much,194
107,research,191
108,day,191
109,long,190
110,its,185
111,could,184
112,need,184
113,come,181
114,change,181
115,minute,178
116,conversation,174
117,show,174
118,those,174
119,high,170
120,even,169
121,once,167
122,her,166
123,want,166
124,into,165
125,over,164
126,sheet,163
127,social,163
128,too,162
129,company,161
130,because,161
131,my,161
132,health,158
133,corresponding,154
134,woman,150
135,see,148
136,employee,147
137,less,145
138,different,145
139,directions,144
140,both,143
141,great,143
142,thing,142
143,choose,141
144,skill,141
145,single,140
146,job,140
147,line,139
148,read,139
149,problem,139
150,now,139
151,become,138
152,know,138
153,information,137
154,world,137
155,first,134
156,why,133
157,around,131
158,author,129
159,end,128
160,paragraph,128
161,feel,128
162,business,126
163,man,126
164,follow,124
165,any,123
166,researcher,122
167,number,122
168,mean,122
169,centre,121
170,look,121
171,increase,120
172,while,118
173,bank,117
174,such,117
175,own,116
176,often,116
177,home,115
178,before,114
179,pay,114
180,likely,114
181,same,112
182,important,112
183,book,111
184,eat,110
185,ask,109
186,must,108
187,something,108
188,still,108
189,very,107
190,experience,106
191,start,104
192,university,104
193,try,102
194,between,102
195,speak,101
196,where,101
197,online,100
198,cause,100
199,old,100
200,self,100
201,healthy,100
202,comprehension,99
203,statement,98
204,keep,98
205,benefit,98
206,one,98
207,place,98
208,lead,97
209,might,97
210,family,96
211,last,96
212,car,95
213,spend,95
214,questions,95
215,identify,94
216,include,94
217,cost,94
218,right,94
219,idea,93
220,decision,93
221,human,92
222,kid,92
223,name,92
224,diet,91
225,accord,90
226,country,90
227,lot,88
228,city,88
229,animal,87
230,result,87
231,money,87
232,brain,86
233,require,86
234,public,85
235,suggest,85
236,technology,84
237,play,84
238,design,84
239,back,83
240,off,83
241,risk,82
242,however,82
243,parent,81
244,leave,81
245,tell,81
246,class,80
247,actually,80
248,create,79
249,age,79
250,participant,79
251,education,79
252,live,78
253,provide,77
254,few,77
255,believe,77
256,grow,77
257,success,77
258,least,76
259,goal,76
260,early,75
261,consider,75
262,far,75
263,improve,75
264,low,75
265,future,75
266,down,75
267,another,75
268,group,75
269,bring,74
270,stress,74
271,really,74
272,team,74
273,friend,73
274,teacher,73
275,local,72
276,big,72
277,whether,72
278,game,72
279,effect,72
280,exercise,72
281,every,72
282,example,72
283,tend,72
284,build,71
285,month,71
286,term,71
287,ability,71
288,course,71
289,water,71
290,little,70
291,relationship,70
292,financial,70
293,allow,69
294,space,69
295,large,69
296,understand,69
297,reduce,69
298,behavior,69
299,listening,68
300,young,68
301,following,68
302,themselves,67
303,activity,67
304,today,67
305,decide,66
306,fruit,66
307,task,66
308,without,66
309,affect,66
310,person,66
311,hard,66
312,buy,65
313,disease,65
314,develop,65
315,turn,65
316,adult,65
317,offer,64
318,during,64
319,direction,63
320,among,63
321,call,63
322,worker,63
323,process,63
324,hour,63
325,blank,62
326,scientist,62
327,level,62
328,week,62
329,medium,61
330,customer,61
331,contain,61
332,enjoy,61
333,physical,61
334,career,61
335,dog,60
336,language,60
337,survey,59
338,control,59
339,away,59
340,care,58
341,state,58
342,quality,58
343,product,58
344,sport,58
345,meat,58
346,easy,57
347,begin,57
348,move,57
349,recent,57
350,happen,57
351,seem,57
352,focus,57
353,yes,57
354,phone,57
355,support,56
356,office,56
357,able,56
358,habit,56
359,open,55
360,drive,55
361,run,55
362,impact,55
363,face,55
364,possible,55
365,form,55
366,poor,54
367,avoid,54
368,small,54
369,since,54
370,set,53
371,reading,53
372,under,53
373,culture,53
374,interest,53
375,fact,53
376,simply,53
377,sound,53
378,practice,53
379,music,53
380,put,52
381,reason,52
382,protein,52
383,plastic,52
384,pet,51
385,restaurant,51
386,science,51
387,body,51
388,average,51
389,americans,51
390,environment,51
391,difference,50
392,close,50
393,hand,50
394,please,50
395,stay,50
396,similar,50
397,personal,50
398,lose,49
399,system,49
400,individual,49
401,american,49
402,share,49
403,datum,49
404,lack,49
405,add,49
406,case,48
407,price,48
408,list,48
409,contribute,48
410,finding,48
411,rather,48
412,natural,48
413,sure,48
414,free,47
415,area,47
416,type,47
417,college,47
418,bad,47
419,popular,47
420,expect,47
421,traffic,47
422,enough,47
423,always,47
424,someone,47
425,value,47
426,love,47
427,busy,47
428,driver,47
429,performance,46
430,instead,46
431,sense,46
432,kind,45
433,traditional,45
434,remain,45
435,ago,45
436,attention,45
437,rate,45
438,decade,45
439,connection,45
440,current,45
441,difficult,44
442,percent,44
443,expert,44
444,employer,44
445,never,44
446,juice,44
447,story,44
448,test,44
449,member,44
450,owner,44
451,real,43
452,house,43
453,across,43
454,challenge,43
455,next,43
456,achieve,43
457,involve,43
458,point,43
459,talk,43
460,stop,43
461,power,43
462,view,43
463,waste,43
464,plan,42
465,save,42
466,heart,42
467,factor,42
468,key,42
469,manager,42
470,energy,42
471,policy,42
472,win,42
473,amount,42
474,program,42
475,dream,42
476,gender,42
477,website,42
478,movie,42
479,action,42
480,learning,42
481,enable,41
482,receive,41
483,item,41
484,attach,41
485,industry,41
486,issue,41
487,effort,41
488,red,41
489,certain,41
490,already,41
491,though,41
492,condition,41
493,select,40
494,simple,40
495,situation,40
496,encourage,40
497,cat,40
498,us,40
499,consumer,40
500,knowledge,40
501,send,39
502,service,39
503,travel,39
504,carefully,39
505,organization,39
506,emotional,39
507,mental,39
508,bear,39
509,role,39
510,present,39
511,order,39
512,interesting,39
513,concern,39
514,teen,39
515,essay,38
516,suffer,38
517,past,38
518,sign,38
519,yet,38
520,compare,38
521,training,38
522,professor,38
523,suppose,38
524,opportunity,38
525,here,38
526,event,38
527,claim,37
528,room,37
529,matter,37
530,struggle,37
531,several,37
532,almost,37
533,obesity,37
534,weight,37
535,against,37
536,raise,37
537,calorie,37
538,police,36
539,second,36
540,america,36
541,fall,36
542,race,36
543,academic,36
544,meet,36
545,damage,36
546,especially,36
547,reach,36
548,consume,36
549,sugar,36
550,continue,36
551,anything,36
552,jam,36
553,together,35
554,whole,35
555,walk,35
556,drink,35
557,successful,35
558,grade,35
559,society,35
560,half,35
561,strong,35
562,let,35
563,account,35
564,probably,35
565,option,35
566,note,35
567,deal,34
568,meal,34
569,degree,34
570,nearly,34
571,rise,34
572,positive,34
573,solve,34
574,desire,34
575,rule,34
576,mind,34
577,chance,34
578,strategy,34
579,feeling,34
580,sleep,34
581,access,34
582,bike,34
583,lane,34
584,building,33
585,computer,33
586,derive,33
587,community,33
588,hold,33
589,teach,33
590,economic,33
591,prove,33
592,major,33
593,professional,33
594,produce,33
595,balance,33
596,worth,33
597,late,33
598,link,33
599,male,33
600,genetic,33
601,vegetable,33
602,communication,32
603,market,32
604,seek,32
605,growth,32
606,potential,32
607,mother,32
608,negative,32
609,behind,32
610,message,32
611,government,32
612,internet,32
613,associate,32
614,fish,32
615,lion,32
616,common,31
617,search,31
618,response,31
619,determine,31
620,daily,31
621,unfinished,31
622,development,31
623,wrong,31
624,shop,31
625,wear,31
626,diversity,31
627,york,31
628,medical,31
629,fashion,31
630,per,31
631,baby,31
632,plant,31
633,apply,31
634,sit,31
635,snake,31
636,supply,30
637,maintain,30
638,miss,30
639,exist,30
640,ever,30
641,true,30
642,father,30
643,regard,30
644,later,30
645,remember,30
646,climate,30
647,treat,30
648,head,30
649,weather,30
650,due,30
651,adopt,30
652,explain,30
653,teenager,30
654,importance,29
655,sell,29
656,variety,29
657,summer,29
658,math,29
659,creative,29
660,national,29
661,appear,29
662,publish,29
663,sometimes,29
664,depend,29
665,force,29
666,return,29
667,oh,29
668,visit,29
669,device,29
670,worry,29
671,expensive,29
672,supermarket,29
673,quite,28
674,prepare,28
675,farm,28
676,wild,28
677,adapt,28
678,electronic,28
679,stick,28
680,examine,28
681,blood,28
682,fast,28
683,fund,28
684,perform,28
685,doctor,28
686,influence,28
687,workplace,28
688,usually,28
689,replace,28
690,email,28
691,clear,28
692,check,28
693,short,28
694,bit,28
695,yourself,28
696,patient,28
697,everyone,28
698,post,27
699,hire,27
700,light,27
701,remove,27
702,global,27
703,economy,27
704,leader,27
705,century,27
706,engage,27
707,ensure,27
708,soon,27
709,anxiety,27
710,gain,27
711,within,27
712,formula,27
713,scientific,27
714,maybe,27
715,effective,27
716,egg,27
717,responsibility,27
718,entrepreneur,27
719,approach,27
720,debate,27
721,recommend,27
722,happy,27
723,drug,26
724,heat,26
725,pass,26
726,complete,26
727,intelligence,26
728,decline,26
729,resource,26
730,argue,26
731,specific,26
732,hit,26
733,sale,26
734,extra,26
735,serious,26
736,united,26
737,trouble,26
738,perhaps,26
739,fear,26
740,either,26
741,measure,26
742,limit,26
743,interact,26
744,medicine,26
745,digital,26
746,classroom,26
747,income,26
748,crop,26
749,vehicle,26
750,night,26
751,video,25
752,reflect,25
753,succeed,25
754,colleague,25
755,huge,25
756,normal,25
757,assume,25
758,generally,25
759,center,25
760,top,25
761,text,25
762,near,25
763,rich,25
764,interaction,25
765,handed,25
766,despite,25
767,express,25
768,attend,25
769,special,25
770,cheat,25
771,contact,24
772,side,24
773,arrive,24
774,carry,24
775,easily,24
776,perfect,24
777,protect,24
778,remote,24
779,demand,24
780,belief,24
781,front,24
782,user,24
783,boost,24
784,various,24
785,uk,24
786,emotion,24
787,watch,24
788,instinct,24
789,star,24
790,although,24
791,thinking,24
792,ourselves,24
793,conflict,24
794,prevent,24
795,private,24
796,management,24
797,law,24
798,villa,24
799,aid,24
800,bill,24
801,image,24
802,engineer,24
803,chocolate,24
804,reward,23
805,labor,23
806,break,23
807,famous,23
808,mistake,23
809,fit,23
810,park,23
811,catch,23
812,smartphone,23
813,harm,23
814,evidence,23
815,along,23
816,particular,23
817,conclude,23
818,reveal,23
819,conduct,23
820,failure,23
821,paper,23
822,figure,23
823,consumption,23
824,cover,23
825,else,23
826,advantage,23
827,until,23
828,increasingly,23
829,staff,23
830,opinion,23
831,prefer,23
832,air,23
833,morning,23
834,previous,23
835,bottle,23
836,fan,23
837,earth,23
838,art,22
839,security,22
840,consequence,22
841,productivity,22
842,main,22
843,mindset,22
844,difficulty,22
845,enhance,22
846,subject,22
847,whatever,22
848,middle,22
849,project,22
850,regular,22
851,street,22
852,talent,22
853,standard,22
854,official,22
855,bird,22
856,full,22
857,model,22
858,progress,22
859,snack,22
860,record,22
861,aim,22
862,realize,22
863,region,22
864,range,22
865,solution,22
866,snow,22
867,interview,22
868,spot,22
869,credit,22
870,zoo,22
871,bottled,22
872,phantom,22
873,paint,21
874,anyone,21
875,coffee,21
876,extreme,21
877,total,21
878,personality,21
879,predict,21
880,enter,21
881,material,21
882,powerful,21
883,source,21
884,field,21
885,confidence,21
886,mostly,21
887,size,21
888,states,21
889,eye,21
890,tool,21
891,shift,21
892,act,21
893,accept,21
894,road,21
895,achievement,21
896,thus,21
897,style,21
898,pressure,21
899,working,21
900,gene,21
901,card,21
902,nothing,21
903,classical,21
904,voice,21
905,boy,21
906,store,21
907,birthday,20
908,nature,20
909,environmental,20
910,bean,20
911,method,20
912,everything,20
913,fail,20
914,english,20
915,speech,20
916,experiment,20
917,wonder,20
918,overall,20
919,available,20
920,satisfaction,20
921,function,20
922,rely,20
923,chinese,20
924,schedule,20
925,towards,20
926,color,20
927,push,20
928,aware,20
929,review,20
930,promote,20
931,purchase,20
932,display,20
933,manage,20
934,status,20
935,outside,20
936,plane,20
937,land,20
938,left,20
939,agree,20
940,gold,20
941,exactly,20
942,british,20
943,budget,20
944,international,20
945,bus,20
946,retirement,20
947,horn,20
948,picture,19
949,connect,19
950,volunteer,19
951,background,19
952,third,19
953,loss,19
954,explore,19
955,relate,19
956,fix,19
957,reality,19
958,partner,19
959,principle,19
960,critical,19
961,meeting,19
962,non,19
963,ahead,19
964,accident,19
965,vary,19
966,feed,19
967,introduce,19
968,detail,19
969,indicate,19
970,productive,19
971,deliver,19
972,grant,19
973,motivate,19
974,flight,19
975,cultivate,19
976,estimate,19
977,curiosity,19
978,general,19
979,slow,19
980,period,19
981,fun,19
982,department,19
983,cheap,19
984,cheese,19
985,manufacturer,19
986,housing,19
987,vision,19
988,dance,19
989,active,19
990,wall,18
991,distance,18
992,completely,18
993,quickly,18
994,charge,18
995,unique,18
996,husband,18
997,join,18
998,interested,18
999,tiny,18
1000,engineering,18
1001,train,18
1002,hospital,18
1003,glasgow,18
1004,cut,18
1005,beyond,18
1006,meaning,18
1007,awareness,18
1008,fill,18
1009,serve,18
1010,concept,18
1011,history,18
1012,ignore,18
1013,itself,18
1014,impossible,18
1015,step,18
1016,significant,18
1017,beach,18
1018,complex,18
1019,forward,18
1020,bone,18
1021,behaviour,18
1022,recently,18
1023,article,18
1024,attitude,18
1025,strengthen,18
1026,tourist,18
1027,harmful,18
1028,kelli,18
1029,fee,18
1030,carey,18
1031,corn,18
1032,panda,18
1033,opera,18
1034,gaming,18
1035,okay,18
1036,town,17
1037,native,17
1038,attack,17
1039,track,17
1040,specie,17
1041,carbon,17
1042,tradition,17
1043,thought,17
1044,hot,17
1045,retire,17
1046,platform,17
1047,competitive,17
1048,agent,17
1049,boredom,17
1050,proposal,17
1051,sea,17
1052,majority,17
1053,inside,17
1054,expense,17
1055,cold,17
1056,heavy,17
1057,london,17
1058,lifestyle,17
1059,african,17
1060,toward,17
1061,educational,17
1062,cash,17
1063,island,17
1064,dress,17
1065,trust,16
1066,taste,16
1067,village,16
1068,nation,16
1069,refer,16
1070,smart,16
1071,feature,16
1072,respond,16
1073,advise,16
1074,expectation,16
1075,necessary,16
1076,pound,16
1077,loneliness,16
1078,friendly,16
1079,quantity,16
1080,recognize,16
1081,organize,16
1082,indeed,16
1083,generation,16
1084,describe,16
1085,institution,16
1086,purpose,16
1087,define,16
1088,executive,16
1089,launch,16
1090,narrow,16
1091,winner,16
1092,equal,16
1093,innovative,16
1094,africa,16
1095,gap,16
1096,making,16
1097,household,16
1098,notice,16
1099,fully,16
1100,guide,16
1101,stand,16
1102,inspire,16
1103,outcome,16
1104,afford,16
1105,childhood,16
1106,attract,16
1107,perceive,16
1108,safety,16
1109,flavor,16
1110,welcome,16
1111,competition,16
1112,luxury,16
1113,sustainable,16
1114,nap,16
1115,parental,16
1116,rum,16
1117,ban,16
1118,designer,16
1119,club,15
1120,table,15
1121,protection,15
1122,graduate,15
1123,relevant,15
1124,invite,15
1125,application,15
1126,appeal,15
1127,match,15
1128,transform,15
1129,being,15
1130,operation,15
1131,differ,15
1132,scale,15
1133,twice,15
1134,senior,15
1135,eventually,15
1136,discussion,15
1137,duck,15
1138,farming,15
1139,trait,15
1140,extremely,15
1141,saving,15
1142,pattern,15
1143,shape,15
1144,definitely,15
1145,population,15
1146,modern,15
1147,identity,15
1148,collect,15
1149,campus,15
1150,nightmare,15
1151,analysis,15
1152,newspaper,15
1153,rest,15
1154,finally,15
1155,door,15
1156,quick,15
1157,willing,15
1158,farmer,15
1159,living,15
1160,rabbit,15
1161,fuel,15
1162,guess,15
1163,series,15
1164,delay,15
1165,evil,15
1166,resident,15
1167,immigrant,15
1168,officer,15
1169,habitat,15
1170,ambitious,15
1171,keynes,15
1172,south,15
1173,clothe,15
1174,grit,15
1175,saturday,14
1176,machine,14
1177,discover,14
1178,ninth,14
1179,additional,14
1180,depression,14
1181,possibility,14
1182,creativity,14
1183,again,14
1184,basic,14
1185,homeless,14
1186,favor,14
1187,alone,14
1188,understanding,14
1189,aspect,14
1190,upon,14
1191,brand,14
1192,funding,14
1193,association,14
1194,screen,14
1195,psychological,14
1196,convince,14
1197,journal,14
1198,request,14
1199,intake,14
1200,discuss,14
1201,extend,14
1202,symptom,14
1203,forget,14
1204,collection,14
1205,observe,14
1206,sort,14
1207,essential,14
1208,entirely,14
1209,learner,14
1210,deep,14
1211,currently,14
1212,decrease,14
1213,disadvantage,14
1214,tooth,14
1215,admit,14
1216,directly,14
1217,vegetarian,14
1218,white,14
1219,constantly,14
1220,particularly,14
1221,largely,14
1222,rat,14
1223,colour,14
1224,theory,14
1225,seat,14
1226,fine,14
1227,refugee,14
1228,web,14
1229,foot,14
1230,museum,14
1231,multitaske,14
1232,dolphin,14
1233,friedman,14
1234,persuasion,14
1235,elephant,14
1236,bilateral,14
1237,thank,14
1238,yeah,14
1239,draw,13
1240,court,13
1241,surprise,13
1242,chair,13
1243,discount,13
1244,advice,13
1245,kill,13
1246,attempt,13
1247,temperature,13
1248,drop,13
1249,topic,13
1250,threat,13
1251,ultimately,13
1252,position,13
1253,enormous,13
1254,efficiency,13
1255,facility,13
1256,crucial,13
1257,italian,13
1258,target,13
1259,firm,13
1260,prioritize,13
1261,agreement,13
1262,britain,13
1263,contrast,13
1264,represent,13
1265,absence,13
1266,harvard,13
1267,fat,13
1268,economist,13
1269,innovation,13
1270,confirm,13
1271,trend,13
1272,passion,13
1273,los,13
1274,angeles,13
1275,female,13
1276,hundred,13
1277,fly,13
1278,pain,13
1279,production,13
1280,thousand,13
1281,update,13
1282,april,13
1283,date,13
1284,establish,13
1285,path,13
1286,cycle,13
1287,meanwhile,13
1288,citizen,13
1289,safe,13
1290,context,13
1291,multiple,13
1292,hi,13
1293,oil,13
1294,golden,13
1295,flexible,13
1296,helpful,13
1297,artificial,13
1298,holiday,13
1299,million,13
1300,secure,13
1301,software,13
1302,judge,13
1303,former,13
1304,piece,13
1305,destroy,13
1306,speed,13
1307,athlete,13
1308,argument,13
1309,crisis,13
1310,player,13
1311,blue,13
1312,attachment,13
1313,recycle,13
1314,ventura,13
1315,writing,12
1316,regularly,12
1317,party,12
1318,cook,12
1319,burn,12
1320,lunch,12
1321,jump,12
1322,crowd,12
1323,psychologist,12
1324,finish,12
1325,burden,12
1326,occur,12
1327,initiative,12
1328,error,12
1329,confident,12
1330,rescue,12
1331,jimmy,12
1332,borrow,12
1333,unable,12
1334,passport,12
1335,beauty,12
1336,campaign,12
1337,unusual,12
1338,handle,12
1339,cultural,12
1340,nutrition,12
1341,corporate,12
1342,venture,12
1343,australia,12
1344,actual,12
1345,board,12
1346,airport,12
1347,legal,12
1348,furniture,12
1349,ideal,12
1350,highly,12
1351,vital,12
1352,norm,12
1353,oppose,12
1354,negatively,12
1355,dangerous,12
1356,instal,12
1357,cooking,12
1358,necessarily,12
1359,audience,12
1360,john,12
1361,responsible,12
1362,site,12
1363,discipline,12
1364,lie,12
1365,hurt,12
1366,fraudster,12
1367,trade,12
1368,pursue,12
1369,cholesterol,12
1370,ride,12
1371,trip,12
1372,respect,12
1373,slightly,12
1374,mile,12
1375,gym,12
1376,debt,12
1377,doll,12
1378,authority,12
1379,clothing,12
1380,trash,12
1381,jean,12
1382,dancer,12
1383,movement,12
1384,county,12
1385,dna,12
1386,michelin,12
1387,numerous,11
1388,addiction,11
1389,round,11
1390,frequently,11
1391,clean,11
1392,melt,11
1393,cope,11
1394,instance,11
1395,dollar,11
1396,typically,11
1397,contract,11
1398,educator,11
1399,advance,11
1400,tech,11
1401,widespread,11
1402,adjust,11
1403,boring,11
1404,tour,11
1405,invest,11
1406,shopping,11
1407,formal,11
1408,rare,11
1409,conclusion,11
1410,peer,11
1411,relative,11
1412,basis,11
1413,truly,11
1414,fight,11
1415,recommendation,11
1416,valuable,11
1417,writer,11
1418,capable,11
1419,rating,11
1420,app,11
1421,nice,11
1422,loser,11
1423,fire,11
1424,puzzle,11
1425,convey,11
1426,remind,11
1427,intelligent,11
1428,wake,11
1429,apart,11
1430,absorb,11
1431,novel,11
1432,payment,11
1433,menu,11
1434,pretty,11
1435,capture,11
1436,useful,11
1437,political,11
1438,moment,11
1439,favorite,11
1440,assistant,11
1441,salary,11
1442,chase,11
1443,double,11
1444,imagine,11
1445,print,11
1446,comfortable,11
1447,painting,11
1448,photo,11
1449,vacation,11
1450,applicant,11
1451,assignment,11
1452,strange,11
1453,property,11
1454,fraud,11
1455,rent,11
1456,gather,11
1457,tablet,11
1458,character,11
1459,smith,11
1460,structure,11
1461,gas,11
1462,wonderful,11
1463,loan,11
1464,federal,11
1465,typical,11
1466,happiness,11
1467,distraction,11
1468,tough,11
1469,tendency,11
1470,thomas,11
1471,nutrient,11
1472,analyst,11
1473,hyphenate,11
1474,medal,11
1475,bite,11
1476,abstract,11
1477,tap,11
1478,ambition,11
1479,schooling,11
1480,harmony,11
1481,submission,11
1482,intensity,11
1483,rival,11
1484,mention,11
1485,jj,10
1486,joe,10
1487,dining,10
1488,investigation,10
1489,district,10
1490,charity,10
1491,north,10
1492,victim,10
1493,winter,10
1494,silver,10
1495,signal,10
1496,addition,10
1497,worldwide,10
1498,treatment,10
1499,intervention,10
1500,diverse,10
1501,hope,10
1502,perspective,10
1503,improvement,10
1504,imagination,10
1505,master,10
1506,cognitive,10
1507,teaching,10
1508,acquire,10
1509,stimulate,10
1510,implement,10
1511,adequate,10
1512,badly,10
1513,zone,10
1514,ticket,10
1515,pose,10
1516,seating,10
1517,touch,10
1518,conscious,10
1519,anumeric,10
1520,reasoning,10
1521,limited,10
1522,emphasize,10
1523,ease,10
1524,bridge,10
1525,announce,10
1526,greatly,10
1527,definition,10
1528,participate,10
1529,bar,10
1530,secret,10
1531,frequent,10
1532,newly,10
1533,emphasis,10
1534,strength,10
1535,presence,10
1536,clearly,10
1537,couple,10
1538,label,10
1539,obviously,10
1540,infant,10
1541,union,10
1542,chicken,10
1543,nearby,10
1544,ton,10
1545,architect,10
1546,survive,10
1547,birth,10
1548,pilot,10
1549,daughter,10
1550,appropriate,10
1551,ordinary,10
1552,journey,10
1553,california,10
1554,vulnerable,10
1555,listen,10
1556,tv,10
1557,england,10
1558,motivation,10
1559,intend,10
1560,commit,10
1561,dark,10
1562,insist,10
1563,imply,10
1564,unemployed,10
1565,steal,10
1566,amazing,10
1567,green,10
1568,differently,10
1569,disappear,10
1570,seriously,10
1571,inner,10
1572,immediately,10
1573,obvious,10
1574,casual,10
1575,trap,10
1576,priority,10
1577,pace,10
1578,requirement,10
1579,analytical,10
1580,chief,10
1581,affordable,10
1582,communicate,10
1583,harding,10
1584,tuition,10
1585,conventional,10
1586,trace,10
1587,grand,10
1588,mood,10
1589,closely,10
1590,alternative,10
1591,theatre,10
1592,foreign,10
1593,concentrate,10
1594,kate,10
1595,robot,10
1596,primary,10
1597,annual,10
1598,throughout,10
1599,imitate,10
1600,scar,10
1601,organisation,10
1602,attribute,10
1603,bubble,10
1604,reputation,10
1605,reader,10
1606,switch,10
1607,jake,10
1608,gamer,10
1609,title,9
1610,suspect,9
1611,realise,9
1612,guest,9
1613,chat,9
1614,dish,9
1615,reliable,9
1616,escape,9
1617,pig,9
1618,roast,9
1619,collaborate,9
1620,marry,9
1621,explanation,9
1622,emerge,9
1623,rid,9
1624,yield,9
1625,beneficial,9
1626,maker,9
1627,desk,9
1628,promise,9
1629,technological,9
1630,suit,9
1631,translate,9
1632,border,9
1633,address,9
1634,implication,9
1635,exact,9
1636,window,9
1637,black,9
1638,foundation,9
1639,characteristic,9
1640,dietary,9
1641,systematic,9
1642,director,9
1643,analyze,9
1644,rarely,9
1645,client,9
1646,massive,9
1647,engine,9
1648,barely,9
1649,cent,9
1650,setback,9
1651,overcome,9
1652,qualified,9
1653,belong,9
1654,expand,9
1655,original,9
1656,dinner,9
1657,obese,9
1658,regardless,9
1659,partly,9
1660,mix,9
1661,correct,9
1662,above,9
1663,celebrate,9
1664,environmentally,9
1665,homework,9
1666,commitment,9
1667,romantic,9
1668,acknowledge,9
1669,severe,9
1670,profit,9
1671,meaningful,9
1672,incredible,9
1673,accomplish,9
1674,forest,9
1675,locate,9
1676,wellbeing,9
1677,alike,9
1678,sad,9
1679,death,9
1680,embrace,9
1681,impression,9
1682,warn,9
1683,expose,9
1684,persuade,9
1685,afraid,9
1686,leisure,9
1687,score,9
1688,socialize,9
1689,preference,9
1690,practical,9
1691,logical,9
1692,unlike,9
1693,hat,9
1694,afternoon,9
1695,media,9
1696,grain,9
1697,accessible,9
1698,smell,9
1699,mobile,9
1700,combat,9
1701,accomplishment,9
1702,hide,9
1703,leadership,9
1704,washington,9
1705,throw,9
1706,passive,9
1707,mine,9
1708,necessity,9
1709,floor,9
1710,negotiate,9
1711,frame,9
1712,toy,9
1713,warm,9
1714,net,9
1715,china,9
1716,vast,9
1717,effectively,9
1718,behave,9
1719,box,9
1720,nursing,9
1721,japan,9
1722,propose,9
1723,visa,9
1724,rock,9
1725,dioxide,9
1726,bread,9
1727,rush,9
1728,german,9
1729,bride,9
1730,stuff,9
1731,blame,9
1732,obtain,9
1733,friday,9
1734,amazon,9
1735,square,9
1736,threaten,9
1737,fancy,9
1738,danger,9
1739,wander,9
1740,hobby,9
1741,paternity,9
1742,pupil,9
1743,clone,9
1744,adulthood,9
1745,muscle,9
1746,film,9
1747,girl,9
1748,fayetteville,9
1749,construction,9
1750,junk,9
1751,commercial,9
1752,cacao,9
1753,pair,9
1754,fibre,9
1755,parking,9
1756,meter,9
1757,below,8
1758,football,8
1759,kitchen,8
1760,weekend,8
1761,soft,8
1762,speaker,8
1763,pollution,8
1764,abandon,8
1765,entire,8
1766,crime,8
1767,friendship,8
1768,furthermore,8
1769,assess,8
1770,permanent,8
1771,investigate,8
1772,further,8
1773,combine,8
1774,youth,8
1775,playing,8
1776,operate,8
1777,consideration,8
1778,crash,8
1779,therefore,8
1780,deeply,8
1781,properly,8
1782,dependent,8
1783,emission,8
1784,reduction,8
1785,council,8
1786,minister,8
1787,injury,8
1788,donation,8
1789,gift,8
1790,relatively,8
1791,isolation,8
1792,quarter,8
1793,hinder,8
1794,river,8
1795,tree,8
1796,recall,8
1797,quantitative,8
1798,demonstrate,8
1799,seemingly,8
1800,consistently,8
1801,european,8
1802,capacity,8
1803,mail,8
1804,breakfast,8
1805,accumulate,8
1806,wealth,8
1807,pick,8
1808,disaster,8
1809,truth,8
1810,academy,8
1811,award,8
1812,wang,8
1813,reasonable,8
1814,quit,8
1815,contribution,8
1816,resolve,8
1817,accurate,8
1818,reluctant,8
1819,freshman,8
1820,weigh,8
1821,hunting,8
1822,independently,8
1823,indicator,8
1824,deficiency,8
1825,strike,8
1826,familiar,8
1827,blog,8
1828,die,8
1829,estate,8
1830,generate,8
1831,advocate,8
1832,transfer,8
1833,spirit,8
1834,northern,8
1835,procedure,8
1836,emergency,8
1837,wait,8
1838,creature,8
1839,routine,8
1840,nor,8
1841,authentic,8
1842,television,8
1843,producer,8
1844,strongly,8
1845,guideline,8
1846,spread,8
1847,complicated,8
1848,acceptable,8
1849,interpersonal,8
1850,french,8
1851,opposite,8
1852,employment,8
1853,divide,8
1854,beverage,8
1855,sick,8
1856,totally,8
1857,appearance,8
1858,mainly,8
1859,moral,8
1860,bind,8
1861,stock,8
1862,absolutely,8
1863,co,8
1864,sector,8
1865,agency,8
1866,perception,8
1867,grocery,8
1868,lab,8
1869,host,8
1870,emotionally,8
1871,season,8
1872,respondent,8
1873,content,8
1874,shrink,8
1875,render,8
1876,approval,8
1877,coworker,8
1878,bias,8
1879,mission,8
1880,flexibility,8
1881,bundle,8
1882,beautiful,8
1883,register,8
1884,setting,8
1885,certificate,8
1886,package,8
1887,assistance,8
1888,ohio,8
1889,plenty,8
1890,ice,8
1891,mystery,8
1892,terrible,8
1893,dad,8
1894,tonne,8
1895,wfp,8
1896,hardly,8
1897,deviance,8
1898,fox,8
1899,literacy,8
1900,budgeting,8
1901,marriage,8
1902,preserve,8
1903,astronaut,8
1904,resemble,8
1905,olympic,8
1906,cotton,8
1907,wage,8
1908,solar,8
1909,continent,8
1910,cite,8
1911,king,8
1912,lift,8
1913,wife,8
1914,panic,8
1915,horse,8
1916,skin,8
1917,pedestrian,8
1918,ford,8
1919,anxious,8
1920,realistic,8
1921,poisonous,8
1922,skillman,8
1923,sorry,8
1924,inspiration,8
1925,pink,8
1926,newcastle,7
1927,eliminate,7
1928,preparation,7
1929,hunt,7
1930,outer,7
1931,ant,7
1932,sun,7
1933,bottom,7
1934,shoe,7
1935,cool,7
1936,moderate,7
1937,tie,7
1938,clinical,7
1939,insight,7
1940,whose,7
1941,hormone,7
1942,exciting,7
1943,upper,7
1944,ongoing,7
1945,workforce,7
1946,jet,7
1947,disadvantaged,7
1948,challenging,7
1949,suddenly,7
1950,dull,7
1951,pop,7
1952,timely,7
1953,lower,7
1954,regulation,7
1955,fame,7
1956,pocket,7
1957,delivery,7
1958,gradually,7
1959,secondary,7
1960,previously,7
1961,classify,7
1962,uniform,7
1963,precise,7
1964,species,7
1965,approximately,7
1966,distinguish,7
1967,superior,7
1968,prior,7
1969,remarkable,7
1970,depth,7
1971,reaction,7
1972,foods,7
1973,release,7
1974,certainly,7
1975,confusion,7
1976,honor,7
1977,recognition,7
1978,passionate,7
1979,specifically,7
1980,surely,7
1981,proud,7
1982,click,7
1983,document,7
1984,submit,7
1985,facilitate,7
1986,fulfil,7
1987,yesterday,7
1988,statistic,7
1989,eating,7
1990,monitor,7
1991,facebook,7
1992,canada,7
1993,drought,7
1994,somewhere,7
1995,herself,7
1996,deny,7
1997,readily,7
1998,disorder,7
1999,ready,7
2000,boss,7
2001,traditionally,7
2002,consensus,7
2003,component,7
2004,copy,7
2005,separate,7
2006,incredibly,7
2007,basketball,7
2008,excess,7
2009,diabetes,7
2010,surgery,7
2011,shortage,7
2012,surprised,7
2013,comment,7
2014,possibly,7
2015,magazine,7
2016,surprisingly,7
2017,sensitive,7
2018,pandemic,7
2019,psychology,7
2020,feasible,7
2021,suggestion,7
2022,highway,7
2023,memory,7
2024,ethical,7
2025,closed,7
2026,page,7
2027,hang,7
2028,recipe,7
2029,arise,7
2030,vigorous,7
2031,textbook,7
2032,breed,7
2033,anyway,7
2034,enrich,7
2035,naturally,7
2036,chemical,7
2037,yearly,7
2038,holidaymaker,7
2039,relax,7
2040,era,7
2041,advanced,7
2042,driving,7
2043,scene,7
2044,location,7
2045,route,7
2046,traveler,7
2047,evaluation,7
2048,instant,7
2049,fortune,7
2050,profession,7
2051,exam,7
2052,comfort,7
2053,noise,7
2054,unethical,7
2055,guard,7
2056,celebration,7
2057,dam,7
2058,collapse,7
2059,cancel,7
2060,monthly,7
2061,unknown,7
2062,anticipate,7
2063,significantly,7
2064,station,7
2065,nobody,7
2066,prevention,7
2067,volume,7
2068,lecture,7
2069,hero,7
2070,capability,7
2071,pleasant,7
2072,mess,7
2073,contrary,7
2074,dense,7
2075,diabete,7
2076,circumstance,7
2077,bag,7
2078,wildlife,7
2079,license,7
2080,blind,7
2081,react,7
2082,wide,7
2083,taker,7
2084,sight,7
2085,homelessness,7
2086,unfortunately,7
2087,lesson,7
2088,ball,7
2089,racing,7
2090,alter,7
2091,marketing,7
2092,reap,7
2093,beat,7
2094,aged,7
2095,matous,7
2096,redesign,7
2097,taxis,7
2098,kilometer,7
2099,besides,7
2100,sister,7
2101,rivalry,7
2102,actively,7
2103,immediate,7
2104,network,7
2105,instinctive,7
2106,willpower,7
2107,war,7
2108,alive,7
2109,concrete,7
2110,incentive,7
2111,closure,7
2112,attractive,7
2113,indoor,7
2114,outdoor,7
2115,dozen,7
2116,row,7
2117,bicycle,7
2118,fructose,7
2119,hannah,7
2120,spokesperson,7
2121,humm,7
2122,listing,7
2123,addict,6
2124,wine,6
2125,commute,6
2126,russian,6
2127,distribute,6
2128,villager,6
2129,queen,6
2130,compete,6
2131,shade,6
2132,eh,6
2133,stressful,6
2134,shock,6
2135,core,6
2136,thrive,6
2137,poorly,6
2138,extent,6
2139,pump,6
2140,le,6
2141,stable,6
2142,combination,6
2143,tomorrow,6
2144,block,6
2145,curriculum,6
2146,appreciate,6
2147,influential,6
2148,mentally,6
2149,infrastructure,6
2150,heavily,6
2151,translation,6
2152,germany,6
2153,fellow,6
2154,aisle,6
2155,transportation,6
2156,distinction,6
2157,portion,6
2158,impress,6
2159,straightforward,6
2160,scholar,6
2161,roughly,6
2162,times,6
2163,battle,6
2164,consultant,6
2165,feedback,6
2166,mouse,6
2167,phenomenon,6
2168,wisdom,6
2169,risky,6
2170,technique,6
2171,outperform,6
2172,maximum,6
2173,reject,6
2174,careful,6
2175,fundamental,6
2176,description,6
2177,drastically,6
2178,overlook,6
2179,cargo,6
2180,destination,6
2181,wooden,6
2182,tired,6
2183,tackle,6
2184,lay,6
2185,percentage,6
2186,honest,6
2187,spouse,6
2188,surprising,6
2189,dismiss,6
2190,sum,6
2191,joyce,6
2192,physician,6
2193,broad,6
2194,onto,6
2195,atmosphere,6
2196,discourage,6
2197,privacy,6
2198,tricky,6
2199,exposure,6
2200,landscape,6
2201,airplane,6
2202,concerned,6
2203,regulate,6
2204,breathing,6
2205,arouse,6
2206,neither,6
2207,essentially,6
2208,attraction,6
2209,super,6
2210,fountain,6
2211,relation,6
2212,listener,6
2213,somewhat,6
2214,himself,6
2215,richard,6
2216,autonomy,6
2217,socially,6
2218,organizer,6
2219,mechanical,6
2220,doubt,6
2221,assign,6
2222,excessive,6
2223,closeness,6
2224,acquaintance,6
2225,affection,6
2226,unacceptable,6
2227,witness,6
2228,interpret,6
2229,intention,6
2230,strictly,6
2231,layer,6
2232,satisfy,6
2233,direct,6
2234,arm,6
2235,urgent,6
2236,advertise,6
2237,settle,6
2238,rational,6
2239,counterpart,6
2240,fake,6
2241,pool,6
2242,advertising,6
2243,plus,6
2244,giant,6
2245,via,6
2246,booking,6
2247,promotion,6
2248,engagement,6
2249,permanently,6
2250,root,6
2251,christmas,6
2252,encounter,6
2253,similarly,6
2254,useless,6
2255,kindness,6
2256,edge,6
2257,recover,6
2258,sufficient,6
2259,institute,6
2260,cheating,6
2261,euro,6
2262,hotel,6
2263,dorm,6
2264,pasternak,6
2265,japanese,6
2266,bechtoldt,6
2267,finance,6
2268,photograph,6
2269,manipulate,6
2270,affluent,6
2271,transport,6
2272,committed,6
2273,privilege,6
2274,cure,6
2275,prize,6
2276,hunger,6
2277,agriculture,6
2278,pull,6
2279,deviate,6
2280,monster,6
2281,guy,6
2282,prison,6
2283,initial,6
2284,educate,6
2285,aging,6
2286,insecure,6
2287,africans,6
2288,butter,6
2289,factory,6
2290,brother,6
2291,mom,6
2292,freedom,6
2293,ceremony,6
2294,groom,6
2295,compromise,6
2296,weakness,6
2297,coursera,6
2298,mars,6
2299,induce,6
2300,fossil,6
2301,boom,6
2302,fabric,6
2303,ring,6
2304,cloud,6
2305,civil,6
2306,amenity,6
2307,competitor,6
2308,shut,6
2309,highlight,6
2310,wave,6
2311,evolve,6
2312,constant,6
2313,lag,6
2314,evening,6
2315,dancing,6
2316,athletic,6
2317,orange,6
2318,compulsory,6
2319,keen,6
2320,optimistic,6
2321,walsh,6
2322,warming,6
2323,bold,6
2324,hairdresser,6
2325,deceptive,6
2326,stranger,6
2327,neutral,6
2328,ruin,6
2329,independence,6
2330,strive,6
2331,apartment,6
2332,camping,6
2333,unemployment,6
2334,anderson,6
2335,guarantee,6
2336,deserve,6
2337,rider,6
2338,confuse,6
2339,calm,6
2340,substitute,6
2341,army,6
2342,volleyball,6
2343,recycling,6
2344,cell,6
2345,mountain,6
2346,tax,6
2347,seedling,6
2348,vitamin,6
2349,postal,6
2350,spring,6
2351,mate,6
2352,conservation,6
2353,duckworth,6
2354,helicopter,6
2355,stretch,6
2356,timing,6
2357,instructor,6
2358,rem,6
2359,eleven,6
2360,madison,6
2361,vegan,6
2362,hungry,6
2363,takotna,6
2364,unclear,6
2365,branyas,6
2366,reference,5
2367,drawing,5
2368,permission,5
2369,incident,5
2370,donate,5
2371,freely,5
2372,opening,5
2373,spanish,5
2374,strain,5
2375,tank,5
2376,dubai,5
2377,pie,5
2378,underground,5
2379,affair,5
2380,oxygen,5
2381,ji,5
2382,sharply,5
2383,teamwork,5
2384,anywhere,5
2385,instantly,5
2386,relieve,5
2387,trigger,5
2388,frustration,5
2389,swollen,5
2390,reverse,5
2391,importantly,5
2392,limitation,5
2393,rewarding,5
2394,scotland,5
2395,scottishpower,5
2396,urge,5
2397,renewable,5
2398,damaging,5
2399,endure,5
2400,visibility,5
2401,disconnect,5
2402,song,5
2403,spark,5
2404,numberless,5
2405,precisely,5
2406,dramatically,5
2407,invention,5
2408,nut,5
2409,extensive,5
2410,finger,5
2411,minority,5
2412,sponsor,5
2413,desirable,5
2414,focused,5
2415,artist,5
2416,provider,5
2417,slowly,5
2418,illustrate,5
2419,nowadays,5
2420,subjective,5
2421,prospect,5
2422,apparently,5
2423,pile,5
2424,efficient,5
2425,editing,5
2426,luck,5
2427,quiet,5
2428,obstacle,5
2429,count,5
2430,overweight,5
2431,duration,5
2432,kilogram,5
2433,complication,5
2434,promptly,5
2435,bonus,5
2436,behalf,5
2437,humble,5
2438,li,5
2439,myself,5
2440,merely,5
2441,assumption,5
2442,fatigue,5
2443,problematic,5
2444,undergo,5
2445,compensate,5
2446,complexity,5
2447,walking,5
2448,contest,5
2449,cancer,5
2450,soup,5
2451,inform,5
2452,cooperate,5
2453,complaint,5
2454,asian,5
2455,eager,5
2456,mere,5
2457,accelerate,5
2458,shakespeare,5
2459,primarily,5
2460,son,5
2461,literature,5
2462,andrea,5
2463,enjoyable,5
2464,recognise,5
2465,dictionary,5
2466,insurance,5
2467,nationwide,5
2468,manhattan,5
2469,hug,5
2470,recruit,5
2471,prospective,5
2472,advancement,5
2473,cinema,5
2474,pleasure,5
2475,sentence,5
2476,comprehend,5
2477,restriction,5
2478,intimacy,5
2479,cheek,5
2480,publicly,5
2481,o'keefe,5
2482,disciplinary,5
2483,visual,5
2484,press,5
2485,library,5
2486,criminal,5
2487,childcare,5
2488,hometown,5
2489,india,5
2490,session,5
2491,arrange,5
2492,discomfort,5
2493,mechanism,5
2494,whereas,5
2495,evaluate,5
2496,excited,5
2497,solid,5
2498,outlet,5
2499,thursday,5
2500,reserve,5
2501,endless,5
2502,semester,5
2503,accommodate,5
2504,laptop,5
2505,otherwise,5
2506,convenient,5
2507,hall,5
2508,conference,5
2509,administration,5
2510,warning,5
2511,tipton,5
2512,alert,5
2513,employ,5
2514,breathe,5
2515,folk,5
2516,delicious,5
2517,mineral,5
2518,judgment,5
2519,competent,5
2520,hop,5
2521,rank,5
2522,kindergarten,5
2523,peace,5
2524,columbia,5
2525,classmate,5
2526,mentality,5
2527,consistent,5
2528,length,5
2529,maximize,5
2530,halt,5
2531,deadline,5
2532,breath,5
2533,stroke,5
2534,pack,5
2535,opt,5
2536,mediterranean,5
2537,seasonal,5
2538,considerably,5
2539,anger,5
2540,band,5
2541,greenland,5
2542,occasion,5
2543,jog,5
2544,interior,5
2545,cupboard,5
2546,ceiling,5
2547,comparison,5
2548,retain,5
2549,stage,5
2550,steve,5
2551,aquaculture,5
2552,sustain,5
2553,fishing,5
2554,beef,5
2555,programme,5
2556,existence,5
2557,planet,5
2558,teenage,5
2559,informal,5
2560,garden,5
2561,autonomous,5
2562,elderly,5
2563,ground,5
2564,planning,5
2565,bury,5
2566,stone,5
2567,gram,5
2568,wash,5
2569,coast,5
2570,mayor,5
2571,legally,5
2572,hyphenation,5
2573,fresh,5
2574,siri,5
2575,dittoh,5
2576,mr,5
2577,prediction,5
2578,surf,5
2579,automatically,5
2580,nowhere,5
2581,basically,5
2582,found,5
2583,skilled,5
2584,racer,5
2585,calendar,5
2586,camp,5
2587,repeat,5
2588,outdoors,5
2589,mask,5
2590,march,5
2591,string,5
2592,wish,5
2593,safely,5
2594,dr,5
2595,collaboration,5
2596,uncomfortable,5
2597,edition,5
2598,communicative,5
2599,schlenker,5
2600,cocoa,5
2601,loud,5
2602,airfare,5
2603,sandwich,5
2604,opponent,5
2605,kelly,5
2606,equality,5
2607,adjustment,5
2608,endanger,5
2609,deliberate,5
2610,sample,5
2611,lucky,5
2612,owe,5
2613,criterion,5
2614,festival,5
2615,hourly,5
2616,weaken,5
2617,pension,5
2618,workout,5
2619,attain,5
2620,hershfield,5
2621,modification,5
2622,snowy,5
2623,suitable,5
2624,successfully,5
2625,prescribe,5
2626,southern,5
2627,manufacturing,5
2628,heating,5
2629,burger,5
2630,packet,5
2631,campaigner,5
2632,additionally,5
2633,sugary,5
2634,independent,5
2635,dry,5
2636,dakota,5
2637,subway,5
2638,entry,5
2639,sweet,5
2640,ambassador,5
2641,unwanted,5
2642,spacing,5
2643,bat,5
2644,meatless,5
2645,david,5
2646,games,5
2647,tent,5
2648,fair,5
2649,ave,5
2650,cyclist,5
2651,alzheimer,5
2652,foulkes,5
2653,midcareer,5
2654,hmm,5
2655,spacecraft,5
2656,um,5
2657,prickles,5
2658,sunshine,5
2659,hander,5
2660,kaios,5
2661,bin,5
2662,superhero,5
2663,wilbur,5
2664,tariq,5
2665,decorate,4
2666,renovate,4
2667,cafe,4
2668,considerable,4
2669,spacious,4
2670,sudden,4
2671,branch,4
2672,baking,4
2673,tasty,4
2674,jan,4
2675,desert,4
2676,soar,4
2677,reflection,4
2678,literally,4
2679,transition,4
2680,unlikely,4
2681,calculate,4
2682,grader,4
2683,instability,4
2684,lifespan,4
2685,worsen,4
2686,standing,4
2687,exclude,4
2688,stem,4
2689,patience,4
2690,tinker,4
2691,familiarize,4
2692,financially,4
2693,pledge,4
2694,shelter,4
2695,conceal,4
2696,joy,4
2697,unaware,4
2698,smoke,4
2699,isolate,4
2700,severely,4
2701,split,4
2702,bulk,4
2703,utilize,4
2704,universal,4
2705,outsider,4
2706,discrimination,4
2707,numerical,4
2708,none,4
2709,infancy,4
2710,equip,4
2711,refine,4
2712,distant,4
2713,ancestor,4
2714,realization,4
2715,cross,4
2716,grasp,4
2717,coca,4
2718,cola,4
2719,objective,4
2720,counter,4
2721,ultimate,4
2722,adaptability,4
2723,outstanding,4
2724,reform,4
2725,radical,4
2726,violent,4
2727,violence,4
2728,damn,4
2729,genuine,4
2730,expression,4
2731,weak,4
2732,determined,4
2733,establishment,4
2734,selection,4
2735,version,4
2736,fatal,4
2737,persist,4
2738,bored,4
2739,unrealistic,4
2740,superficial,4
2741,genuinely,4
2742,originally,4
2743,suspicion,4
2744,proportion,4
2745,category,4
2746,conswnption,4
2747,texas,4
2748,domestic,4
2749,popularity,4
2750,bushfire,4
2751,geese,4
2752,punish,4
2753,humility,4
2754,possess,4
2755,complain,4
2756,unpaid,4
2757,housework,4
2758,sympathy,4
2759,duty,4
2760,apparent,4
2761,guilty,4
2762,stressed,4
2763,overwhelming,4
2764,undermine,4
2765,supportive,4
2766,sharing,4
2767,unless,4
2768,realm,4
2769,compensation,4
2770,modest,4
2771,convincing,4
2772,gathering,4
2773,perfectly,4
2774,curious,4
2775,cough,4
2776,lung,4
2777,injure,4
2778,diamond,4
2779,crew,4
2780,inquire,4
2781,reconsider,4
2782,behavioural,4
2783,latin,4
2784,bore,4
2785,nevertheless,4
2786,pirson,4
2787,instruction,4
2788,everyday,4
2789,viewer,4
2790,entertainment,4
2791,overwhelm,4
2792,pharmaceutical,4
2793,neglect,4
2794,broaden,4
2795,urgency,4
2796,therapy,4
2797,theme,4
2798,restrict,4
2799,prompt,4
2800,seeker,4
2801,adaptable,4
2802,imitation,4
2803,grandfather,4
2804,grandmother,4
2805,cape,4
2806,flat,4
2807,restructure,4
2808,code,4
2809,ethic,4
2810,violation,4
2811,corporation,4
2812,evolution,4
2813,partnership,4
2814,tissue,4
2815,sensitivity,4
2816,defense,4
2817,compatible,4
2818,mouth,4
2819,pizza,4
2820,generous,4
2821,lens,4
2822,enrol,4
2823,appetite,4
2824,soul,4
2825,abta,4
2826,clever,4
2827,spain,4
2828,elsewhere,4
2829,availability,4
2830,google,4
2831,neighbor,4
2832,detect,4
2833,motivated,4
2834,whom,4
2835,physically,4
2836,humanity,4
2837,cater,4
2838,lorry,4
2839,superstar,4
2840,barbecue,4
2841,honey,4
2842,earn,4
2843,possession,4
2844,unhealthy,4
2845,neighborhood,4
2846,poverty,4
2847,praise,4
2848,flower,4
2849,jacket,4
2850,misuse,4
2851,supervision,4
2852,earthquake,4
2853,yoga,4
2854,investment,4
2855,beijing,4
2856,aggressive,4
2857,interactive,4
2858,format,4
2859,hidden,4
2860,boast,4
2861,scholarship,4
2862,assure,4
2863,vote,4
2864,graduation,4
2865,unchanged,4
2866,regional,4
2867,characterize,4
2868,organic,4
2869,angry,4
2870,baseline,4
2871,depressed,4
2872,pipe,4
2873,entertain,4
2874,delight,4
2875,pure,4
2876,mum,4
2877,element,4
2878,unwilling,4
2879,refuse,4
2880,ocean,4
2881,shrimp,4
2882,nobel,4
2883,wealthy,4
2884,morally,4
2885,enjoyment,4
2886,usage,4
2887,controversial,4
2888,informed,4
2889,cartoon,4
2890,insufficient,4
2891,murder,4
2892,fourth,4
2893,logic,4
2894,bedroom,4
2895,disruption,4
2896,everywhere,4
2897,nutritious,4
2898,barrier,4
2899,costly,4
2900,inexpensive,4
2901,mistakenly,4
2902,jones,4
2903,ownership,4
2904,personally,4
2905,bright,4
2906,faith,4
2907,joint,4
2908,medalist,4
2909,asleep,4
2910,imaginative,4
2911,impose,4
2912,battery,4
2913,recycled,4
2914,shirt,4
2915,blow,4
2916,apple,4
2917,rain,4
2918,convert,4
2919,agricultural,4
2920,europe,4
2921,automatic,4
2922,sam,4
2923,occupy,4
2924,persistent,4
2925,swim,4
2926,exploit,4
2927,deprive,4
2928,burnout,4
2929,vanish,4
2930,scream,4
2931,electricity,4
2932,specialist,4
2933,ecclestone,4
2934,broadcasting,4
2935,tuesday,4
2936,cup,4
2937,glad,4
2938,distribution,4
2939,magic,4
2940,shopper,4
2941,approve,4
2942,drum,4
2943,lunar,4
2944,february,4
2945,ear,4
2946,chan,4
2947,jumping,4
2948,shocking,4
2949,visible,4
2950,ancestry,4
2951,nephew,4
2952,excellent,4
2953,tennis,4
2954,functioning,4
2955,networking,4
2956,forge,4
2957,extinct,4
2958,wheat,4
2959,staple,4
2960,jarvis,4
2961,west,4
2962,commodity,4
2963,exhibit,4
2964,reciprocity,4
2965,jeremy,4
2966,outcompete,4
2967,peril,4
2968,refrain,4
2969,multitasker,4
2970,operating,4
2971,lifelong,4
2972,beloved,4
2973,trainer,4
2974,excel,4
2975,episode,4
2976,cycling,4
2977,earner,4
2978,regret,4
2979,trick,4
2980,nervous,4
2981,deposit,4
2982,justice,4
2983,equivalent,4
2984,introduction,4
2985,load,4
2986,motor,4
2987,companion,4
2988,vocabulary,4
2989,lupu,4
2990,fulfillment,4
2991,slip,4
2992,plot,4
2993,chip,4
2994,enrollment,4
2995,hearing,4
2996,litre,4
2997,australian,4
2998,distress,4
2999,hey,4
3000,greenhouse,4
3001,palace,4
3002,carriage,4
3003,conditioning,4
3004,johnny,4
3005,noticeable,4
3006,royal,4
3007,construct,4
3008,strategically,4
3009,fascinating,4
3010,catholic,4
3011,hourican,4
3012,scatter,4
3013,visitor,4
3014,lawrence,4
3015,resolution,4
3016,supplier,4
3017,orchestra,4
3018,cruise,4
3019,throughput,4
3020,reporter,4
3021,swiss,4
3022,queens,4
3023,susan,4
3024,covid,4
3025,mature,4
3026,asmr,4
3027,resume,4
3028,iceland,4
3029,flaw,4
3030,kirsteen,4
3031,celsius,4
3032,airlines,4
3033,buddy,4
3034,monday,4
3035,hello,4
3036,rugby,4
3037,bangalore,4
3038,palmdor,4
3039,fighter,4
3040,electric,4
3041,honestly,4
3042,kawamura,4
3043,jax,4
3044,morera,4
3045,il,3
3046,yon,3
3047,forbid,3
3048,supervise,3
3049,clock,3
3050,paul,3
3051,remark,3
3052,miami,3
3053,convenience,3
3054,dealer,3
3055,eagle,3
3056,pressurised,3
3057,float,3
3058,evenly,3
3059,roaster,3
3060,idaho,3
3061,hair,3
3062,knife,3
3063,firefighter,3
3064,crawl,3
3065,dramatic,3
3066,observation,3
3067,dependence,3
3068,forever,3
3069,academically,3
3070,beginning,3
3071,bully,3
3072,is,3
3073,laboratory,3
3074,vessel,3
3075,sharp,3
3076,ooo,3
3077,fashioned,3
3078,mathematical,3
3079,foster,3
3080,blend,3
3081,envy,3
3082,projector,3
3083,temper,3
3084,fault,3
3085,surge,3
3086,transformation,3
3087,exert,3
3088,substantial,3
3089,frustrated,3
3090,jt,3
3091,distract,3
3092,gps,3
3093,permit,3
3094,equipment,3
3095,replacement,3
3096,packaging,3
3097,addictive,3
3098,lonely,3
3099,hunter,3
3100,exclusively,3
3101,surrounding,3
3102,dominate,3
3103,continually,3
3104,unsurprising,3
3105,echo,3
3106,discriminate,3
3107,mammal,3
3108,manual,3
3109,verbal,3
3110,uncommon,3
3111,tremendous,3
3112,linguistic,3
3113,spotlight,3
3114,marion,3
3115,nestle,3
3116,drinking,3
3117,consult,3
3118,reinforce,3
3119,gig,3
3120,delete,3
3121,jason,3
3122,nuclear,3
3123,qualification,3
3124,matthew,3
3125,laws,3
3126,subsequent,3
3127,deem,3
3128,van,3
3129,de,3
3130,minor,3
3131,completion,3
3132,daydream,3
3133,provoke,3
3134,validate,3
3135,ought,3
3136,devote,3
3137,vague,3
3138,unnoticed,3
3139,checkup,3
3140,charter,3
3141,deck,3
3142,wedding,3
3143,poison,3
3144,oversee,3
3145,slim,3
3146,handwriting,3
3147,asset,3
3148,genius,3
3149,developer,3
3150,southeastern,3
3151,surface,3
3152,prime,3
3153,exhausting,3
3154,integrate,3
3155,extract,3
3156,dedicate,3
3157,illustration,3
3158,speculation,3
3159,lively,3
3160,loyalty,3
3161,proficient,3
3162,underlie,3
3163,undertake,3
3164,conjunction,3
3165,surgical,3
3166,alice,3
3167,gray,3
3168,lovely,3
3169,fencing,3
3170,camera,3
3171,sheep,3
3172,disappearance,3
3173,precious,3
3174,metal,3
3175,landing,3
3176,exhausted,3
3177,download,3
3178,circulation,3
3179,hill,3
3180,commonly,3
3181,dramatist,3
3182,stratford,3
3183,church,3
3184,extensively,3
3185,emergence,3
3186,predictable,3
3187,brighten,3
3188,unexpected,3
3189,headline,3
3190,amusing,3
3191,michael,3
3192,disclose,3
3193,shy,3
3194,wilding,3
3195,biology,3
3196,chronic,3
3197,healthcare,3
3198,reich,3
3199,shapiro,3
3200,resistance,3
3201,elementary,3
3202,recruitment,3
3203,sweat,3
3204,haunt,3
3205,occasional,3
3206,sophisticated,3
3207,schooler,3
3208,asia,3
3209,relational,3
3210,kissing,3
3211,arabian,3
3212,touching,3
3213,consent,3
3214,dynamic,3
3215,boundary,3
3216,computational,3
3217,chemistry,3
3218,improved,3
3219,settler,3
3220,mixed,3
3221,originate,3
3222,advisor,3
3223,relief,3
3224,messy,3
3225,religion,3
3226,practicability,3
3227,seldom,3
3228,nerve,3
3229,clue,3
3230,insider,3
3231,salt,3
3232,seize,3
3233,popularize,3
3234,means,3
3235,amongst,3
3236,absent,3
3237,constitute,3
3238,incorrectly,3
3239,restraint,3
3240,validity,3
3241,noisy,3
3242,deliberation,3
3243,formulate,3
3244,milk,3
3245,rental,3
3246,seaside,3
3247,phrase,3
3248,flag,3
3249,founder,3
3250,peak,3
3251,o'shaughnessy,3
3252,log,3
3253,reportedly,3
3254,retention,3
3255,openness,3
3256,dilemma,3
3257,neutralize,3
3258,external,3
3259,harsh,3
3260,revolutionize,3
3261,elevate,3
3262,immature,3
3263,rural,3
3264,turkey,3
3265,upgrade,3
3266,emit,3
3267,equally,3
3268,enthusiasm,3
3269,parenting,3
3270,dignity,3
3271,nonprofit,3
3272,exception,3
3273,undergraduate,3
3274,flow,3
3275,expectancy,3
3276,cutting,3
3277,george,3
3278,bless,3
3279,dishonesty,3
3280,palm,3
3281,overuse,3
3282,supervisor,3
3283,output,3
3284,minimal,3
3285,organizational,3
3286,manner,3
3287,bed,3
3288,except,3
3289,entitle,3
3290,presentation,3
3291,map,3
3292,receipt,3
3293,coronary,3
3294,questionnaire,3
3295,bathroom,3
3296,blindly,3
3297,inquiry,3
3298,olive,3
3299,nutritional,3
3300,cereal,3
3301,prevail,3
3302,myriam,3
3303,concentration,3
3304,finder,3
3305,indifferent,3
3306,fuss,3
3307,worried,3
3308,deaf,3
3309,nelson,3
3310,interfere,3
3311,overwhelmed,3
3312,tim,3
3313,jobs,3
3314,threshold,3
3315,marine,3
3316,freshwater,3
3317,southeast,3
3318,disastrous,3
3319,continuously,3
3320,balanced,3
3321,prosperity,3
3322,continuous,3
3323,pew,3
3324,rideout,3
3325,theft,3
3326,inevitable,3
3327,patch,3
3328,phase,3
3329,residence,3
3330,wind,3
3331,connected,3
3332,revolutionary,3
3333,developed,3
3334,economically,3
3335,accompany,3
3336,volcanic,3
3337,loaf,3
3338,bake,3
3339,taking,3
3340,ashore,3
3341,maiden,3
3342,hopefully,3
3343,appealing,3
3344,partially,3
3345,professionally,3
3346,bradberry,3
3347,shocked,3
3348,ryan,3
3349,mooc,3
3350,data,3
3351,forum,3
3352,accuse,3
3353,violate,3
3354,martian,3
3355,apologize,3
3356,scratch,3
3357,goto,3
3358,treasure,3
3359,strict,3
3360,digitally,3
3361,napping,3
3362,laziness,3
3363,geographic,3
3364,seed,3
3365,workshop,3
3366,clint,3
3367,lee,3
3368,edit,3
3369,intimate,3
3370,wheel,3
3371,determinedly,3
3372,unnecessary,3
3373,toilet,3
3374,staffer,3
3375,misleading,3
3376,morocco,3
3377,import,3
3378,east,3
3379,grab,3
3380,sporting,3
3381,fierce,3
3382,nascar,3
3383,monaco,3
3384,italy,3
3385,fold,3
3386,virtual,3
3387,mainstream,3
3388,charm,3
3389,rocket,3
3390,layout,3
3391,bond,3
3392,june,3
3393,administer,3
3394,identical,3
3395,studio,3
3396,twist,3
3397,circle,3
3398,fong,3
3399,comprise,3
3400,chinatown,3
3401,parade,3
3402,shake,3
3403,rooster,3
3404,shoulder,3
3405,ship,3
3406,exchange,3
3407,rearrange,3
3408,extraordinary,3
3409,frightening,3
3410,divorce,3
3411,deteriorate,3
3412,scary,3
3413,litter,3
3414,practically,3
3415,ankle,3
3416,postpone,3
3417,foresee,3
3418,planner,3
3419,racial,3
3420,coordinate,3
3421,soybean,3
3422,confine,3
3423,central,3
3424,storage,3
3425,knee,3
3426,busyness,3
3427,devoted,3
3428,variable,3
3429,airline,3
3430,receptionist,3
3431,fond,3
3432,everybody,3
3433,pub,3
3434,diner,3
3435,stair,3
3436,boat,3
3437,transaction,3
3438,inch,3
3439,casually,3
3440,harrington,3
3441,ceo,3
3442,illegally,3
3443,investigator,3
3444,legislation,3
3445,coin,3
3446,favour,3
3447,fitness,3
3448,false,3
3449,historically,3
3450,successive,3
3451,shortly,3
3452,myth,3
3453,likelihood,3
3454,brave,3
3455,alarm,3
3456,businessman,3
3457,organiser,3
3458,vendor,3
3459,camper,3
3460,anaerobic,3
3461,notify,3
3462,benjamin,3
3463,satisfied,3
3464,inequality,3
3465,purchasing,3
3466,terrified,3
3467,longing,3
3468,height,3
3469,reduced,3
3470,genetically,3
3471,squeeze,3
3472,automobile,3
3473,chore,3
3474,remedy,3
3475,abstraction,3
3476,visualize,3
3477,scan,3
3478,unsurprisingly,3
3479,visually,3
3480,gratification,3
3481,persistence,3
3482,canteen,3
3483,consequently,3
3484,minimize,3
3485,carolina,3
3486,indiana,3
3487,supporter,3
3488,tom,3
3489,wilson,3
3490,superintendent,3
3491,adam,3
3492,attainment,3
3493,thesis,3
3494,spare,3
3495,alongside,3
3496,spending,3
3497,bomb,3
3498,explosion,3
3499,military,3
3500,rail,3
3501,favorable,3
3502,participation,3
3503,posting,3
3504,morrison,3
3505,masterpiece,3
3506,analyse,3
3507,lechner,3
3508,ruiz,3
3509,castro,3
3510,mit,3
3511,am,3
3512,planting,3
3513,ugly,3
3514,urban,3
3515,crane,3
3516,withdraw,3
3517,badminton,3
3518,championship,3
3519,odd,3
3520,reuse,3
3521,frequency,3
3522,auditory,3
3523,kanold,3
3524,cleverly,3
3525,chetan,3
3526,soda,3
3527,higher,3
3528,flavour,3
3529,reusable,3
3530,rainforest,3
3531,cooler,3
3532,mountainous,3
3533,modify,3
3534,motion,3
3535,proof,3
3536,buyer,3
3537,seller,3
3538,retail,3
3539,slap,3
3540,incentivize,3
3541,regulatory,3
3542,telephone,3
3543,fascination,3
3544,endangered,3
3545,observer,3
3546,federation,3
3547,finchley,3
3548,ritman,3
3549,wallet,3
3550,survival,3
3551,fragmentation,3
3552,sillero,3
3553,shed,3
3554,perfection,3
3555,atlanta,3
3556,loyal,3
3557,worthwhile,3
3558,symbolic,3
3559,insulin,3
3560,substance,3
3561,surplus,3
3562,saying,3
3563,fade,3
3564,anytime,3
3565,organ,3
3566,adaptive,3
3567,sensor,3
3568,reunite,3
3569,gloomy,3
3570,headteacher,3
3571,rally,3
3572,henry,3
3573,abraham,3
3574,fluctuate,3
3575,declare,3
3576,inspection,3
3577,piano,3
3578,diagnosis,3
3579,eve,3
3580,afterwards,3
3581,ok,3
3582,ageism,3
3583,retrain,3
3584,chef,3
3585,daniel,3
3586,grateful,3
3587,deer,3
3588,switzerland,3
3589,western,3
3590,indian,3
3591,cry,3
3592,runner,3
3593,criticism,3
3594,arrest,3
3595,taxi,3
3596,discovery,3
3597,miller,3
3598,karen,3
3599,cube,3
3600,three,3
3601,embarrassed,3
3602,potentially,3
3603,alan,3
3604,walter,3
3605,dan,3
3606,pendry,3
3607,dychtwald,3
3608,hydrogen,3
3609,goodman,3
3610,girlfriend,3
3611,egypt,3
3612,division,3
3613,tavern,3
3614,harris,3
3615,mexico,3
3616,workbook,2
3617,beg,2
3618,crowded,2
3619,explorer,2
3620,chain,2
3621,reproduce,2
3622,oven,2
3623,manufacture,2
3624,iditarod,2
3625,trail,2
3626,contestant,2
3627,newton,2
3628,alaska,2
3629,nest,2
3630,brutal,2
3631,microscope,2
3632,willot,2
3633,reflective,2
3634,coursework,2
3635,hopelessness,2
3636,policymaker,2
3637,lifetime,2
3638,earning,2
3639,striking,2
3640,biological,2
3641,solely,2
3642,hopeless,2
3643,smartness,2
3644,defeat,2
3645,decisive,2
3646,sibm,2
3647,builder,2
3648,optimism,2
3649,solver,2
3650,tear,2
3651,geometry,2
3652,secondly,2
3653,handy,2
3654,ss,2
3655,tolerate,2
3656,frustrate,2
3657,reliant,2
3658,dissatisfaction,2
3659,existent,2
3660,swell,2
3661,repetitive,2
3662,lazy,2
3663,pope,2
3664,ambulance,2
3665,nicola,2
3666,sturgeon,2
3667,overpopulated,2
3668,yen,2
3669,unsure,2
3670,apology,2
3671,regain,2
3672,whenever,2
3673,wherever,2
3674,brown,2
3675,barran,2
3676,isolated,2
3677,appointment,2
3678,dimension,2
3679,amazonia,2
3680,historical,2
3681,reshape,2
3682,piraha,2
3683,invent,2
3684,unnatural,2
3685,fingertip,2
3686,decimal,2
3687,tongue,2
3688,proto,2
3689,decimally,2
3690,orient,2
3691,inclination,2
3692,indirect,2
3693,upright,2
3694,nonexistent,2
3695,representation,2
3696,inherit,2
3697,culturally,2
3698,mankind,2
3699,inborn,2
3700,squarely,2
3701,welch,2
3702,grape,2
3703,liebman,2
3704,pro,2
3705,doubtful,2
3706,irrelevant,2
3707,ladder,2
3708,freelancer,2
3709,enterprise,2
3710,disrupt,2
3711,terminal,2
3712,confess,2
3713,fascinated,2
3714,routinely,2
3715,shin,2
3716,wound,2
3717,merit,2
3718,biomedical,2
3719,narrowly,2
3720,sciences,2
3721,barabasi,2
3722,penalty,2
3723,northwestern,2
3724,sociologist,2
3725,comparable,2
3726,cull,2
3727,persevere,2
3728,rijt,2
3729,taxpayer,2
3730,motivating,2
3731,disappointment,2
3732,contradictory,2
3733,trendy,2
3734,tedious,2
3735,impressive,2
3736,valid,2
3737,confront,2
3738,handful,2
3739,statistics,2
3740,deception,2
3741,final,2
3742,measurement,2
3743,verify,2
3744,accurately,2
3745,orientation,2
3746,smooth,2
3747,sue,2
3748,tygielski,2
3749,wed,2
3750,anniversary,2
3751,repaint,2
3752,impractical,2
3753,inconsistent,2
3754,unmanageable,2
3755,unfair,2
3756,shortcoming,2
3757,initiate,2
3758,confused,2
3759,thoroughly,2
3760,san,2
3761,francisco,2
3762,sleeplessness,2
3763,underline,2
3764,erin,2
3765,prevalence,2
3766,scope,2
3767,wholly,2
3768,invisible,2
3769,circumstantial,2
3770,disturb,2
3771,wellness,2
3772,disrespectful,2
3773,ideally,2
3774,triple,2
3775,montreal,2
3776,calculation,2
3777,temporary,2
3778,thirst,2
3779,crawler,2
3780,inuit,2
3781,arctic,2
3782,mode,2
3783,destine,2
3784,rebuild,2
3785,goldmine,2
3786,blueprint,2
3787,timber,2
3788,brick,2
3789,poet,2
3790,baptize,2
3791,customary,2
3792,noble,2
3793,twin,2
3794,outline,2
3795,tactic,2
3796,conversationalist,2
3797,expertise,2
3798,tune,2
3799,hagy,2
3800,persistently,2
3801,protective,2
3802,gear,2
3803,veteran,2
3804,morrissey,2
3805,individuality,2
3806,signature,2
3807,engaged,2
3808,relatable,2
3809,storytelling,2
3810,disagree,2
3811,harmless,2
3812,rob,2
3813,mindi,2
3814,killer,2
3815,dreaming,2
3816,unpleasant,2
3817,fundamentally,2
3818,disturbing,2
3819,latter,2
3820,fiction,2
3821,youngster,2
3822,offend,2
3823,nonverbal,2
3824,haptic,2
3825,custom,2
3826,greeting,2
3827,sex,2
3828,tactile,2
3829,offensive,2
3830,communicator,2
3831,integrative,2
3832,instruct,2
3833,cod,2
3834,devise,2
3835,profound,2
3836,lost,2
3837,flee,2
3838,motionless,2
3839,unconscious,2
3840,zealand,2
3841,worksheet,2
3842,workload,2
3843,folder,2
3844,disorganize,2
3845,organized,2
3846,misunderstanding,2
3847,undesirable,2
3848,diversify,2
3849,appropriately,2
3850,memo,2
3851,renegotiate,2
3852,binding,2
3853,spite,2
3854,chew,2
3855,swallow,2
3856,watcher,2
3857,luckily,2
3858,costume,2
3859,announcement,2
3860,linkedin,2
3861,hiring,2
3862,stare,2
3863,interviewer,2
3864,tip,2
3865,dislike,2
3866,inconvenient,2
3867,acquisition,2
3868,spur,2
3869,disagreement,2
3870,misplace,2
3871,transparent,2
3872,dispute,2
3873,restrain,2
3874,ingredient,2
3875,fda,2
3876,coastal,2
3877,stir,2
3878,legitimate,2
3879,amateur,2
3880,actor,2
3881,exceed,2
3882,trustworthy,2
3883,rose,2
3884,glass,2
3885,neate,2
3886,theirs,2
3887,russia,2
3888,nick,2
3889,cooper,2
3890,cautious,2
3891,occurrence,2
3892,positively,2
3893,temptation,2
3894,overnight,2
3895,flourish,2
3896,jobless,2
3897,clinic,2
3898,drunk,2
3899,trailer,2
3900,hurry,2
3901,slice,2
3902,garbage,2
3903,radiation,2
3904,formation,2
3905,excitement,2
3906,misguided,2
3907,bother,2
3908,weekly,2
3909,literate,2
3910,gifted,2
3911,books,2
3912,healthier,2
3913,singular,2
3914,woodland,2
3915,newcomer,2
3916,amid,2
3917,medicaid,2
3918,abuse,2
3919,storm,2
3920,overhead,2
3921,engel,2
3922,relieved,2
3923,literary,2
3924,josephson,2
3925,ethics,2
3926,anti,2
3927,innocent,2
3928,interviewee,2
3929,guilt,2
3930,curb,2
3931,unconventional,2
3932,invitation,2
3933,miner,2
3934,expected,2
3935,sixth,2
3936,seafood,2
3937,unspoiled,2
3938,architecture,2
3939,coach,2
3940,spinning,2
3941,membership,2
3942,wise,2
3943,registration,2
3944,amsterdam,2
3945,earl,2
3946,picnic,2
3947,sweating,2
3948,bacteria,2
3949,observational,2
3950,gate,2
3951,thankfully,2
3952,admission,2
3953,prescription,2
3954,depressing,2
3955,scheme,2
3956,desperately,2
3957,embarrassing,2
3958,locally,2
3959,nordic,2
3960,okinawan,2
3961,wolf,2
3962,thin,2
3963,dose,2
3964,bearer,2
3965,greater,2
3966,usual,2
3967,policeman,2
3968,fairly,2
3969,excite,2
3970,interpreter,2
3971,fashionable,2
3972,framework,2
3973,parenthood,2
3974,fare,2
3975,mums,2
3976,depressive,2
3977,philosophy,2
3978,reply,2
3979,quote,2
3980,peter,2
3981,efficiently,2
3982,aquatic,2
3983,tenth,2
3984,plate,2
3985,bullet,2
3986,ecosystem,2
3987,assist,2
3988,hazard,2
3989,somebody,2
3990,coordinator,2
3991,nationally,2
3992,undernourishment,2
3993,repayment,2
3994,misery,2
3995,starvation,2
3996,representative,2
3997,suck,2
3998,heated,2
3999,scooby,2
4000,gang,2
4001,terrorize,2
4002,unethically,2
4003,matrix,2
4004,unrelated,2
4005,bowl,2
4006,deviant,2
4007,flexibly,2
4008,liar,2
4009,philip,2
4010,zimbardo,2
4011,stanford,2
4012,heroism,2
4013,outlier,2
4014,abnormal,2
4015,disappoint,2
4016,conform,2
4017,illegal,2
4018,erase,2
4019,preach,2
4020,truck,2
4021,disappointed,2
4022,indication,2
4023,insecurity,2
4024,determinant,2
4025,seminar,2
4026,summarize,2
4027,deficit,2
4028,processing,2
4029,incorporate,2
4030,pen,2
4031,purple,2
4032,constructive,2
4033,unusually,2
4034,intense,2
4035,colorful,2
4036,congratulation,2
4037,certification,2
4038,annoy,2
4039,president,2
4040,silly,2
4041,used,2
4042,graciously,2
4043,overachieve,2
4044,admire,2
4045,irrational,2
4046,ignorance,2
4047,refugees,2
4048,catalog,2
4049,migrant,2
4050,intensifie,2
4051,secretary,2
4052,afterward,2
4053,lover,2
4054,dune,2
4055,alpha,2
4056,houston,2
4057,miu,2
4058,softball,2
4059,committee,2
4060,symbol,2
4061,sticker,2
4062,singer,2
4063,sensible,2
4064,touchscreen,2
4065,keypad,2
4066,mass,2
4067,rapid,2
4068,petroleum,2
4069,pointless,2
4070,liter,2
4071,globe,2
4072,abundant,2
4073,reckon,2
4074,mend,2
4075,francis,2
4076,meteo,2
4077,tamale,2
4078,ghana,2
4079,grass,2
4080,forecast,2
4081,recording,2
4082,command,2
4083,proper,2
4084,tone,2
4085,liberties,2
4086,dictate,2
4087,spoken,2
4088,inadequate,2
4089,recreation,2
4090,swimming,2
4091,curse,2
4092,recovery,2
4093,garment,2
4094,weaving,2
4095,pricey,2
4096,solidify,2
4097,recite,2
4098,installment,2
4099,arab,2
4100,taylor,2
4101,pioneer,2
4102,dictator,2
4103,liberty,2
4104,motorsport,2
4105,remotely,2
4106,broadcast,2
4107,bloom,2
4108,elite,2
4109,awe,2
4110,channel,2
4111,patrick,2
4112,sports,2
4113,anymore,2
4114,hook,2
4115,tight,2
4116,harbor,2
4117,motorbike,2
4118,commerce,2
4119,kullen,2
4120,fordist,2
4121,revolution,2
4122,maryland,2
4123,tempt,2
4124,random,2
4125,slide,2
4126,detach,2
4127,reminder,2
4128,density,2
4129,staircase,2
4130,canal,2
4131,beast,2
4132,firecracker,2
4133,teng,2
4134,inspect,2
4135,ribbon,2
4136,waist,2
4137,legacy,2
4138,pride,2
4139,origin,2
4140,elder,2
4141,organisational,2
4142,nuisance,2
4143,relocate,2
4144,vulnerability,2
4145,implicitly,2
4146,disclosure,2
4147,caution,2
4148,collective,2
4149,annoying,2
4150,demanding,2
4151,acute,2
4152,november,2
4153,deprivation,2
4154,ill,2
4155,services,2
4156,ashamed,2
4157,annoyed,2
4158,steady,2
4159,compel,2
4160,ethnic,2
4161,adoption,2
4162,spoil,2
4163,deserted,2
4164,deed,2
4165,workmate,2
4166,unfit,2
4167,cage,2
4168,counsel,2
4169,arbitrarily,2
4170,candy,2
4171,longevity,2
4172,foodstuff,2
4173,probability,2
4174,resurrection,2
4175,farrant,2
4176,fortunately,2
4177,cease,2
4178,corner,2
4179,statistical,2
4180,soil,2
4181,expansion,2
4182,rice,2
4183,indirectly,2
4184,soften,2
4185,tolerant,2
4186,diversification,2
4187,interestingly,2
4188,mobility,2
4189,generator,2
4190,avoidance,2
4191,unfairly,2
4192,plug,2
4193,multinational,2
4194,skeleton,2
4195,loosen,2
4196,harden,2
4197,camden,2
4198,brigette,2
4199,clark,2
4200,waitress,2
4201,negotiator,2
4202,sympathize,2
4203,exhaust,2
4204,faculty,2
4205,boston,2
4206,jpmorgan,2
4207,caregive,2
4208,fraction,2
4209,arrangement,2
4210,historic,2
4211,settlement,2
4212,allegedly,2
4213,objection,2
4214,willingness,2
4215,intently,2
4216,integrity,2
4217,eagerness,2
4218,impulsive,2
4219,insensible,2
4220,viewpoint,2
4221,resort,2
4222,achievable,2
4223,criticize,2
4224,execute,2
4225,multitasking,2
4226,fluid,2
4227,span,2
4228,illness,2
4229,supposedly,2
4230,videogame,2
4231,texting,2
4232,sphere,2
4233,radio,2
4234,lenhart,2
4235,rebecca,2
4236,eynon,2
4237,oxford,2
4238,instagram,2
4239,drama,2
4240,overly,2
4241,composition,2
4242,virtually,2
4243,naomi,2
4244,cable,2
4245,eu,2
4246,texte,2
4247,racehorse,2
4248,ginger,2
4249,steeplechase,2
4250,grace,2
4251,league,2
4252,heel,2
4253,racecourse,2
4254,definitive,2
4255,constraint,2
4256,extinguish,2
4257,flame,2
4258,feasibility,2
4259,cloning,2
4260,publication,2
4261,baker,2
4262,closing,2
4263,campsite,2
4264,wilderness,2
4265,mythical,2
4266,alarmingly,2
4267,infection,2
4268,flood,2
4269,astonishing,2
4270,aerobic,2
4271,median,2
4272,lao,2
4273,zi,2
4274,prisoner,2
4275,unproductive,2
4276,abandonment,2
4277,validation,2
4278,desperate,2
4279,geoffrey,2
4280,raisman,2
4281,pathway,2
4282,durability,2
4283,refresh,2
4284,takeoff,2
4285,crazy,2
4286,openly,2
4287,bestseller,2
4288,inability,2
4289,repeatedly,2
4290,instrumental,2
4291,logically,2
4292,comfortably,2
4293,funny,2
4294,versus,2
4295,namely,2
4296,inaction,2
4297,procrastination,2
4298,wrap,2
4299,woolley,2
4300,determination,2
4301,practise,2
4302,sponsorship,2
4303,trial,2
4304,collector,2
4305,safeguard,2
4306,mislead,2
4307,intensive,2
4308,contradict,2
4309,flooding,2
4310,officially,2
4311,snowfall,2
4312,roll,2
4313,object,2
4314,september,2
4315,resist,2
4316,roth,2
4317,blizzard,2
4318,dfe,2
4319,authorise,2
4320,disengagement,2
4321,nobility,2
4322,ornament,2
4323,humor,2
4324,intellectual,2
4325,intolerable,2
4326,judgement,2
4327,persuasive,2
4328,proclamation,2
4329,significance,2
4330,clap,2
4331,wasteful,2
4332,minimum,2
4333,unit,2
4334,pursuit,2
4335,moen,2
4336,explicitly,2
4337,craziness,2
4338,unsuccessful,2
4339,weakening,2
4340,wood,2
4341,parliament,2
4342,sustainably,2
4343,defy,2
4344,footing,2
4345,dominance,2
4346,jungle,2
4347,impulse,2
4348,soccer,2
4349,refined,2
4350,expendable,2
4351,ozone,2
4352,aloud,2
4353,favourite,2
4354,resourceful,2
4355,neuron,2
4356,sensory,2
4357,cortex,2
4358,wire,2
4359,narration,2
4360,speculate,2
4361,penny,2
4362,greenpeace,2
4363,recyclable,2
4364,eco,2
4365,shoot,2
4366,shipping,2
4367,heartbroken,2
4368,skyrocket,2
4369,bio,2
4370,refrigerate,2
4371,cheer,2
4372,prepared,2
4373,sterner,2
4374,passively,2
4375,pitch,2
4376,starting,2
4377,eula,2
4378,automaker,2
4379,liability,2
4380,malfunction,2
4381,driverless,2
4382,publicity,2
4383,supplement,2
4384,liver,2
4385,nourishment,2
4386,honorary,2
4387,stole,2
4388,fortunate,2
4389,uniqueness,2
4390,defect,2
4391,markedly,2
4392,selfish,2
4393,cooperative,2
4394,royalty,2
4395,punt,2
4396,strategic,2
4397,grown,2
4398,outward,2
4399,deputy,2
4400,revolve,2
4401,industries,2
4402,technical,2
4403,commission,2
4404,deutsche,2
4405,transferable,2
4406,tutoring,2
4407,khan,2
4408,cleaver,2
4409,geography,2
4410,marvelous,2
4411,entrepreneurship,2
4412,environmentalist,2
4413,michigan,2
4414,guardian,2
4415,goldilocks,2
4416,developmental,2
4417,reproduction,2
4418,infer,2
4419,marathon,2
4420,pine,2
4421,exceptional,2
4422,hitchcock,2
4423,suspense,2
4424,filmmaker,2
4425,robbery,2
4426,principal,2
4427,critic,2
4428,freshly,2
4429,profitable,2
4430,intact,2
4431,nurse,2
4432,sievenpiper,2
4433,applicable,2
4434,ripe,2
4435,roger,2
4436,clemens,2
4437,tailor,2
4438,assessment,2
4439,lend,2
4440,subtle,2
4441,symphonic,2
4442,relevance,2
4443,expressive,2
4444,justify,2
4445,magical,2
4446,frustrating,2
4447,massachusetts,2
4448,collision,2
4449,brake,2
4450,halfway,2
4451,tailgate,2
4452,flock,2
4453,densely,2
4454,cave,2
4455,resentment,2
4456,bitter,2
4457,spiritual,2
4458,joan,2
4459,solsman,2
4460,longtime,2
4461,processed,2
4462,alternate,2
4463,kent,2
4464,neighbour,2
4465,grandson,2
4466,olympics,2
4467,methodist,2
4468,triumph,2
4469,wrapping,2
4470,boyfriend,2
4471,torture,2
4472,jetlag,2
4473,protest,2
4474,shout,2
4475,coburn,2
4476,merchant,2
4477,hughes,2
4478,grabar,2
4479,weird,2
4480,rhythm,2
4481,midazolam,2
4482,internal,2
4483,comply,2
4484,economics,2
4485,occupation,2
4486,baily,2
4487,flu,2
4488,millionaire,2
4489,westwood,2
4490,promotional,2
4491,blackboard,2
4492,dementia,2
4493,tower,2
4494,acceptance,2
4495,utilise,2
4496,gardner,2
4497,barr,2
4498,barrie,2
4499,ricci,2
4500,fictional,2
4501,canadian,2
4502,physicist,2
4503,linear,2
4504,surround,2
4505,climb,2
4506,rebelliousness,2
4507,manipulative,2
4508,promising,2
4509,biscuit,2
4510,avenue,2
4511,temporarily,2
4512,rouse,2
4513,upset,2
4514,activism,2
4515,senator,2
4516,hayes,2
4517,activist,2
4518,forth,2
4519,candidate,2
4520,switcher,2
4521,tea,2
4522,gamble,2
4523,classic,2
4524,culinary,2
4525,testing,2
4526,hereditary,2
4527,multi,2
4528,factorial,2
4529,bunch,2
4530,straight,2
4531,talented,2
4532,wednesday,2
4533,invasive,2
4534,frog,2
4535,craft,2
4536,re,2
4537,rome,2
4538,pensioner,2
4539,fukuda,2
4540,ito,2
4541,mathematic,2
4542,achiever,2
4543,aviation,2
4544,bend,2
4545,tokyo,2
4546,denver,2
4547,semba,2
4548,pregnancy,2
4549,smoothly,2
4550,krivoy,2
4551,mexican,2
4552,penalize,2
4553,aircraft,2
4554,siberia,2
4555,seimon,2
4556,hamburger,2
4557,salad,2
4558,sauce,2
4559,creamy,2
4560,vietnamese,2
4561,running,2
4562,clip,2
4563,brief,2
4564,cologne,2
4565,karla,2
4566,france,2
4567,crossing,2
4568,ferry,2
4569,categorization,2
4570,mining,2
4571,carol,2
4572,stopover,2
4573,metro,2
4574,database,2
4575,notebook,2
4576,overrepresente,2
4577,baseball,2
4578,championships,2
4579,pm,2
4580,shuttle,2
4581,durham,2
4582,horrible,2
4583,abolish,2
4584,arrival,2
4585,researchers,2
4586,millers,2
4587,hate,2
4588,laugh,2
4589,politician,2
4590,rhode,2
4591,nasa,2
4592,neck,2
4593,gently,2
4594,coverage,2
4595,drift,2
4596,sunday,2
4597,gown,2
4598,leftover,2
4599,morris,2
4600,jane,2
4601,adventure,2
4602,joke,2
4603,engaging,2
4604,july,2
4605,norwalk,2
4606,markowitz,2
4607,december,2
4608,august,2
4609,jetblue,2
4610,deadly,2
4611,downtown,2
4612,jacksonville,2
4613,cumber,2
4614,transit,2
4615,appreciation,2
4616,christian,2
4617,thunder,2
4618,lightning,2
4619,bob,2
4620,mary,2
4621,coordination,2
4622,udell,2
4623,inflation,2
4624,falcon,2
4625,spaceflight,2
4626,mathews,2
4627,ah,2
4628,gesture,2
4629,florida,2
4630,bursa,2
4631,january,2
4632,bobo,2
4633,battleships,2
4634,volunteering,2
4635,elysia,2
4636,kowalczyk,2
4637,bow,2
4638,bell,2
4639,customs,2
4640,swear,2
4641,wow,2
4642,lakeview,2
4643,eff,1
4644,ect,1
4645,enrolhim,1
4646,coming,1
4647,hostess,1
4648,compact,1
4649,peacefully,1
4650,brew,1
4651,spacc,1
4652,sightseeing,1
4653,annually,1
4654,scenery,1
4655,sahara,1
4656,fahrenheit,1
4657,saharan,1
4658,ray,1
4659,belgian,1
4660,dig,1
4661,belgium,1
4662,triangular,1
4663,prism,1
4664,metallic,1
4665,awful,1
4666,quentin,1
4667,lamp,1
4668,consciously,1
4669,specimen,1
4670,thick,1
4671,reaa,1
4672,ibtimately,1
4673,preparatory,1
4674,welfare,1
4675,eighth,1
4676,aaolescence,1
4677,adolescent,1
4678,stuck,1
4679,replicate,1
4680,counselor,1
4681,unchangeable,1
4682,solving,1
4683,nasa's,1
4684,propulsion,1
4685,tinkerer,1
4686,spatial,1
4687,architectural,1
4688,creator,1
4689,gadget,1
4690,calculator,1
4691,deteriorating,1
4692,penetrate,1
4693,programming,1
4694,ip,1
4695,fj,1
4696,practitioner,1
4697,offormg,1
4698,tliem,1
4699,trammg,1
4700,ml,1
4701,ff,1
4702,ffi,1
4703,ri,1
4704,tmnker,1
4705,stricter,1
4706,tremendously,1
4707,wili,1
4708,sincere,1
4709,speeding,1
4710,fillb,1
4711,counselling,1
4712,identifiable,1
4713,cigarette,1
4714,brigham,1
4715,thep,1
4716,silent,1
4717,fa,1
4718,appoint,1
4719,baroness,1
4720,bench,1
4721,fifth,1
4722,unmarried,1
4723,loneliest,1
4724,abruptly,1
4725,idiom,1
4726,debating,1
4727,bas,1
4728,gatherer,1
4729,govern,1
4730,checking,1
4731,otlture,1
4732,nwnber,1
4733,munduruku,1
4734,nicaragua,1
4735,nuts,1
4736,otherexiteriment,1
4737,hav,1
4738,toa,1
4739,cognitively,1
4740,maici,1
4741,ecology,1
4742,counting,1
4743,coconut,1
4744,blurry,1
4745,industrialized,1
4746,spoon,1
4747,painstaking,1
4748,initially,1
4749,sequentially,1
4750,successor,1
4751,cognition,1
4752,skillfully,1
4753,instinctual,1
4754,mammalian,1
4755,ttr,1
4756,ancestral,1
4757,indo,1
4758,gateway,1
4759,momentary,1
4760,fixation,1
4761,cultures,1
4762,er,1
4763,numeric,1
4764,ancient,1
4765,mesopotamia,1
4766,reside,1
4767,artifact,1
4768,conceptually,1
4769,fallowe,1
4770,revelation,1
4771,informally,1
4772,concord,1
4773,quaker,1
4774,oats,1
4775,oatmeal,1
4776,bonnie,1
4777,beskeptical,1
4778,funder,1
4779,intuition,1
4780,lb,1
4781,jfr,1
4782,freelancing,1
4783,badge,1
4784,tier,1
4785,programmer,1
4786,marketplace,1
4787,experienced,1
4788,treasured,1
4789,fuller,1
4790,xishuangbanna,1
4791,jjli,1
4792,fp,1
4793,ref,1
4794,ere,1
4795,nee,1
4796,aggressively,1
4797,eil,1
4798,pkff,1
4799,correspondirtg,1
4800,eftpos,1
4801,j'j,1
4802,telstra,1
4803,parcel,1
4804,lq,1
4805,murphy,1
4806,modem,1
4807,fabrication,1
4808,cursor,1
4809,commonplace,1
4810,shower,1
4811,voyage,1
4812,screw,1
4813,scientifically,1
4814,probe,1
4815,arbitrary,1
4816,conflicting,1
4817,proceedings,1
4818,netherlands,1
4819,professorship,1
4820,institutes,1
4821,fellowship,1
4822,ilie,1
4823,bible's,1
4824,diaf,1
4825,fo,1
4826,albert,1
4827,laszlo,1
4828,recognized,1
4829,disproportionate,1
4830,communications,1
4831,dashun,1
4832,citation,1
4833,attrition,1
4834,proverbial,1
4835,kick,1
4836,pant,1
4837,utrecht,1
4838,arnout,1
4839,bang,1
4840,buck,1
4841,dividing,1
4842,unedited,1
4843,respected,1
4844,fate,1
4845,rejection,1
4846,awarder,1
4847,fruitful,1
4848,passa,1
4849,ge,1
4850,associative,1
4851,stimulation,1
4852,painful,1
4853,ijt,1
4854,khl,1
4855,buildinn,1
4856,seop,1
4857,mindful,1
4858,emptiness,1
4859,worthy,1
4860,reporting,1
4861,wishful,1
4862,conswne,1
4863,waistline,1
4864,snacking,1
4865,fattening,1
4866,kat,1
4867,tj,1
4868,ikjlj,1
4869,domesticate,1
4870,disable,1
4871,specially,1
4872,distinctive,1
4873,admirable,1
4874,meng,1
4875,unrested,1
4876,ridicule,1
4877,therapist,1
4878,nations,1
4879,laborious,1
4880,silvia,1
4881,federici,1
4882,nova,1
4883,acting,1
4884,calmness,1
4885,jess,1
4886,zimmerman,1
4887,thread,1
4888,metafilter,1
4889,sleeping,1
4890,socialized,1
4891,unattainable,1
4892,supermom,1
4893,sanity,1
4894,overworked,1
4895,normalize,1
4896,shrug,1
4897,chest,1
4898,chalk,1
4899,dismissive,1
4900,equitable,1
4901,variant,1
4902,parasitic,1
4903,capitalism,1
4904,whereby,1
4905,chorus,1
4906,inefficiency,1
4907,rough,1
4908,expropriation,1
4909,rapidity,1
4910,acclimatization,1
4911,shelve,1
4912,yahoo,1
4913,invade,1
4914,exemplify,1
4915,downfall,1
4916,pin,1
4917,intrinsically,1
4918,makeup,1
4919,gigantic,1
4920,novelty,1
4921,continued,1
4922,stake,1
4923,milestone,1
4924,ten,1
4925,harshness,1
4926,pierce,1
4927,exercising,1
4928,replant,1
4929,upload,1
4930,oily,1
4931,spicy,1
4932,picky,1
4933,sampling,1
4934,preserved,1
4935,restore,1
4936,william,1
4937,avon,1
4938,biographical,1
4939,leather,1
4940,trader,1
4941,grammar,1
4942,anne,1
4943,hathaway,1
4944,hamnet,1
4945,judith,1
4946,contemporary,1
4947,ben,1
4948,jonson,1
4949,conclusively,1
4950,precision,1
4951,scarcity,1
4952,systematically,1
4953,auto,1
4954,boringly,1
4955,ordinarily,1
4956,tournament,1
4957,hesitation,1
4958,backfire,1
4959,mindfulness,1
4960,humanistic,1
4961,pray,1
4962,miracle,1
4963,jessica,1
4964,roadside,1
4965,monument,1
4966,audrey,1
4967,nbc,1
4968,enthusiast,1
4969,shorten,1
4970,santa,1
4971,barbara,1
4972,sparkling,1
4973,actuality,1
4974,reserved,1
4975,miraculously,1
4976,attentively,1
4977,utter,1
4978,adversely,1
4979,induced,1
4980,stigma,1
4981,disempowere,1
4982,intrinsic,1
4983,enabler,1
4984,inclusive,1
4985,clarity,1
4986,rapidly,1
4987,stereotype,1
4988,borough,1
4989,mentoring,1
4990,horizon,1
4991,awkward,1
4992,pressured,1
4993,prejudiced,1
4994,damp,1
4995,unsettling,1
4996,dreamer,1
4997,lucid,1
4998,rachel,1
4999,salas,1
5000,johns,1
5001,hopkins,1
5002,baltimore,1
5003,depart,1
5004,rigorous,1
5005,timidity,1
5006,periodic,1
5007,accidentally,1
5008,chapter,1
5009,indifference,1
5010,terminology,1
5011,classification,1
5012,brotherhood,1
5013,beforehand,1
5014,warmth,1
5015,civilized,1
5016,unfamiliar,1
5017,yale,1
5018,inherent,1
5019,arts,1
5020,integrated,1
5021,varied,1
5022,interdisciplinary,1
5023,multidisciplinary,1
5024,freeze,1
5025,terribly,1
5026,natured,1
5027,diversified,1
5028,unalterable,1
5029,fork,1
5030,crocodile,1
5031,innermost,1
5032,dental,1
5033,underneath,1
5034,downward,1
5035,rigid,1
5036,collaborative,1
5037,plainly,1
5038,dotted,1
5039,detective,1
5040,digging,1
5041,conversational,1
5042,humorous,1
5043,barbeque,1
5044,halloween,1
5045,glassdoor,1
5046,scorn,1
5047,blankly,1
5048,gossip,1
5049,cooky,1
5050,infrequent,1
5051,impersonal,1
5052,unmotivated,1
5053,irregular,1
5054,cultivation,1
5055,discourse,1
5056,frontier,1
5057,honorably,1
5058,fixed,1
5059,distrust,1
5060,transmit,1
5061,extracurricular,1
5062,chemically,1
5063,flavorist,1
5064,additive,1
5065,preservative,1
5066,offset,1
5067,defrauded,1
5068,sean,1
5069,agents,1
5070,balloon,1
5071,keyword,1
5072,villas,1
5073,unsophisticate,1
5074,rip,1
5075,giveaway,1
5076,unlimited,1
5077,professionalism,1
5078,tony,1
5079,maps,1
5080,streetview,1
5081,landline,1
5082,straightaway,1
5083,barclays,1
5084,jodie,1
5085,gilbert,1
5086,cyber,1
5087,dishonest,1
5088,uncover,1
5089,accommodation,1
5090,carla,1
5091,sydenham,1
5092,majorca,1
5093,believable,1
5094,misguide,1
5095,twitter,1
5096,withdrawal,1
5097,turnover,1
5098,simultaneously,1
5099,moreover,1
5100,counseling,1
5101,fascinate,1
5102,nutritionally,1
5103,managerial,1
5104,interrupt,1
5105,indians,1
5106,symbolize,1
5107,prominent,1
5108,exhaustion,1
5109,incorrect,1
5110,mistrust,1
5111,strained,1
5112,impracticable,1
5113,todd,1
5114,prioritization,1
5115,accordingly,1
5116,ex,1
5117,reappear,1
5118,resiliency,1
5119,pavement,1
5120,studies,1
5121,roomy,1
5122,ralph,1
5123,nader,1
5124,congressional,1
5125,intern,1
5126,americorps,1
5127,aids,1
5128,homebound,1
5129,berkeley,1
5130,majoring,1
5131,transformative,1
5132,rochester,1
5133,psychiatrist,1
5134,presbyterian,1
5135,psychiatry,1
5136,irving,1
5137,padraic,1
5138,atria,1
5139,happier,1
5140,groundbreaking,1
5141,blending,1
5142,confessional,1
5143,prose,1
5144,scholarly,1
5145,remarkably,1
5146,clogging,1
5147,artery,1
5148,obamacare,1
5149,medicare,1
5150,thieve,1
5151,assembly,1
5152,flesh,1
5153,clinically,1
5154,potshot,1
5155,biomedicine,1
5156,trusted,1
5157,consultation,1
5158,holistic,1
5159,hospitalize,1
5160,engels,1
5161,hardings,1
5162,prolong,1
5163,cheater,1
5164,knowingly,1
5165,uneasy,1
5166,whispering,1
5167,adequately,1
5168,conveniently,1
5169,overprotect,1
5170,unknowingly,1
5171,appropriateness,1
5172,rethinking,1
5173,unobservable,1
5174,objectively,1
5175,unintended,1
5176,revisit,1
5177,rethink,1
5178,reexamine,1
5179,watchful,1
5180,teachers,1
5181,ample,1
5182,instrument,1
5183,coastline,1
5184,unmatched,1
5185,recruiting,1
5186,endurance,1
5187,nicole,1
5188,valtorta,1
5189,inevitably,1
5190,countless,1
5191,federally,1
5192,subsidized,1
5193,unsubsidized,1
5194,associated,1
5195,mini,1
5196,fridge,1
5197,roommate,1
5198,elevator,1
5199,railing,1
5200,supplemental,1
5201,snap,1
5202,invalid,1
5203,medication,1
5204,upwards,1
5205,rust,1
5206,belt,1
5207,comprehensive,1
5208,checklist,1
5209,wary,1
5210,knowledgeable,1
5211,bureaucracy,1
5212,advocacy,1
5213,embarrassment,1
5214,capital,1
5215,nutritionist,1
5216,harley,1
5217,nourishing,1
5218,seaweed,1
5219,starter,1
5220,seasonally,1
5221,thickening,1
5222,ethos,1
5223,hastily,1
5224,handfuls,1
5225,sink,1
5226,unify,1
5227,overlap,1
5228,naturalness,1
5229,unprocessed,1
5230,punctually,1
5231,two,1
5232,uniformly,1
5233,frankfurt,1
5234,disgust,1
5235,facial,1
5236,saliva,1
5237,hint,1
5238,differences,1
5239,perceptive,1
5240,sadness,1
5241,cleverness,1
5242,worldly,1
5243,concert,1
5244,mistaken,1
5245,cheerful,1
5246,katherine,1
5247,coffey,1
5248,connectedness,1
5249,compose,1
5250,obligation,1
5251,occasionally,1
5252,rude,1
5253,unhelpful,1
5254,essentialism,1
5255,greg,1
5256,mckeown,1
5257,deprioritize,1
5258,outweigh,1
5259,gracious,1
5260,hearted,1
5261,meaningfully,1
5262,magnitude,1
5263,harford,1
5264,investor,1
5265,pedro,1
5266,sorrentino,1
5267,embody,1
5268,ounce,1
5269,inefficiently,1
5270,elimination,1
5271,optimization,1
5272,drucker,1
5273,polite,1
5274,refusal,1
5275,overfishe,1
5276,catching,1
5277,salmon,1
5278,sustainability,1
5279,cattle,1
5280,carp,1
5281,enlarge,1
5282,philosopher,1
5283,widen,1
5284,winning,1
5285,hazardous,1
5286,needy,1
5287,stricken,1
5288,undernutrition,1
5289,unsatisfyingly,1
5290,worryingly,1
5291,vicky,1
5292,summary,1
5293,inseparable,1
5294,vaguely,1
5295,criminology,1
5296,contextualize,1
5297,lecturer,1
5298,cliche,1
5299,dehumanize,1
5300,substantially,1
5301,doo,1
5302,unmask,1
5303,marvelously,1
5304,villain,1
5305,soldier,1
5306,civilian,1
5307,wrongdoing,1
5308,deviation,1
5309,creatively,1
5310,weapon,1
5311,behavioral,1
5312,francesca,1
5313,gino,1
5314,scott,1
5315,wiltermuth,1
5316,associates,1
5317,peep,1
5318,dust,1
5319,hole,1
5320,lying,1
5321,scrabble,1
5322,untrue,1
5323,compulsive,1
5324,heroically,1
5325,lest,1
5326,liberating,1
5327,disappointing,1
5328,upstate,1
5329,regimented,1
5330,hunch,1
5331,hen,1
5332,multitude,1
5333,eden,1
5334,enriching,1
5335,wheelchairs,1
5336,wheelchair,1
5337,navigate,1
5338,slower,1
5339,deeper,1
5340,guitar,1
5341,miserable,1
5342,heatedly,1
5343,presume,1
5344,constrain,1
5345,predictor,1
5346,prohibitive,1
5347,socioeconomically,1
5348,underprivileged,1
5349,provision,1
5350,designing,1
5351,exit,1
5352,yellow,1
5353,waiting,1
5354,queue,1
5355,baggage,1
5356,londoners,1
5357,enforce,1
5358,fantasy,1
5359,langeoog,1
5360,invasion,1
5361,colored,1
5362,freighter,1
5363,northeastern,1
5364,uwe,1
5365,garrel,1
5366,afar,1
5367,overthrow,1
5368,married,1
5369,merging,1
5370,taboo,1
5371,eyebrow,1
5372,legality,1
5373,publicize,1
5374,omit,1
5375,yours,1
5376,snobby,1
5377,irritate,1
5378,disrespect,1
5379,traditionalist,1
5380,epitome,1
5381,happily,1
5382,legalese,1
5383,hyphenated,1
5384,hyphenating,1
5385,travis,1
5386,talentsmart,1
5387,stupid,1
5388,prone,1
5389,overconfident,1
5390,undervalue,1
5391,shit,1
5392,administrative,1
5393,evan,1
5394,lila,1
5395,ibrahim,1
5396,kink,1
5397,migration,1
5398,vocational,1
5399,briefly,1
5400,mistreating,1
5401,unpunished,1
5402,potato,1
5403,repair,1
5404,broker,1
5405,iphones,1
5406,huffington,1
5407,better,1
5408,conscience,1
5409,sew,1
5410,textile,1
5411,alexa,1
5412,microsoft,1
5413,cortana,1
5414,converter,1
5415,interface,1
5416,clicking,1
5417,illiterate,1
5418,underpaid,1
5419,rainfall,1
5420,forefather,1
5421,sow,1
5422,irrigate,1
5423,guabuligah,1
5424,dagbani,1
5425,savanna,1
5426,isn't,1
5427,domain,1
5428,pronounce,1
5429,stiff,1
5430,intentional,1
5431,hacker,1
5432,witty,1
5433,keyboard,1
5434,nuance,1
5435,dukinfield,1
5436,manchester,1
5437,transcribe,1
5438,ipad,1
5439,pronunciation,1
5440,advertiser,1
5441,ad,1
5442,abound,1
5443,diligence,1
5444,garage,1
5445,cleaner,1
5446,privatized,1
5447,municipal,1
5448,luxurious,1
5449,industriousness,1
5450,absolute,1
5451,laborer,1
5452,unjustifiable,1
5453,entrepreneurial,1
5454,stray,1
5455,departure,1
5456,materialistically,1
5457,stubbornness,1
5458,nonconventional,1
5459,para,1
5460,endeavor,1
5461,awaken,1
5462,infect,1
5463,amuse,1
5464,wearing,1
5465,artistic,1
5466,shooting,1
5467,intuitive,1
5468,insightful,1
5469,outnumber,1
5470,noor,1
5471,ouarzazate,1
5472,watt,1
5473,forerunner,1
5474,ali,1
5475,hajji,1
5476,sunlight,1
5477,hopes,1
5478,bernie,1
5479,motorcycle,1
5480,backroom,1
5481,operator,1
5482,filter,1
5483,americanize,1
5484,realistically,1
5485,americanization,1
5486,technologically,1
5487,magnificent,1
5488,malaysia,1
5489,singapore,1
5490,emirates,1
5491,silverstone,1
5492,monza,1
5493,austin,1
5494,las,1
5495,vegas,1
5496,underserved,1
5497,shippensburg,1
5498,lasting,1
5499,narrative,1
5500,crossover,1
5501,wimbledon,1
5502,ryder,1
5503,directv,1
5504,satellite,1
5505,crakes,1
5506,vivo,1
5507,tunnel,1
5508,inward,1
5509,impressed,1
5510,precede,1
5511,thinnest,1
5512,margine,1
5513,technically,1
5514,clerk,1
5515,fetch,1
5516,mud,1
5517,nasty,1
5518,bargaining,1
5519,standardization,1
5520,reimagine,1
5521,marvel,1
5522,elizabeth,1
5523,impromptu,1
5524,suburban,1
5525,freshness,1
5526,multiply,1
5527,persuaders,1
5528,hypnoidal,1
5529,trance,1
5530,bump,1
5531,shelf,1
5532,bankruptcy,1
5533,modernize,1
5534,unplanned,1
5535,outdate,1
5536,welcomed,1
5537,sufferer,1
5538,osteoporosis,1
5539,disability,1
5540,steam,1
5541,inactive,1
5542,lions,1
5543,traditions,1
5544,measured,1
5545,thumping,1
5546,entrance,1
5547,victor,1
5548,freemasons,1
5549,haven,1
5550,alvin,1
5551,chau,1
5552,nian,1
5553,positivity,1
5554,ya,1
5555,yung,1
5556,hopeful,1
5557,tail,1
5558,aggressiveness,1
5559,karlin,1
5560,firework,1
5561,container,1
5562,sara,1
5563,pore,1
5564,competence,1
5565,rehearsal,1
5566,justin,1
5567,offering,1
5568,uncle,1
5569,resent,1
5570,bonding,1
5571,sydney,1
5572,networks,1
5573,cohesion,1
5574,intervene,1
5575,intrusive,1
5576,nosy,1
5577,voluntary,1
5578,reintroduce,1
5579,cohesive,1
5580,invariably,1
5581,intrusion,1
5582,prioritise,1
5583,cautiously,1
5584,tragic,1
5585,multibillion,1
5586,slum,1
5587,rio,1
5588,janeiro,1
5589,addicted,1
5590,sizable,1
5591,evict,1
5592,abusive,1
5593,unforgiving,1
5594,shameful,1
5595,disgusted,1
5596,scared,1
5597,compassion,1
5598,resignation,1
5599,forgive,1
5600,related,1
5601,cleanup,1
5602,passerby,1
5603,retiree,1
5604,experimenter,1
5605,fresher,1
5606,populate,1
5607,bbc,1
5608,jill,1
5609,alarmist,1
5610,unaffected,1
5611,margaret,1
5612,wolfram,1
5613,steep,1
5614,iowa,1
5615,glacial,1
5616,cutoff,1
5617,cropland,1
5618,horticulture,1
5619,andrew,1
5620,brazil,1
5621,unsuitable,1
5622,standardisation,1
5623,globally,1
5624,homogeneity,1
5625,pest,1
5626,resistant,1
5627,breeding,1
5628,jury,1
5629,endeavour,1
5630,monsanto,1
5631,usda,1
5632,fruition,1
5633,fertiliser,1
5634,irrigation,1
5635,machinery,1
5636,spoilage,1
5637,northward,1
5638,unsettled,1
5639,georgetown,1
5640,attribution,1
5641,skip,1
5642,righteous,1
5643,distort,1
5644,satisfying,1
5645,utterance,1
5646,incline,1
5647,morale,1
5648,manifest,1
5649,readiness,1
5650,airfares,1
5651,counterproductive,1
5652,duly,1
5653,competitiveness,1
5654,increased,1
5655,headache,1
5656,homemade,1
5657,dine,1
5658,landlady,1
5659,saleswoman,1
5660,gallery,1
5661,measurable,1
5662,ciara,1
5663,hobbyist,1
5664,dissimilar,1
5665,climber,1
5666,climbing,1
5667,prevalent,1
5668,notion,1
5669,statutory,1
5670,brad,1
5671,lauder,1
5672,caregiving,1
5673,men,1
5674,downturn,1
5675,childbirth,1
5676,aclu,1
5677,outten,1
5678,llp,1
5679,derek,1
5680,rotondo,1
5681,file,1
5682,hr,1
5683,caregiver,1
5684,columbus,1
5685,domino,1
5686,unstated,1
5687,indispensable,1
5688,lawsuit,1
5689,outcompeting,1
5690,stain,1
5691,attentive,1
5692,neuroscience,1
5693,neuroscientist,1
5694,sufficiently,1
5695,multitask,1
5696,plos,1
5697,tracker,1
5698,eagerly,1
5699,quantify,1
5700,surfing,1
5701,generational,1
5702,irresistible,1
5703,sony,1
5704,walkman,1
5705,inventive,1
5706,amanda,1
5707,texter,1
5708,socialising,1
5709,ambivalent,1
5710,snapchat,1
5711,minimise,1
5712,messiness,1
5713,nostalgia,1
5714,lunsford,1
5715,blossom,1
5716,vastly,1
5717,fluidly,1
5718,linguist,1
5719,baron,1
5720,messaging,1
5721,grammatical,1
5722,paperback,1
5723,bookish,1
5724,urgently,1
5725,schoolwork,1
5726,moderation,1
5727,noel,1
5728,legendary,1
5729,donald,1
5730,mccain,1
5731,greatness,1
5732,reynoldstown,1
5733,pre,1
5734,aintree,1
5735,hindrance,1
5736,successively,1
5737,glory,1
5738,horrifying,1
5739,drown,1
5740,usability,1
5741,complicate,1
5742,practicality,1
5743,rounded,1
5744,businesspeople,1
5745,trusting,1
5746,indefinite,1
5747,insignificant,1
5748,surpass,1
5749,ethically,1
5750,clarify,1
5751,vegetarians,1
5752,vendors,1
5753,issuing,1
5754,organise,1
5755,scenic,1
5756,fighting,1
5757,unheale,1
5758,battleground,1
5759,usefully,1
5760,jogging,1
5761,glucose,1
5762,shenzhen,1
5763,optimum,1
5764,detailed,1
5765,dipping,1
5766,maynard,1
5767,possibilities,1
5768,grandchildren,1
5769,massively,1
5770,eightfold,1
5771,materially,1
5772,socializing,1
5773,conclusive,1
5774,widely,1
5775,chronologically,1
5776,poll,1
5777,brilliantly,1
5778,pleasing,1
5779,mommy,1
5780,daddy,1
5781,quotation,1
5782,unfruitful,1
5783,sharpen,1
5784,forgetfulness,1
5785,spy,1
5786,electron,1
5787,brainpower,1
5788,kennedy,1
5789,immunity,1
5790,unexpectedly,1
5791,captain,1
5792,condemn,1
5793,mutual,1
5794,priyanka,1
5795,joshi,1
5796,verbally,1
5797,compute,1
5798,abstractness,1
5799,morality,1
5800,abstractly,1
5801,contexts,1
5802,hal,1
5803,ucla,1
5804,savings,1
5805,honorable,1
5806,swift,1
5807,mailman,1
5808,understood,1
5809,hypothetical,1
5810,mirror,1
5811,hardwire,1
5812,reframe,1
5813,workday,1
5814,kaitlin,1
5815,cornell,1
5816,ayelet,1
5817,fishbach,1
5818,chicago,1
5819,wayside,1
5820,uptake,1
5821,trump,1
5822,patronage,1
5823,charitable,1
5824,invaluable,1
5825,proceed,1
5826,examination,1
5827,birdwatcher,1
5828,unbiased,1
5829,responsibly,1
5830,robotic,1
5831,tum,1
5832,erasmus,1
5833,rotterdam,1
5834,upsetting,1
5835,threatening,1
5836,paradoxica,1
5837,christoph,1
5838,fuchs,1
5839,favorably,1
5840,outage,1
5841,cancellation,1
5842,municipality,1
5843,equipped,1
5844,accustomed,1
5845,unsafe,1
5846,snowman,1
5847,snowball,1
5848,throwing,1
5849,joyful,1
5850,nevada,1
5851,georgia,1
5852,commenter,1
5853,hurricane,1
5854,florence,1
5855,pe,1
5856,absenteeism,1
5857,unauthorised,1
5858,opposition,1
5859,honour,1
5860,thompson,1
5861,wordy,1
5862,trifle,1
5863,clause,1
5864,adjective,1
5865,noun,1
5866,spar,1
5867,crippling,1
5868,silicon,1
5869,valley,1
5870,profoundness,1
5871,codes,1
5872,informative,1
5873,glance,1
5874,plentiful,1
5875,compelling,1
5876,cither,1
5877,unconditionally,1
5878,sacrifice,1
5879,kept,1
5880,administrator,1
5881,firing,1
5882,scottish,1
5883,highlands,1
5884,overspending,1
5885,dogs,1
5886,toni,1
5887,eyesight,1
5888,dim,1
5889,mastery,1
5890,endlessly,1
5891,quest,1
5892,mysterious,1
5893,anat,1
5894,ioana,1
5895,mayra,1
5896,women,1
5897,strikingly,1
5898,pause,1
5899,zero,1
5900,resultant,1
5901,energise,1
5902,reprioritise,1
5903,harmonise,1
5904,contentment,1
5905,overload,1
5906,phyllis,1
5907,vain,1
5908,privileged,1
5909,utmost,1
5910,overtime,1
5911,occupied,1
5912,tipping,1
5913,steel,1
5914,shortsighted,1
5915,lobby,1
5916,underuse,1
5917,respectable,1
5918,vacant,1
5919,revive,1
5920,thumb,1
5921,influencer,1
5922,unlovely,1
5923,turning,1
5924,unwise,1
5925,reconnect,1
5926,historian,1
5927,retired,1
5928,vice,1
5929,hail,1
5930,gradual,1
5931,disqualify,1
5932,overwork,1
5933,assured,1
5934,heartbreaking,1
5935,inconvenience,1
5936,sportsman,1
5937,someday,1
5938,schoolgirl,1
5939,schoolboy,1
5940,unskilled,1
5941,biologist,1
5942,mice,1
5943,disprove,1
5944,pip,1
5945,kantar,1
5946,fonder,1
5947,adviser,1
5948,pollute,1
5949,documentary,1
5950,straw,1
5951,nakedly,1
5952,desirability,1
5953,tide,1
5954,creep,1
5955,bottler,1
5956,margin,1
5957,decay,1
5958,kinvara,1
5959,fixture,1
5960,refund,1
5961,sparkle,1
5962,flavouring,1
5963,pepsico,1
5964,sodastream,1
5965,bubbly,1
5966,intent,1
5967,giles,1
5968,unfriendly,1
5969,skillful,1
5970,realisation,1
5971,disservice,1
5972,diving,1
5973,headfirst,1
5974,nearest,1
5975,dearest,1
5976,pearl,1
5977,undoubtedly,1
5978,sail,1
5979,theoretical,1
5980,fluent,1
5981,lacking,1
5982,ignorant,1
5983,unpopular,1
5984,tropical,1
5985,prosper,1
5986,cote,1
5987,d'ivoire,1
5988,farms,1
5989,crispr,1
5990,assertion,1
5991,unavailable,1
5992,withstand,1
5993,drier,1
5994,transplant,1
5995,silicone,1
5996,universities,1
5997,kyoto,1
5998,underestimate,1
5999,offender,1
6000,sanders,1
6001,phd,1
6002,synthetic,1
6003,reparable,1
6004,practicing,1
6005,repetition,1
6006,profoundly,1
6007,lifting,1
6008,startup,1
6009,publishing,1
6010,rationalization,1
6011,spin,1
6012,continual,1
6013,sake,1
6014,soak,1
6015,excuse,1
6016,inclined,1
6017,intentionally,1
6018,automate,1
6019,hardware,1
6020,distracted,1
6021,immune,1
6022,wording,1
6023,accusation,1
6024,automation,1
6025,dedicated,1
6026,kidney,1
6027,beating,1
6028,firmly,1
6029,saturate,1
6030,antioxidant,1
6031,preferable,1
6032,fatty,1
6033,grower,1
6034,postman,1
6035,forged,1
6036,inefficient,1
6037,crowding,1
6038,manly,1
6039,liberal,1
6040,hostile,1
6041,egyptians,1
6042,kingdom,1
6043,solemn,1
6044,kampfner,1
6045,pipeline,1
6046,hugely,1
6047,animation,1
6048,dazzle,1
6049,automotive,1
6050,cylinder,1
6051,elastic,1
6052,commercially,1
6053,liam,1
6054,catherine,1
6055,steadily,1
6056,shortlist,1
6057,panel,1
6058,jasper,1
6059,conran,1
6060,kin,1
6061,shoreditch,1
6062,ormond,1
6063,cloth,1
6064,kit,1
6065,dove,1
6066,bunting,1
6067,threefold,1
6068,sized,1
6069,badoiiing,1
6070,asif,1
6071,trustee,1
6072,smithfield,1
6073,presenter,1
6074,judging,1
6075,terrific,1
6076,puppet,1
6077,demonstration,1
6078,nine,1
6079,vigour,1
6080,marketable,1
6081,fragment,1
6082,livable,1
6083,remainder,1
6084,claudio,1
6085,fragmented,1
6086,connectivity,1
6087,enhanced,1
6088,pandas,1
6089,preservation,1
6090,angela,1
6091,overrate,1
6092,unreasonable,1
6093,redefine,1
6094,outdo,1
6095,effortlessly,1
6096,overrated,1
6097,ai,1
6098,unbelievably,1
6099,extraordinarily,1
6100,childish,1
6101,burdensome,1
6102,boosting,1
6103,sir,1
6104,alfred,1
6105,famously,1
6106,grip,1
6107,misconduct,1
6108,hence,1
6109,innocence,1
6110,wrongdoer,1
6111,consist,1
6112,deceit,1
6113,corruption,1
6114,storyline,1
6115,unavoidable,1
6116,entertaining,1
6117,graphically,1
6118,worship,1
6119,offence,1
6120,juiced,1
6121,digestive,1
6122,bloodstream,1
6123,aside,1
6124,toronto,1
6125,goodness,1
6126,compound,1
6127,heather,1
6128,ferris,1
6129,serving,1
6130,carb,1
6131,juicing,1
6132,digest,1
6133,thinker,1
6134,boardroom,1
6135,likability,1
6136,symbolically,1
6137,sway,1
6138,interpretation,1
6139,dealing,1
6140,dominant,1
6141,jazz,1
6142,bach,1
6143,melody,1
6144,refinement,1
6145,hemispherectomy,1
6146,hemispherectomie,1
6147,missing,1
6148,jams,1
6149,berthold,1
6150,emergent,1
6151,backward,1
6152,grind,1
6153,stream,1
6154,damper,1
6155,amplify,1
6156,essence,1
6157,networked,1
6158,localize,1
6159,postdoctoral,1
6160,liang,1
6161,ieee,1
6162,transactions,1
6163,systems,1
6164,freeway,1
6165,maine,1
6166,simulation,1
6167,suppress,1
6168,dampen,1
6169,slowdown,1
6170,slowing,1
6171,flash,1
6172,dusk,1
6173,swarm,1
6174,hom,1
6175,toyota,1
6176,rear,1
6177,billion,1
6178,soulful,1
6179,polish,1
6180,trite,1
6181,hollywood,1
6182,starlet,1
6183,blessing,1
6184,deepen,1
6185,courage,1
6186,redirect,1
6187,magnetic,1
6188,courageous,1
6189,ours,1
6190,rubbery,1
6191,flavorless,1
6192,texture,1
6193,crack,1
6194,fiber,1
6195,ditch,1
6196,sodium,1
6197,eater,1
6198,reunion,1
6199,defend,1
6200,resold,1
6201,rewrappe,1
6202,retailer,1
6203,handbook,1
6204,religious,1
6205,harmonious,1
6206,impolite,1
6207,disputes,1
6208,riot,1
6209,tighten,1
6210,altogether,1
6211,regretful,1
6212,jesse,1
6213,investigative,1
6214,streetsblog,1
6215,tack,1
6216,glimpse,1
6217,unfounded,1
6218,horror,1
6219,cindy,1
6220,cambridge,1
6221,existential,1
6222,pushback,1
6223,slate,1
6224,explode,1
6225,janette,1
6226,sadik,1
6227,rollout,1
6228,blowback,1
6229,ironically,1
6230,foil,1
6231,reckless,1
6232,curbside,1
6233,storeowner,1
6234,revenue,1
6235,businesswoman,1
6236,organism,1
6237,effectiveness,1
6238,oversight,1
6239,compliance,1
6240,simvastatin,1
6241,enzyme,1
6242,sedative,1
6243,katharine,1
6244,scenario,1
6245,bachelor,1
6246,martin,1
6247,neil,1
6248,intellectually,1
6249,seventy,1
6250,fin,1
6251,betray,1
6252,enroll,1
6253,biome,1
6254,pianist,1
6255,selectively,1
6256,preparedness,1
6257,helpless,1
6258,meridian,1
6259,sting,1
6260,haze,1
6261,likeness,1
6262,normality,1
6263,dryer,1
6264,jeff,1
6265,radiology,1
6266,utah,1
6267,manageable,1
6268,won,1
6269,portal,1
6270,defence,1
6271,grid,1
6272,civilization,1
6273,com,1
6274,profile,1
6275,aptitude,1
6276,swiftly,1
6277,whilst,1
6278,hays,1
6279,overwatch,1
6280,gameplay,1
6281,victory,1
6282,warcraft,1
6283,raid,1
6284,kotaku,1
6285,mba,1
6286,spreadsheet,1
6287,simulator,1
6288,universe,1
6289,spaceship,1
6290,raw,1
6291,haul,1
6292,zentech,1
6293,taxation,1
6294,mia,1
6295,bennett,1
6296,meta,1
6297,experimentation,1
6298,radiotherapy,1
6299,nhs,1
6300,surrey,1
6301,accelerator,1
6302,photon,1
6303,blaster,1
6304,optimise,1
6305,tumour,1
6306,believer,1
6307,armed,1
6308,gaining,1
6309,rebellion,1
6310,incapable,1
6311,newborn,1
6312,trauma,1
6313,overactive,1
6314,foulke,1
6315,snapshot,1
6316,slideshow,1
6317,children,1
6318,recollection,1
6319,recollect,1
6320,equinox,1
6321,wisconsin,1
6322,gaylord,1
6323,unite,1
6324,denis,1
6325,proposition,1
6326,mckinsey,1
6327,credential,1
6328,overwhelmingly,1
6329,subsidy,1
6330,downside,1
6331,diploma,1
6332,udemy,1
6333,youtube,1
6334,sadly,1
6335,reemploye,1
6336,layoff,1
6337,unsustainable,1
6338,cow,1
6339,nod,1
6340,mad,1
6341,catering,1
6342,daring,1
6343,foresight,1
6344,awarding,1
6345,explicit,1
6346,identification,1
6347,hazy,1
6348,nonsense,1
6349,accuracy,1
6350,applicability,1
6351,comparatively,1
6352,foretell,1
6353,tonight,1
6354,marshall,1
6355,tearful,1
6356,comb,1
6357,gorbals,1
6358,thief,1
6359,collar,1
6360,eggs,1
6361,boil,1
6362,toast,1
6363,bacon,1
6364,consistency,1
6365,permanence,1
6366,cake,1
6367,beer,1
6368,obliged,1
6369,pigs,1
6370,rub,1
6371,colonize,1
6372,mainland,1
6373,wipe,1
6374,gravity,1
6375,km,1
6376,obligatory,1
6377,greet,1
6378,delightful,1
6379,lemon,1
6380,banana,1
6381,stomach,1
6382,toughness,1
6383,dessert,1
6384,hospitality,1
6385,handbrake,1
6386,backwards,1
6387,irony,1
6388,roma,1
6389,rom,1
6390,keith,1
6391,doorstep,1
6392,furry,1
6393,hidenobu,1
6394,eri,1
6395,beside,1
6396,healing,1
6397,lately,1
6398,pushy,1
6399,max,1
6400,broken,1
6401,petrol,1
6402,rage,1
6403,despair,1
6404,tension,1
6405,reliance,1
6406,slight,1
6407,variation,1
6408,moist,1
6409,conservative,1
6410,dirt,1
6411,geographical,1
6412,apologise,1
6413,reid,1
6414,tucson,1
6415,arizona,1
6416,zoological,1
6417,floorboard,1
6418,sasha,1
6419,formica,1
6420,usa,1
6421,inhabit,1
6422,plentifully,1
6423,gun,1
6424,continuation,1
6425,somehow,1
6426,troublesome,1
6427,encouragement,1
6428,qualify,1
6429,applaud,1
6430,wellbee,1
6431,iq,1
6432,lodge,1
6433,unnamed,1
6434,province,1
6435,shandong,1
6436,uncontrollable,1
6437,coughing,1
6438,qingdao,1
6439,lamb,1
6440,acre,1
6441,sky,1
6442,midair,1
6443,yakutsk,1
6444,krasnoyarsk,1
6445,magan,1
6446,seal,1
6447,runway,1
6448,warehouse,1
6449,starve,1
6450,fry,1
6451,mild,1
6452,pepper,1
6453,spaghetti,1
6454,fatten,1
6455,awesome,1
6456,lincoln,1
6457,sickness,1
6458,causal,1
6459,underlying,1
6460,intensely,1
6461,crucially,1
6462,charles,1
6463,radically,1
6464,fitting,1
6465,drank,1
6466,pietro,1
6467,bellotti,1
6468,dutch,1
6469,samuel,1
6470,hoogstraten,1
6471,combined,1
6472,rightful,1
6473,freezing,1
6474,wechat,1
6475,southwest,1
6476,windy,1
6477,colony,1
6478,jennifer,1
6479,reorganize,1
6480,mapping,1
6481,notable,1
6482,clash,1
6483,basel,1
6484,milton,1
6485,frozen,1
6486,spill,1
6487,spokeswoman,1
6488,attendance,1
6489,blackspot,1
6490,hub,1
6491,thumby,1
6492,specialize,1
6493,goat,1
6494,expenditure,1
6495,destructive,1
6496,cashier,1
6497,categorize,1
6498,prejudice,1
6499,muscular,1
6500,experimenting,1
6501,suspend,1
6502,partial,1
6503,dams,1
6504,cadia,1
6505,thorough,1
6506,lily,1
6507,heaven,1
6508,crystal,1
6509,seafront,1
6510,newfound,1
6511,maintenance,1
6512,retreat,1
6513,christie,1
6514,shame,1
6515,jenny,1
6516,pleased,1
6517,reproductive,1
6518,standpoint,1
6519,unattractive,1
6520,centigrade,1
6521,heatstroke,1
6522,arithmetic,1
6523,column,1
6524,piper,1
6525,drummer,1
6526,descend,1
6527,james,1
6528,fields,1
6529,edinburgh,1
6530,lock,1
6531,melting,1
6532,blackhall,1
6533,colliery,1
6534,plain,1
6535,peterlee,1
6536,forster,1
6537,intensify,1
6538,packed,1
6539,reasonably,1
6540,cute,1
6541,lip,1
6542,refreshingly,1
6543,weary,1
6544,tolerance,1
6545,schengen,1
6546,leak,1
6547,carbfix,1
6548,hellisheidi,1
6549,firstly,1
6550,approximate,1
6551,sometime,1
6552,o'clock,1
6553,brooke,1
6554,underhill,1
6555,musical,1
6556,pakistan,1
6557,integral,1
6558,gibb,1
6559,astrid,1
6560,natley,1
6561,helen,1
6562,lockhart,1
6563,separation,1
6564,unreliable,1
6565,cart,1
6566,playroom,1
6567,worse,1
6568,prohibit,1
6569,anthony,1
6570,moretti,1
6571,potatoe,1
6572,douglas,1
6573,anybody,1
6574,chris,1
6575,hadfield,1
6576,nagoya,1
6577,takashi,1
6578,journalist,1
6579,photographer,1
6580,undamaged,1
6581,olympians,1
6582,naohisa,1
6583,takato,1
6584,clouds,1
6585,boundless,1
6586,utterly,1
6587,fulfilled,1
6588,correlate,1
6589,banking,1
6590,technologies,1
6591,strip,1
6592,iphone,1
6593,dreamery,1
6594,darken,1
6595,enclosure,1
6596,medically,1
6597,handler,1
6598,belcher,1
6599,outfit,1
6600,dressing,1
6601,smile,1
6602,frank,1
6603,donor,1
6604,tarah,1
6605,friends,1
6606,relationships,1
6607,pinker,1
6608,mcgill,1
6609,avoidant,1
6610,breakdown,1
6611,yell,1
6612,securely,1
6613,insecurely,1
6614,defensive,1
6615,mill,1
6616,dye,1
6617,denser,1
6618,weave,1
6619,durable,1
6620,trouser,1
6621,lighten,1
6622,punch,1
6623,unrealistically,1
6624,artistry,1
6625,irreplaceable,1
6626,instinctively,1
6627,factual,1
6628,familiarity,1
6629,economical,1
6630,graspable,1
6631,recital,1
6632,approachable,1
6633,homeland,1
6634,scarcer,1
6635,similarity,1
6636,robinson,1
6637,macdonald,1
6638,hawaii,1
6639,matching,1
6640,astonish,1
6641,robi,1
6642,election,1
6643,outbreak,1
6644,gorgeous,1
6645,dear,1
6646,lisa,1
6647,extended,1
6648,patricia,1
6649,memorize,1
6650,calculated,1
6651,suv,1
6652,lamborghini,1
6653,queensland,1
6654,rubbing,1
6655,nottingham,1
6656,lesley,1
6657,harper,1
6658,relaxed,1
6659,sarah,1
6660,godfrey,1
6661,mall,1
6662,mario,1
6663,reservation,1
6664,patterson,1
6665,brochure,1
6666,souvenir,1
6667,jewelry,1
6668,photocopy,1
6669,negotiation,1
6670,vitality,1
6671,diameter,1
6672,residential,1
6673,uninhabitable,1
6674,marshal,1
6675,cast,1
6676,variability,1
6677,poland,1
6678,czech,1
6679,republic,1
6680,korea,1
6681,sociological,1
6682,applications,1
6683,northumbria,1
6684,postcode,1
6685,nu,1
6686,goodbye,1
6687,overflow,1
6688,abroad,1
6689,lockdown,1
6690,dump,1
6691,grassland,1
6692,landowner,1
6693,restrictive,1
6694,calmly,1
6695,lake,1
6696,shockingly,1
6697,coloring,1
6698,playfighte,1
6699,bid,1
6700,wetland,1
6701,internationally,1
6702,merrill,1
6703,lynch,1
6704,ken,1
6705,laguardia,1
6706,passenger,1
6707,brian,1
6708,healy,1
6709,searching,1
6710,loose,1
6711,bulb,1
6712,craze,1
6713,anna,1
6714,coupon,1
6715,empty,1
6716,dishwasher,1
6717,progression,1
6718,eld,1
6719,banks,1
6720,meantime,1
6721,sympathetic,1
6722,accomplished,1
6723,maraboli,1
6724,donna,1
6725,lynn,1
6726,snowboarding,1
6727,skateboarding,1
6728,biking,1
6729,skateboard,1
6730,superhuman,1
6731,proclaim,1
6732,sherry,1
6733,wilton,1
6734,prekindergarten,1
6735,thundersnow,1
6736,alarmed,1
6737,icy,1
6738,wet,1
6739,owning,1
6740,thirdly,1
6741,cop,1
6742,gardening,1
6743,oregon,1
6744,monique,1
6745,optimistically,1
6746,stoneville,1
6747,mississippi,1
6748,healthily,1
6749,overestimate,1
6750,heartwarming,1
6751,rescuer,1
6752,spacex,1
6753,particle,1
6754,liquid,1
6755,booster,1
6756,nonjudgmental,1
6757,fantastic,1
6758,supervised,1
6759,paced,1
6760,involvement,1
6761,legislature,1
6762,legislator,1
6763,tourism,1
6764,jordan,1
6765,tarod,1
6766,regulator,1
6767,discard,1
6768,disposal,1
6769,tolerable,1
6770,ridiculous,1
6771,insane,1
6772,fool,1
6773,gesturing,1
6774,pointing,1
6775,imitating,1
6776,modesty,1
6777,cooperation,1
6778,frighten,1
6779,hatshepsut,1
6780,emperor,1
6781,wenwang,1
6782,tiger,1
6783,vaclav,1
6784,joanna,1
6785,stephens,1
6786,peake,1
6787,corps,1
6788,orbit,1
6789,dock,1
6790,asda,1
6791,wales,1
6792,puzzled,1
6793,dormitory,1
6794,paradox,1
6795,jar,1
6796,sophie,1
6797,redistribute,1
6798,curl,1
6799,cats,1
6800,copyright,1
6801,overturn,1
6802,ruling,1
6803,wrapper,1
6804,terrify,1
6805,segment,1
6806,graphic,1
6807,whisper,1
6808,nameplate,1
6809,movable,1
6810,adaptation,1
6811,couch,1
6812,stool,1
6813,norfolk,1
6814,lucinda,1
6815,truthful,1
6816,lightly,1
6817,suburb,1
6818,snakeskin,1
6819,virus,1
6820,licensed,1
6821,catcher,1
6822,quiz,1
6823,unbelievable,1
6824,euros,1
6825,ridiculously,1
6826,miscalculate,1
6827,flashy,1
6828,boarding,1
6829,greenery,1
6830,stuffy,1
6831,thoughtful,1
6832,inflexibility,1
6833,yogurt,1
6834,infinite,1
6835,outscore,1
