rank,word,doc_freq,term_freq
1,the,31,7072
2,be,31,6269
3,to,31,4938
4,a,31,3538
5,of,31,3434
6,and,31,2933
7,in,31,2594
8,it,31,1894
9,have,31,1748
10,they,31,1671
11,you,31,1619
12,that,31,1597
13,for,31,1415
14,on,31,1383
15,with,31,1052
16,do,31,1026
17,not,31,1024
18,their,31,989
19,more,31,832
20,as,31,780
21,we,31,768
22,i,31,757
23,from,31,743
24,people,31,710
25,can,31,697
26,by,31,685
27,what,31,667
28,this,31,664
29,will,31,615
30,but,31,613
31,at,31,592
32,or,31,567
33,question,31,540
34,passage,31,536
35,say,31,532
36,about,31,509
37,make,31,492
38,an,31,465
39,than,31,452
40,just,31,447
41,your,31,406
42,work,31,400
43,there,31,397
44,base,31,394
45,when,31,393
46,section,31,378
47,time,31,367
48,may,31,350
49,student,31,344
50,each,31,343
51,who,31,339
52,good,31,338
53,find,31,333
54,other,31,331
55,some,31,323
56,year,31,323
57,new,31,321
58,take,31,316
59,how,31,309
60,so,31,304
61,if,31,302
62,all,31,300
63,use,31,297
64,get,31,295
65,answer,31,293
66,study,31,292
67,mark,31,279
68,well,31,274
69,choice,31,267
70,his,31,264
71,should,31,261
72,through,31,258
73,many,31,253
74,also,31,248
75,most,31,241
76,go,31,239
77,part,31,239
78,would,31,236
79,like,31,233
80,up,31,233
81,think,31,231
82,letter,31,225
83,no,31,219
84,which,31,215
85,word,31,209
86,give,31,208
87,out,31,208
88,only,31,206
89,these,31,204
90,learn,31,197
91,write,31,186
92,come,31,181
93,show,31,174
94,even,31,169
95,once,31,167
96,into,31,165
97,over,31,164
98,sheet,31,163
99,minute,31,162
100,corresponding,31,154
101,directions,31,144
102,choose,31,141
103,single,31,140
104,line,31,139
105,become,31,138
106,now,31,137
107,read,31,137
108,why,31,132
109,follow,31,124
110,any,31,123
111,centre,31,121
112,bank,31,117
113,such,31,117
114,before,31,114
115,statement,31,98
116,questions,31,95
117,identify,31,94
118,comprehension,31,91
119,require,31,86
120,least,31,71
121,following,31,68
122,decide,31,66
123,listening,31,63
124,blank,31,62
125,please,31,50
126,reading,31,50
127,list,31,48
128,item,31,41
129,select,31,40
130,carefully,31,39
131,unfinished,31,31
132,he,30,533
133,help,30,262
134,school,30,253
135,way,30,214
136,after,30,209
137,much,30,194
138,could,30,184
139,need,30,184
140,its,30,182
141,those,30,174
142,high,30,170
143,want,30,166
144,because,30,161
145,less,30,145
146,know,30,138
147,information,30,137
148,paragraph,30,128
149,look,30,121
150,while,30,118
151,often,30,116
152,try,30,102
153,benefit,30,98
154,last,30,96
155,contain,30,61
156,direction,30,58
157,attach,30,41
158,derive,30,33
159,our,29,300
160,report,29,270
161,life,29,207
162,then,29,195
163,research,29,191
164,long,29,190
165,too,29,162
166,see,29,148
167,different,29,145
168,great,29,143
169,problem,29,137
170,first,29,134
171,around,29,131
172,author,29,129
173,feel,29,128
174,increase,29,120
175,same,29,112
176,university,29,103
177,one,29,98
178,far,29,75
179,turn,29,65
180,change,28,181
181,thing,28,142
182,world,28,137
183,end,28,128
184,important,28,111
185,ask,28,109
186,something,28,108
187,between,28,102
188,cause,28,100
189,accord,28,90
190,result,28,87
191,back,28,83
192,create,28,79
193,consider,28,75
194,recent,28,57
195,day,27,190
196,both,27,143
197,number,27,122
198,researcher,27,122
199,own,27,116
200,still,27,108
201,very,27,107
202,start,27,104
203,where,27,101
204,lead,27,97
205,might,27,97
206,spend,27,95
207,include,27,94
208,however,27,82
209,actually,27,80
210,believe,27,77
211,another,27,75
212,really,27,74
213,themselves,27,67
214,person,27,66
215,without,27,66
216,among,27,63
217,call,27,63
218,suppose,27,33
219,she,26,298
220,my,26,161
221,health,26,158
222,mean,26,122
223,likely,26,114
224,experience,26,105
225,online,26,99
226,keep,26,98
227,lot,26,88
228,public,26,85
229,off,26,83
230,provide,26,77
231,down,26,75
232,example,26,72
233,whether,26,72
234,allow,26,69
235,young,26,68
236,focus,26,57
237,seem,26,57
238,avoid,26,54
239,view,26,43
240,food,25,227
241,child,25,202
242,social,25,163
243,skill,25,141
244,job,25,139
245,business,25,126
246,pay,25,114
247,eat,25,110
248,must,25,108
249,healthy,25,100
250,place,25,98
251,right,25,94
252,human,25,92
253,tell,25,81
254,live,25,78
255,few,25,77
256,grow,25,77
257,early,25,75
258,low,25,75
259,bring,25,74
260,big,25,72
261,every,25,72
262,little,25,70
263,large,25,69
264,understand,25,69
265,develop,25,65
266,level,25,62
267,enjoy,25,61
268,easy,25,57
269,since,25,54
270,fact,25,53
271,stay,25,50
272,news,24,215
273,company,24,161
274,speak,24,101
275,family,24,96
276,cost,24,94
277,idea,24,93
278,suggest,24,85
279,participant,24,79
280,improve,24,74
281,build,24,71
282,month,24,71
283,affect,24,66
284,move,24,57
285,support,24,56
286,hand,24,50
287,finding,24,48
288,ago,24,45
289,essay,24,38
290,yet,24,38
291,anything,24,36
292,conversation,23,174
293,self,23,100
294,play,23,84
295,leave,23,81
296,age,23,79
297,future,23,75
298,effect,23,72
299,local,23,72
300,tend,23,72
301,term,23,71
302,reduce,23,69
303,process,23,63
304,able,23,56
305,drive,23,55
306,face,23,55
307,possible,23,54
308,under,23,53
309,similar,23,50
310,never,23,44
311,involve,23,43
312,though,23,41
313,home,22,115
314,book,22,108
315,old,22,100
316,risk,22,82
317,success,22,77
318,group,22,75
319,course,22,71
320,relationship,22,70
321,today,22,67
322,during,22,64
323,away,22,59
324,begin,22,57
325,happen,22,57
326,form,22,55
327,run,22,55
328,small,22,54
329,interest,22,53
330,set,22,53
331,simply,22,53
332,put,22,52
333,difference,22,50
334,lack,22,49
335,case,22,48
336,sure,22,48
337,always,22,47
338,bad,22,47
339,enough,22,47
340,expect,22,47
341,love,22,47
342,attention,22,45
343,certain,22,41
344,enable,22,41
345,simple,22,40
346,here,22,38
347,several,22,37
348,struggle,22,37
349,meet,22,36
350,hear,21,478
351,man,21,126
352,decision,21,93
353,kid,21,92
354,friend,21,73
355,ability,21,71
356,task,21,64
357,survey,21,59
358,care,21,58
359,state,21,58
360,impact,21,55
361,reason,21,52
362,close,21,50
363,individual,21,49
364,area,21,47
365,popular,21,47
366,someone,21,47
367,remain,21,45
368,current,21,44
369,difficult,21,44
370,amount,21,42
371,point,21,42
372,already,21,41
373,role,21,39
374,compare,21,38
375,past,21,38
376,suffer,21,38
377,almost,21,37
378,continue,21,36
379,especially,21,36
380,together,21,35
381,ever,21,30
382,publish,21,29
383,country,20,90
384,city,20,88
385,money,20,87
386,parent,20,81
387,team,20,74
388,hard,20,66
389,activity,20,65
390,buy,20,65
391,hour,20,63
392,week,20,62
393,open,20,55
394,science,20,51
395,lose,20,49
396,contribute,20,48
397,share,20,48
398,decade,20,45
399,kind,20,45
400,across,20,43
401,next,20,43
402,factor,20,42
403,condition,20,41
404,effort,20,41
405,receive,20,41
406,encourage,20,40
407,travel,20,39
408,fall,20,36
409,let,20,35
410,strong,20,35
411,chance,20,34
412,solve,20,34
413,hold,20,33
414,quite,20,28
415,her,19,166
416,woman,19,150
417,technology,19,84
418,education,19,79
419,offer,19,64
420,scientist,19,62
421,physical,19,61
422,quality,19,58
423,yes,19,57
424,habit,19,56
425,sound,19,53
426,average,19,51
427,body,19,51
428,personal,19,50
429,rather,19,48
430,instead,19,46
431,performance,19,46
432,percent,19,44
433,achieve,19,43
434,challenge,19,43
435,power,19,43
436,key,19,42
437,issue,19,41
438,against,19,37
439,matter,19,37
440,raise,19,37
441,option,19,35
442,society,19,35
443,whole,19,35
444,nearly,19,34
445,wrong,19,31
446,variety,19,29
447,clear,19,28
448,gain,19,27
449,maybe,19,27
450,huge,19,25
451,diet,18,91
452,animal,18,87
453,goal,18,76
454,adult,18,65
455,poor,18,54
456,add,18,49
457,american,18,49
458,datum,18,49
459,price,18,48
460,type,18,47
461,sense,18,46
462,rate,18,45
463,stop,18,43
464,action,18,42
465,program,18,42
466,situation,18,40
467,order,18,39
468,event,18,38
469,america,18,36
470,second,18,36
471,account,18,35
472,deal,18,34
473,degree,18,34
474,mind,18,34
475,rise,18,34
476,prove,18,33
477,associate,18,32
478,message,18,32
479,development,18,31
480,later,18,30
481,maintain,18,30
482,within,18,27
483,either,18,26
484,various,18,24
485,main,18,22
486,employee,17,147
487,class,17,76
488,game,17,72
489,behavior,17,69
490,disease,17,65
491,worker,17,63
492,control,17,59
493,product,17,58
494,practice,17,53
495,environment,17,51
496,system,17,49
497,natural,17,48
498,free,17,47
499,traditional,17,45
500,expert,17,44
501,member,17,43
502,heart,17,42
503,policy,17,42
504,industry,17,41
505,us,17,40
506,concern,17,39
507,present,17,39
508,claim,17,37
509,reach,17,36
510,half,17,35
511,successful,17,35
512,access,17,34
513,positive,17,34
514,economic,17,33
515,late,17,33
516,link,17,33
517,produce,17,33
518,teach,17,33
519,worth,17,32
520,common,17,31
521,daily,17,31
522,determine,17,31
523,response,17,31
524,search,17,31
525,due,17,30
526,regard,17,30
527,true,17,30
528,depend,17,29
529,expensive,17,29
530,explain,17,29
531,examine,17,28
532,influence,17,28
533,short,17,28
534,argue,17,26
535,pass,17,26
536,serious,17,26
537,despite,17,25
538,express,17,25
539,although,17,24
540,conduct,17,23
541,reveal,17,23
542,powerful,17,21
543,push,17,20
544,wonder,17,20
545,design,16,84
546,teacher,16,73
547,exercise,16,72
548,space,16,69
549,career,16,61
550,medium,16,61
551,office,16,56
552,culture,16,53
553,americans,16,51
554,college,16,47
555,value,16,47
556,connection,16,45
557,story,16,44
558,real,16,43
559,talk,16,43
560,energy,16,42
561,plan,16,41
562,bear,16,39
563,organization,16,39
564,send,16,39
565,opportunity,16,38
566,professor,16,38
567,sign,16,38
568,room,16,37
569,feeling,16,34
570,professional,16,33
571,behind,16,32
572,government,16,32
573,growth,16,32
574,negative,16,32
575,potential,16,32
576,remember,16,30
577,appear,16,29
578,force,16,29
579,importance,16,29
580,sell,16,29
581,everyone,16,28
582,replace,16,28
583,approach,16,27
584,engage,16,27
585,ensure,16,27
586,happy,16,27
587,interact,16,26
588,limit,16,26
589,perhaps,16,26
590,near,16,25
591,video,16,25
592,prevent,16,24
593,source,16,21
594,available,16,20
595,car,15,95
596,name,15,92
597,customer,15,61
598,language,15,60
599,phone,15,57
600,test,15,44
601,save,15,42
602,win,15,42
603,service,15,38
604,note,15,35
605,probably,15,35
606,walk,15,35
607,strategy,15,34
608,building,15,33
609,community,15,33
610,internet,15,32
611,seek,15,32
612,exist,15,30
613,supply,15,30
614,oh,15,29
615,sometimes,15,29
616,visit,15,29
617,worry,15,29
618,adapt,15,28
619,bit,15,28
620,check,15,28
621,fast,15,28
622,stick,15,28
623,usually,15,28
624,effective,15,27
625,fear,15,26
626,hit,15,26
627,assume,15,25
628,generally,15,25
629,interaction,15,25
630,top,15,25
631,easily,15,24
632,protect,15,24
633,watch,15,24
634,advantage,15,23
635,break,15,23
636,conclude,15,23
637,figure,15,23
638,fit,15,23
639,morning,15,23
640,particular,15,23
641,consequence,15,22
642,realize,15,22
643,mostly,15,21
644,everything,15,20
645,exactly,15,20
646,vary,15,19
647,brain,14,86
648,stress,14,74
649,financial,14,70
650,fruit,14,66
651,waste,14,43
652,learning,14,42
653,manager,14,42
654,knowledge,14,40
655,mental,14,39
656,weight,14,37
657,academic,14,36
658,major,14,33
659,communication,14,32
660,market,14,32
661,apply,14,31
662,per,14,31
663,treat,14,30
664,creative,14,29
665,perform,14,28
666,prepare,14,28
667,workplace,14,28
668,post,14,27
669,complete,14,26
670,measure,14,26
671,recommend,14,26
672,resource,14,26
673,specific,14,26
674,trouble,14,26
675,united,14,26
676,reflect,14,25
677,attend,14,24
678,belief,14,24
679,carry,14,24
680,else,14,23
681,difficulty,14,22
682,full,14,22
683,range,14,22
684,region,14,22
685,material,14,21
686,nothing,14,21
687,pressure,14,21
688,thus,14,21
689,tool,14,21
690,international,14,20
691,manage,14,20
692,outside,14,20
693,fun,14,19
694,reality,14,19
695,third,14,19
696,beyond,14,18
697,completely,14,18
698,cut,14,18
699,advise,14,16
700,describe,14,16
701,rest,14,15
702,employer,13,44
703,owner,13,44
704,gender,13,42
705,website,13,42
706,emotional,13,39
707,training,13,38
708,consume,13,36
709,desire,13,34
710,meal,13,34
711,vegetable,13,33
712,york,13,31
713,adopt,13,30
714,miss,13,30
715,yourself,13,28
716,century,13,27
717,responsibility,13,27
718,soon,13,27
719,center,13,25
720,arrive,13,24
721,boost,13,24
722,conflict,13,24
723,demand,13,24
724,emotion,13,24
725,management,13,24
726,perfect,13,24
727,along,13,23
728,harm,13,23
729,increasingly,13,23
730,opinion,13,23
731,previous,13,23
732,until,13,23
733,aim,13,22
734,model,13,22
735,spot,13,22
736,achievement,13,21
737,anyone,13,21
738,boy,13,21
739,enter,13,21
740,eye,13,21
741,shift,13,21
742,states,13,21
743,agree,13,20
744,aware,13,20
745,land,13,20
746,promote,13,20
747,purchase,13,20
748,rely,13,20
749,connect,13,19
750,indicate,13,19
751,non,13,19
752,period,13,19
753,picture,13,19
754,relate,13,19
755,attitude,13,18
756,fill,13,18
757,ignore,13,18
758,necessary,13,16
759,definitely,13,15
760,forget,13,14
761,particularly,13,14
762,meanwhile,13,13
763,sport,12,58
764,red,12,41
765,damage,12,36
766,police,12,36
767,race,12,36
768,mother,12,32
769,medical,12,31
770,wear,12,31
771,climate,12,30
772,head,12,30
773,return,12,29
774,summer,12,29
775,remove,12,27
776,colleague,12,25
777,normal,12,25
778,succeed,12,25
779,image,12,24
780,ourselves,12,24
781,catch,12,23
782,mistake,12,23
783,staff,12,23
784,enhance,12,22
785,famous,12,22
786,project,12,22
787,record,12,22
788,regular,12,22
789,security,12,22
790,whatever,12,22
791,predict,12,21
792,road,12,21
793,solution,12,21
794,total,12,21
795,fail,12,20
796,function,12,20
797,method,12,20
798,review,12,20
799,ahead,12,19
800,cheap,12,19
801,critical,12,19
802,motivate,12,19
803,charge,12,18
804,complex,12,18
805,interested,12,18
806,itself,12,18
807,join,12,18
808,okay,12,18
809,significant,12,18
810,step,12,18
811,train,12,18
812,unique,12,18
813,inside,12,17
814,majority,12,17
815,fully,12,16
816,notice,12,16
817,taste,12,16
818,differ,12,15
819,shape,12,15
820,twice,12,15
821,aspect,12,14
822,currently,12,14
823,decrease,12,14
824,possibility,12,14
825,crucial,12,13
826,enormous,12,13
827,water,11,71
828,pet,11,51
829,restaurant,11,51
830,driver,11,47
831,dream,11,42
832,consumer,11,40
833,interesting,11,39
834,grade,11,35
835,rule,11,34
836,computer,11,33
837,plant,11,31
838,national,11,29
839,doctor,11,28
840,economy,11,27
841,global,11,27
842,leader,11,27
843,scientific,11,27
844,decline,11,26
845,extra,11,26
846,income,11,26
847,medicine,11,26
848,private,11,24
849,side,11,24
850,air,11,23
851,consumption,11,23
852,evidence,11,23
853,prefer,11,23
854,interview,11,22
855,middle,11,22
856,standard,11,22
857,subject,11,22
858,accept,11,21
859,act,11,21
860,field,11,21
861,personality,11,21
862,size,11,21
863,schedule,11,20
864,towards,11,20
865,background,11,19
866,department,11,19
867,detail,11,19
868,estimate,11,19
869,explore,11,19
870,fix,11,19
871,general,11,19
872,loss,11,19
873,partner,11,19
874,concept,11,18
875,history,11,18
876,attack,11,17
877,heavy,11,17
878,thought,11,17
879,attract,11,16
880,define,11,16
881,executive,11,16
882,expectation,11,16
883,friendly,11,16
884,indeed,11,16
885,launch,11,16
886,refer,11,16
887,stand,11,16
888,trust,11,16
889,discussion,11,15
890,extremely,11,15
891,organize,11,15
892,pattern,11,15
893,transform,11,15
894,additional,11,14
895,journal,11,14
896,sort,11,14
897,understanding,11,14
898,citizen,11,13
899,contrast,11,13
900,establish,11,13
901,invite,11,13
902,million,11,13
903,represent,11,13
904,surprise,11,13
905,topic,11,13
906,meat,10,58
907,house,10,43
908,drink,10,35
909,sleep,10,34
910,shop,10,31
911,sit,10,31
912,electronic,10,28
913,wild,10,28
914,entrepreneur,10,27
915,light,10,27
916,night,10,26
917,rich,10,25
918,special,10,25
919,text,10,25
920,front,10,24
921,law,10,24
922,thinking,10,24
923,cover,10,23
924,earth,10,23
925,paper,10,23
926,art,10,22
927,street,10,22
928,talent,10,22
929,british,10,20
930,english,10,20
931,overall,10,20
932,satisfaction,10,20
933,cultivate,10,19
934,productive,10,19
935,vision,10,19
936,distance,10,18
937,forward,10,18
938,harmful,10,18
939,impossible,10,18
940,meaning,10,18
941,serve,10,18
942,strengthen,10,18
943,competitive,10,17
944,educational,10,17
945,lifestyle,10,17
946,recently,10,17
947,nation,10,16
948,perceive,10,16
949,pound,10,16
950,purpose,10,16
951,respond,10,16
952,welcome,10,16
953,appeal,10,15
954,being,10,15
955,finally,10,15
956,guess,10,15
957,protection,10,15
958,resident,10,15
959,willing,10,15
960,admit,10,14
961,again,10,14
962,association,10,14
963,brand,10,14
964,deep,10,14
965,discover,10,14
966,essential,10,14
967,fine,10,14
968,largely,10,14
969,machine,10,14
970,observe,10,14
971,thank,10,14
972,fat,10,13
973,helpful,10,13
974,hi,10,13
975,position,10,13
976,prioritize,10,13
977,threat,10,13
978,trend,10,13
979,ultimately,10,13
980,australia,10,12
981,authority,10,12
982,confident,10,12
983,crowd,10,12
984,highly,10,12
985,negatively,10,12
986,occur,10,12
987,regularly,10,12
988,responsible,10,12
989,slightly,10,12
990,vital,10,12
991,favorite,10,11
992,mention,10,11
993,rare,10,11
994,useful,10,11
995,movie,9,42
996,calorie,9,37
997,father,9,30
998,blood,9,28
999,email,9,28
1000,fund,9,28
1001,anxiety,9,27
1002,digital,9,26
1003,sale,9,26
1004,contact,9,24
1005,star,9,24
1006,failure,9,23
1007,labor,9,23
1008,bird,9,22
1009,official,9,22
1010,confidence,9,21
1011,chinese,9,20
1012,display,9,20
1013,environmental,9,20
1014,experiment,9,20
1015,nature,9,20
1016,status,9,20
1017,accident,9,19
1018,active,9,19
1019,feed,9,19
1020,principle,9,19
1021,slow,9,19
1022,article,9,18
1023,awareness,9,18
1024,introduce,9,18
1025,quickly,9,18
1026,expense,9,17
1027,hot,9,17
1028,london,9,17
1029,toward,9,17
1030,track,9,17
1031,afford,9,16
1032,feature,9,16
1033,innovative,9,16
1034,institution,9,16
1035,outcome,9,16
1036,recognize,9,16
1037,safety,9,16
1038,collect,9,15
1039,door,9,15
1040,eventually,9,15
1041,match,9,15
1042,operation,9,15
1043,population,9,15
1044,quick,9,15
1045,scale,9,15
1046,basic,9,14
1047,constantly,9,14
1048,favor,9,14
1049,yeah,9,14
1050,absence,9,13
1051,advice,9,13
1052,attempt,9,13
1053,draw,9,13
1054,facility,9,13
1055,firm,9,13
1056,hundred,9,13
1057,innovation,9,13
1058,kill,9,13
1059,multiple,9,13
1060,path,9,13
1061,safe,9,13
1062,speed,9,13
1063,burden,9,12
1064,former,9,12
1065,john,9,12
1066,oppose,9,12
1067,unable,9,12
1068,unusual,9,12
1069,apart,9,11
1070,character,9,11
1071,clean,9,11
1072,convey,9,11
1073,distraction,9,11
1074,fight,9,11
1075,finish,9,11
1076,frequently,9,11
1077,invest,9,11
1078,moment,9,11
1079,nice,9,11
1080,peer,9,11
1081,pretty,9,11
1082,recommendation,9,11
1083,strange,9,11
1084,widespread,9,11
1085,wonderful,9,11
1086,announce,9,10
1087,appropriate,9,10
1088,chief,9,10
1089,clearly,9,10
1090,communicate,9,10
1091,emphasis,9,10
1092,emphasize,9,10
1093,england,9,10
1094,immediately,9,10
1095,improvement,9,10
1096,afternoon,9,9
1097,expand,9,9
1098,regardless,9,9
1099,rid,9,9
1100,dog,8,60
1101,busy,8,47
1102,male,8,33
1103,fish,8,32
1104,fashion,8,31
1105,weather,8,30
1106,device,8,29
1107,farm,8,28
1108,drug,8,26
1109,heat,8,26
1110,intelligence,8,26
1111,uk,8,24
1112,user,8,24
1113,park,8,23
1114,reward,8,23
1115,smartphone,8,23
1116,credit,8,22
1117,progress,8,22
1118,snack,8,22
1119,extreme,8,21
1120,style,8,21
1121,color,8,20
1122,meeting,8,19
1123,volunteer,8,19
1124,deliver,8,18
1125,engineering,8,18
1126,tiny,8,18
1127,cold,8,17
1128,retire,8,17
1129,sea,8,17
1130,specie,8,17
1131,town,8,17
1132,gap,8,16
1133,generation,8,16
1134,guide,8,16
1135,household,8,16
1136,luxury,8,16
1137,analysis,8,15
1138,application,8,15
1139,living,8,15
1140,proposal,8,15
1141,relevant,8,15
1142,senior,8,15
1143,table,8,15
1144,campus,8,14
1145,disadvantage,8,14
1146,discuss,8,14
1147,entirely,8,14
1148,psychological,8,14
1149,request,8,14
1150,symptom,8,14
1151,upon,8,14
1152,argument,8,13
1153,britain,8,13
1154,crisis,8,13
1155,destroy,8,13
1156,drop,8,13
1157,efficiency,8,13
1158,harvard,8,13
1159,italian,8,13
1160,newspaper,8,13
1161,piece,8,13
1162,target,8,13
1163,thousand,8,13
1164,actual,8,12
1165,campaign,8,12
1166,cultural,8,12
1167,hurt,8,12
1168,initiative,8,12
1169,instal,8,12
1170,jump,8,12
1171,lie,8,12
1172,lunch,8,12
1173,necessarily,8,12
1174,psychologist,8,12
1175,pursue,8,12
1176,site,8,12
1177,absorb,8,11
1178,advance,8,11
1179,capable,8,11
1180,dollar,8,11
1181,double,8,11
1182,federal,8,11
1183,gather,8,11
1184,imagine,8,11
1185,instance,8,11
1186,numerous,8,11
1187,puzzle,8,11
1188,remind,8,11
1189,truly,8,11
1190,valuable,8,11
1191,writer,8,11
1192,addition,8,10
1193,alternative,8,10
1194,amazing,8,10
1195,california,8,10
1196,differently,8,10
1197,ease,8,10
1198,frequent,8,10
1199,hope,8,10
1200,imply,8,10
1201,insist,8,10
1202,investigation,8,10
1203,limited,8,10
1204,listen,8,10
1205,master,8,10
1206,newly,8,10
1207,north,8,10
1208,obviously,8,10
1209,pose,8,10
1210,reasoning,8,10
1211,seriously,8,10
1212,stimulate,8,10
1213,switch,8,10
1214,treatment,8,10
1215,union,8,10
1216,acknowledge,8,9
1217,alike,8,9
1218,analyze,8,9
1219,belong,8,9
1220,beneficial,8,9
1221,characteristic,8,9
1222,director,8,9
1223,emerge,8,9
1224,exact,8,9
1225,guest,8,9
1226,massive,8,9
1227,mix,8,9
1228,necessity,8,9
1229,stuff,8,9
1230,translate,8,9
1231,wander,8,9
1232,warn,8,9
1233,advocate,8,8
1234,cite,8,8
1235,content,8,8
1236,die,8,8
1237,divide,8,8
1238,generate,8,8
1239,operate,8,8
1240,properly,8,8
1241,render,8,8
1242,resolve,8,8
1243,seemingly,8,8
1244,therefore,8,8
1245,truth,8,8
1246,music,7,53
1247,protein,7,52
1248,traffic,7,47
1249,cat,7,40
1250,obesity,7,37
1251,sugar,7,36
1252,balance,7,33
1253,genetic,7,33
1254,baby,7,31
1255,teenager,7,30
1256,patient,7,28
1257,classroom,7,26
1258,vehicle,7,26
1259,remote,7,24
1260,productivity,7,22
1261,zoo,7,22
1262,card,7,21
1263,gene,7,21
1264,store,7,21
1265,working,7,21
1266,budget,7,20
1267,grant,7,19
1268,hospital,7,18
1269,island,7,17
1270,native,7,17
1271,tradition,7,17
1272,africa,7,16
1273,childhood,7,16
1274,equal,7,16
1275,inspire,7,16
1276,loneliness,7,16
1277,making,7,16
1278,narrow,7,16
1279,quantity,7,16
1280,sustainable,7,16
1281,delay,7,15
1282,identity,7,15
1283,modern,7,15
1284,officer,7,15
1285,alone,7,14
1286,convince,7,14
1287,directly,7,14
1288,extend,7,14
1289,rat,7,14
1290,saturday,7,14
1291,april,7,13
1292,artificial,7,13
1293,confirm,7,13
1294,context,7,13
1295,date,7,13
1296,flexible,7,13
1297,fly,7,13
1298,judge,7,13
1299,oil,7,13
1300,passion,7,13
1301,temperature,7,13
1302,board,7,12
1303,handle,7,12
1304,ideal,7,12
1305,ride,7,12
1306,adjust,7,11
1307,app,7,11
1308,basis,7,11
1309,comfortable,7,11
1310,conclusion,7,11
1311,formal,7,11
1312,happiness,7,11
1313,intelligent,7,11
1314,novel,7,11
1315,political,7,11
1316,property,7,11
1317,relative,7,11
1318,rent,7,11
1319,round,7,11
1320,schooling,7,11
1321,structure,7,11
1322,typical,7,11
1323,typically,7,11
1324,vacation,7,11
1325,acquire,7,10
1326,adequate,7,10
1327,attribute,7,10
1328,badly,7,10
1329,bridge,7,10
1330,casual,7,10
1331,closely,7,10
1332,commit,7,10
1333,concentrate,7,10
1334,conscious,7,10
1335,conventional,7,10
1336,dark,7,10
1337,disappear,7,10
1338,district,7,10
1339,greatly,7,10
1340,imitate,7,10
1341,implement,7,10
1342,mood,7,10
1343,motivation,7,10
1344,obvious,7,10
1345,ordinary,7,10
1346,pace,7,10
1347,participate,7,10
1348,pilot,7,10
1349,primary,7,10
1350,priority,7,10
1351,throughout,7,10
1352,worldwide,7,10
1353,above,7,9
1354,accomplish,7,9
1355,accomplishment,7,9
1356,address,7,9
1357,barely,7,9
1358,blame,7,9
1359,chat,7,9
1360,combat,7,9
1361,danger,7,9
1362,dinner,7,9
1363,embrace,7,9
1364,explanation,7,9
1365,intend,7,9
1366,leadership,7,9
1367,locate,7,9
1368,original,7,9
1369,overcome,7,9
1370,partly,7,9
1371,practical,7,9
1372,profit,7,9
1373,promise,7,9
1374,qualified,7,9
1375,rarely,7,9
1376,severe,7,9
1377,smell,7,9
1378,socialize,7,9
1379,threaten,7,9
1380,throw,7,9
1381,unlike,7,9
1382,vast,7,9
1383,absolutely,7,8
1384,accumulate,7,8
1385,below,7,8
1386,breakfast,7,8
1387,capacity,7,8
1388,co,7,8
1389,consideration,7,8
1390,disaster,7,8
1391,emergency,7,8
1392,familiar,7,8
1393,further,7,8
1394,furthermore,7,8
1395,hardly,7,8
1396,hinder,7,8
1397,injury,7,8
1398,lift,7,8
1399,mainly,7,8
1400,moral,7,8
1401,nor,7,8
1402,pick,7,8
1403,pollution,7,8
1404,quit,7,8
1405,recall,7,8
1406,register,7,8
1407,relatively,7,8
1408,skin,7,8
1409,spirit,7,8
1410,spread,7,8
1411,totally,7,8
1412,tree,7,8
1413,wait,7,8
1414,weigh,7,8
1415,alive,7,7
1416,anyway,7,7
1417,arise,7,7
1418,besides,7,7
1419,certainly,7,7
1420,challenging,7,7
1421,circumstance,7,7
1422,clinical,7,7
1423,comfort,7,7
1424,enrich,7,7
1425,facilitate,7,7
1426,insight,7,7
1427,ongoing,7,7
1428,preparation,7,7
1429,separate,7,7
1430,significantly,7,7
1431,surprisingly,7,7
1432,tie,7,7
1433,teen,6,39
1434,jam,6,36
1435,math,6,29
1436,supermarket,6,29
1437,debate,6,27
1438,egg,6,27
1439,hire,6,27
1440,aid,6,24
1441,bill,6,24
1442,paint,6,21
1443,bean,6,20
1444,birthday,6,20
1445,bus,6,20
1446,flight,6,19
1447,housing,6,19
1448,behaviour,6,18
1449,husband,6,18
1450,tourist,6,18
1451,agent,6,17
1452,cash,6,17
1453,competition,6,16
1454,farmer,6,15
1455,collection,6,14
1456,depression,6,14
1457,foot,6,14
1458,graduate,6,14
1459,intake,6,14
1460,screen,6,14
1461,chair,6,13
1462,court,6,13
1463,female,6,13
1464,holiday,6,13
1465,pain,6,13
1466,player,6,13
1467,production,6,13
1468,secure,6,13
1469,audience,6,12
1470,borrow,6,12
1471,burn,6,12
1472,cook,6,12
1473,corporate,6,12
1474,dangerous,6,12
1475,debt,6,12
1476,discipline,6,12
1477,error,6,12
1478,gym,6,12
1479,mile,6,12
1480,movement,6,12
1481,party,6,12
1482,rescue,6,12
1483,writing,6,12
1484,bite,6,11
1485,capture,6,11
1486,cope,6,11
1487,nutrient,6,11
1488,salary,6,11
1489,shopping,6,11
1490,submission,6,11
1491,tendency,6,11
1492,tough,6,11
1493,tour,6,11
1494,wake,6,11
1495,affordable,6,10
1496,annual,6,10
1497,charity,6,10
1498,couple,6,10
1499,daughter,6,10
1500,definition,6,10
1501,green,6,10
1502,imagination,6,10
1503,journey,6,10
1504,nearby,6,10
1505,organisation,6,10
1506,perspective,6,10
1507,requirement,6,10
1508,signal,6,10
1509,strength,6,10
1510,survive,6,10
1511,touch,6,10
1512,trap,6,10
1513,tv,6,10
1514,victim,6,10
1515,vulnerable,6,10
1516,zone,6,10
1517,afraid,6,9
1518,behave,6,9
1519,cent,6,9
1520,china,6,9
1521,commercial,6,9
1522,death,6,9
1523,effectively,6,9
1524,environmentally,6,9
1525,escape,6,9
1526,expose,6,9
1527,floor,6,9
1528,foundation,6,9
1529,frame,6,9
1530,friday,6,9
1531,grain,6,9
1532,implication,6,9
1533,incredible,6,9
1534,net,6,9
1535,obtain,6,9
1536,pair,6,9
1537,persuade,6,9
1538,preference,6,9
1539,reliable,6,9
1540,sad,6,9
1541,suspect,6,9
1542,yield,6,9
1543,abandon,6,8
1544,anxious,6,8
1545,assess,6,8
1546,beautiful,6,8
1547,combine,6,8
1548,complicated,6,8
1549,consistently,6,8
1550,crash,6,8
1551,creature,6,8
1552,crime,6,8
1553,deeply,6,8
1554,demonstrate,6,8
1555,employment,6,8
1556,entire,6,8
1557,gift,6,8
1558,kitchen,6,8
1559,mystery,6,8
1560,opposite,6,8
1561,permanent,6,8
1562,playing,6,8
1563,plenty,6,8
1564,preserve,6,8
1565,procedure,6,8
1566,reasonable,6,8
1567,reduction,6,8
1568,season,6,8
1569,sector,6,8
1570,setting,6,8
1571,shrink,6,8
1572,strike,6,8
1573,strongly,6,8
1574,television,6,8
1575,youth,6,8
1576,alter,6,7
1577,approximately,6,7
1578,attractive,6,7
1579,bag,6,7
1580,beat,6,7
1581,bottom,6,7
1582,breed,6,7
1583,classify,6,7
1584,comment,6,7
1585,component,6,7
1586,contrary,6,7
1587,deny,6,7
1588,depth,6,7
1589,distinguish,6,7
1590,document,6,7
1591,dozen,6,7
1592,dull,6,7
1593,fortune,6,7
1594,fulfil,6,7
1595,gradually,6,7
1596,incentive,6,7
1597,lower,6,7
1598,naturally,6,7
1599,passionate,6,7
1600,pop,6,7
1601,possibly,6,7
1602,previously,6,7
1603,profession,6,7
1604,readily,6,7
1605,reap,6,7
1606,relax,6,7
1607,release,6,7
1608,route,6,7
1609,sight,6,7
1610,speaker,6,7
1611,species,6,7
1612,specifically,6,7
1613,spokesperson,6,7
1614,suddenly,6,7
1615,surely,6,7
1616,surprised,6,7
1617,traditionally,6,7
1618,unfortunately,6,7
1619,vigorous,6,7
1620,whose,6,7
1621,wide,6,7
1622,yesterday,6,7
1623,addict,6,6
1624,agriculture,6,6
1625,assign,6,6
1626,broad,6,6
1627,careful,6,6
1628,combination,6,6
1629,concerned,6,6
1630,constant,6,6
1631,consultant,6,6
1632,direct,6,6
1633,discourage,6,6
1634,essentially,6,6
1635,extent,6,6
1636,finance,6,6
1637,freedom,6,6
1638,highlight,6,6
1639,himself,6,6
1640,infrastructure,6,6
1641,landscape,6,6
1642,mentally,6,6
1643,neither,6,6
1644,onto,6,6
1645,plus,6,6
1646,poorly,6,6
1647,promotion,6,6
1648,root,6,6
1649,satisfy,6,6
1650,socially,6,6
1651,somewhat,6,6
1652,stable,6,6
1653,straightforward,6,6
1654,stressful,6,6
1655,strive,6,6
1656,sufficient,6,6
1657,tackle,6,6
1658,urgent,6,6
1659,weakness,6,6
1660,witness,6,6
1661,plastic,5,52
1662,juice,5,44
1663,diversity,5,31
1664,snake,5,31
1665,crop,5,26
1666,cheat,5,25
1667,engineer,5,24
1668,fan,5,23
1669,coffee,5,21
1670,gold,5,20
1671,plane,5,20
1672,speech,5,20
1673,manufacturer,5,19
1674,beach,5,18
1675,bone,5,18
1676,fee,5,18
1677,wall,5,18
1678,african,5,17
1679,platform,5,17
1680,ban,5,16
1681,flavor,5,16
1682,smart,5,16
1683,village,5,16
1684,farming,5,15
1685,fuel,5,15
1686,habitat,5,15
1687,nightmare,5,15
1688,saving,5,15
1689,creativity,5,14
1690,funding,5,14
1691,seat,5,14
1692,theory,5,14
1693,vegetarian,5,14
1694,white,5,14
1695,agreement,5,13
1696,athlete,5,13
1697,cycle,5,13
1698,economist,5,13
1699,airport,5,12
1700,clothing,5,12
1701,cooking,5,12
1702,legal,5,12
1703,norm,5,12
1704,respect,5,12
1705,trip,5,12
1706,abstract,5,11
1707,analyst,5,11
1708,applicant,5,11
1709,boring,5,11
1710,harmony,5,11
1711,loan,5,11
1712,rating,5,11
1713,tech,5,11
1714,bar,5,10
1715,chicken,5,10
1716,diverse,5,10
1717,presence,5,10
1718,steal,5,10
1719,teaching,5,10
1720,ticket,5,10
1721,ton,5,10
1722,trace,5,10
1723,winter,5,10
1724,adulthood,5,9
1725,black,5,9
1726,box,5,9
1727,collaborate,5,9
1728,commitment,5,9
1729,construction,5,9
1730,correct,5,9
1731,dietary,5,9
1732,dish,5,9
1733,engine,5,9
1734,fancy,5,9
1735,forest,5,9
1736,german,5,9
1737,girl,5,9
1738,hat,5,9
1739,hide,5,9
1740,logical,5,9
1741,marry,5,9
1742,meaningful,5,9
1743,meter,5,9
1744,mobile,5,9
1745,propose,5,9
1746,pupil,5,9
1747,realise,5,9
1748,romantic,5,9
1749,suit,5,9
1750,technological,5,9
1751,title,5,9
1752,warm,5,9
1753,window,5,9
1754,acceptable,5,8
1755,accurate,5,8
1756,agency,5,8
1757,appearance,5,8
1758,authentic,5,8
1759,award,5,8
1760,bias,5,8
1761,bind,5,8
1762,blog,5,8
1763,budgeting,5,8
1764,celebrate,5,8
1765,contribution,5,8
1766,council,5,8
1767,dependent,5,8
1768,donation,5,8
1769,estate,5,8
1770,guideline,5,8
1771,host,5,8
1772,indicator,5,8
1773,investigate,5,8
1774,isolation,5,8
1775,lab,5,8
1776,mission,5,8
1777,northern,5,8
1778,panic,5,8
1779,perception,5,8
1780,quarter,5,8
1781,realistic,5,8
1782,reluctant,5,8
1783,resemble,5,8
1784,routine,5,8
1785,sorry,5,8
1786,transfer,5,8
1787,wealth,5,8
1788,advanced,5,7
1789,anticipate,5,7
1790,boss,5,7
1791,cancel,5,7
1792,capability,5,7
1793,closed,5,7
1794,confusion,5,7
1795,consensus,5,7
1796,cool,5,7
1797,copy,5,7
1798,era,5,7
1799,exam,5,7
1800,facebook,5,7
1801,fame,5,7
1802,hang,5,7
1803,herself,5,7
1804,honor,5,7
1805,hunt,5,7
1806,instant,5,7
1807,kilometer,5,7
1808,lesson,5,7
1809,mess,5,7
1810,moderate,5,7
1811,network,5,7
1812,nobody,5,7
1813,noise,5,7
1814,page,5,7
1815,pocket,5,7
1816,precise,5,7
1817,prior,5,7
1818,proud,5,7
1819,psychology,5,7
1820,react,5,7
1821,reaction,5,7
1822,recognition,5,7
1823,regulation,5,7
1824,remarkable,5,7
1825,secondary,5,7
1826,sensitive,5,7
1827,shortage,5,7
1828,somewhere,5,7
1829,suggestion,5,7
1830,timely,5,7
1831,volume,5,7
1832,war,5,7
1833,workforce,5,7
1834,yearly,5,7
1835,advertise,5,6
1836,atmosphere,5,6
1837,block,5,6
1838,compete,5,6
1839,confuse,5,6
1840,counterpart,5,6
1841,description,5,6
1842,doubt,5,6
1843,edge,5,6
1844,encounter,5,6
1845,engagement,5,6
1846,guarantee,5,6
1847,heavily,5,6
1848,impress,5,6
1849,induce,5,6
1850,influential,5,6
1851,initial,5,6
1852,keen,5,6
1853,lay,5,6
1854,maximum,5,6
1855,overlook,5,6
1856,permanently,5,6
1857,phenomenon,5,6
1858,photograph,5,6
1859,physician,5,6
1860,portion,5,6
1861,recover,5,6
1862,relation,5,6
1863,roughly,5,6
1864,ruin,5,6
1865,settle,5,6
1866,shock,5,6
1867,shut,5,6
1868,spring,5,6
1869,sum,5,6
1870,surprising,5,6
1871,technique,5,6
1872,thrive,5,6
1873,times,5,6
1874,tired,5,6
1875,tomorrow,5,6
1876,translation,5,6
1877,transport,5,6
1878,transportation,5,6
1879,unclear,5,6
1880,useless,5,6
1881,affair,5,5
1882,anger,5,5
1883,apparently,5,5
1884,asian,5,5
1885,comparison,5,5
1886,considerably,5,5
1887,convenient,5,5
1888,damaging,5,5
1889,desirable,5,5
1890,disconnect,5,5
1891,dramatically,5,5
1892,edition,5,5
1893,employ,5,5
1894,endless,5,5
1895,enjoyable,5,5
1896,excited,5,5
1897,extensive,5,5
1898,fresh,5,5
1899,ground,5,5
1900,hmm,5,5
1901,hop,5,5
1902,importantly,5,5
1903,inform,5,5
1904,instantly,5,5
1905,insurance,5,5
1906,length,5,5
1907,literature,5,5
1908,lucky,5,5
1909,merely,5,5
1910,minority,5,5
1911,myself,5,5
1912,nationwide,5,5
1913,nowadays,5,5
1914,opt,5,5
1915,otherwise,5,5
1916,overweight,5,5
1917,planet,5,5
1918,primarily,5,5
1919,problematic,5,5
1920,prospect,5,5
1921,provider,5,5
1922,recruit,5,5
1923,relieve,5,5
1924,reserve,5,5
1925,reverse,5,5
1926,safely,5,5
1927,sample,5,5
1928,sharply,5,5
1929,slowly,5,5
1930,son,5,5
1931,spark,5,5
1932,strain,5,5
1933,subjective,5,5
1934,suitable,5,5
1935,sweet,5,5
1936,trigger,5,5
1937,undergo,5,5
1938,urge,5,5
1939,walking,5,5
1940,bike,4,34
1941,formula,4,27
1942,instinct,4,24
1943,bottle,4,23
1944,voice,4,21
1945,retirement,4,20
1946,curiosity,4,19
1947,boredom,4,17
1948,dress,4,17
1949,clothe,4,15
1950,series,4,15
1951,south,4,15
1952,trait,4,15
1953,web,4,14
1954,blue,4,13
1955,software,4,13
1956,update,4,13
1957,beauty,4,12
1958,county,4,12
1959,furniture,4,12
1960,nutrition,4,12
1961,trade,4,12
1962,addiction,4,11
1963,assignment,4,11
1964,fire,4,11
1965,gas,4,11
1966,payment,4,11
1967,photo,4,11
1968,birth,4,10
1969,dining,4,10
1970,infant,4,10
1971,inner,4,10
1972,label,4,10
1973,reader,4,10
1974,reputation,4,10
1975,robot,4,10
1976,silver,4,10
1977,tuition,4,10
1978,accessible,4,9
1979,border,4,9
1980,client,4,9
1981,desk,4,9
1982,hobby,4,9
1983,homework,4,9
1984,impression,4,9
1985,japan,4,9
1986,leisure,4,9
1987,maker,4,9
1988,media,4,9
1989,mine,4,9
1990,muscle,4,9
1991,obese,4,9
1992,rock,4,9
1993,score,4,9
1994,toy,4,9
1995,wellbeing,4,9
1996,academy,4,8
1997,assistance,4,8
1998,certificate,4,8
1999,dad,4,8
2000,flexibility,4,8
2001,french,4,8
2002,friendship,4,8
2003,grocery,4,8
2004,independently,4,8
2005,interpersonal,4,8
2006,literacy,4,8
2007,minister,4,8
2008,ohio,4,8
2009,poisonous,4,8
2010,producer,4,8
2011,respondent,4,8
2012,sick,4,8
2013,soft,4,8
2014,stock,4,8
2015,terrible,4,8
2016,tonne,4,8
2017,wage,4,8
2018,weekend,4,8
2019,wife,4,8
2020,actively,4,7
2021,ball,4,7
2022,basketball,4,7
2023,blind,4,7
2024,canada,4,7
2025,click,4,7
2026,delivery,4,7
2027,dense,4,7
2028,eating,4,7
2029,eliminate,4,7
2030,ethical,4,7
2031,excess,4,7
2032,exciting,4,7
2033,feasible,4,7
2034,guard,4,7
2035,hormone,4,7
2036,incredibly,4,7
2037,instinctive,4,7
2038,jet,4,7
2039,location,4,7
2040,magazine,4,7
2041,marketing,4,7
2042,memory,4,7
2043,monthly,4,7
2044,outdoor,4,7
2045,outer,4,7
2046,pleasant,4,7
2047,prevention,4,7
2048,ready,4,7
2049,row,4,7
2050,scene,4,7
2051,shoe,4,7
2052,sister,4,7
2053,station,4,7
2054,statistic,4,7
2055,sun,4,7
2056,superior,4,7
2057,surgery,4,7
2058,unknown,4,7
2059,upper,4,7
2060,wildlife,4,7
2061,airplane,4,6
2062,aisle,4,6
2063,anderson,4,6
2064,apartment,4,6
2065,appreciate,4,6
2066,arm,4,6
2067,arouse,4,6
2068,battle,4,6
2069,bold,4,6
2070,boom,4,6
2071,breathing,4,6
2072,calm,4,6
2073,celebration,4,6
2074,cell,4,6
2075,ceremony,4,6
2076,civil,4,6
2077,committed,4,6
2078,commute,4,6
2079,competitor,4,6
2080,compulsory,4,6
2081,core,4,6
2082,deserve,4,6
2083,destination,4,6
2084,dismiss,4,6
2085,drastically,4,6
2086,educate,4,6
2087,evening,4,6
2088,evolve,4,6
2089,excessive,4,6
2090,exposure,4,6
2091,fabric,4,6
2092,fellow,4,6
2093,fundamental,4,6
2094,germany,4,6
2095,giant,4,6
2096,guy,4,6
2097,honest,4,6
2098,hungry,4,6
2099,independence,4,6
2100,institute,4,6
2101,intention,4,6
2102,interpret,4,6
2103,japanese,4,6
2104,lecture,4,6
2105,manipulate,4,6
2106,mechanical,4,6
2107,mom,4,6
2108,mountain,4,6
2109,neutral,4,6
2110,optimistic,4,6
2111,orange,4,6
2112,percentage,4,6
2113,prison,4,6
2114,privacy,4,6
2115,privilege,4,6
2116,pull,4,6
2117,queen,4,6
2118,reject,4,6
2119,richard,4,6
2120,risky,4,6
2121,russian,4,6
2122,shade,4,6
2123,similarly,4,6
2124,spouse,4,6
2125,stranger,4,6
2126,strictly,4,6
2127,super,4,6
2128,tax,4,6
2129,tricky,4,6
2130,unacceptable,4,6
2131,unemployment,4,6
2132,villager,4,6
2133,vitamin,4,6
2134,warming,4,6
2135,wisdom,4,6
2136,accelerate,4,5
2137,accommodate,4,5
2138,additionally,4,5
2139,administration,4,5
2140,advancement,4,5
2141,anywhere,4,5
2142,attain,4,5
2143,automatically,4,5
2144,breathe,4,5
2145,camp,4,5
2146,cancer,4,5
2147,classmate,4,5
2148,coast,4,5
2149,compensate,4,5
2150,competent,4,5
2151,complaint,4,5
2152,complexity,4,5
2153,comprehend,4,5
2154,contest,4,5
2155,cooperate,4,5
2156,criminal,4,5
2157,deadline,4,5
2158,delicious,4,5
2159,disciplinary,4,5
2160,donate,4,5
2161,dry,4,5
2162,eager,4,5
2163,efficient,4,5
2164,endanger,4,5
2165,endure,4,5
2166,evaluate,4,5
2167,existence,4,5
2168,fair,4,5
2169,focused,4,5
2170,folk,4,5
2171,hall,4,5
2172,illustrate,4,5
2173,incident,4,5
2174,independent,4,5
2175,informal,4,5
2176,invention,4,5
2177,judgment,4,5
2178,kilogram,4,5
2179,laptop,4,5
2180,library,4,5
2181,luck,4,5
2182,manhattan,4,5
2183,manufacturing,4,5
2184,maximize,4,5
2185,mechanism,4,5
2186,mentality,4,5
2187,mere,4,5
2188,mineral,4,5
2189,nowhere,4,5
2190,nut,4,5
2191,obstacle,4,5
2192,occasion,4,5
2193,opening,4,5
2194,outdoors,4,5
2195,outlet,4,5
2196,owe,4,5
2197,pack,4,5
2198,precisely,4,5
2199,prediction,4,5
2200,press,4,5
2201,programme,4,5
2202,promptly,4,5
2203,publicly,4,5
2204,quiet,4,5
2205,reference,4,5
2206,repeat,4,5
2207,restriction,4,5
2208,retain,4,5
2209,rewarding,4,5
2210,scholar,4,5
2211,skilled,4,5
2212,snowy,4,5
2213,solid,4,5
2214,song,4,5
2215,southern,4,5
2216,spanish,4,5
2217,successfully,4,5
2218,sustain,4,5
2219,teenage,4,5
2220,um,4,5
2221,uncomfortable,4,5
2222,via,4,5
2223,visual,4,5
2224,whereas,4,5
2225,wish,4,5
2226,workout,4,5
2227,adaptable,4,4
2228,aggressive,4,4
2229,barrier,4,4
2230,bedroom,4,4
2231,beloved,4,4
2232,blow,4,4
2233,boast,4,4
2234,branch,4,4
2235,broaden,4,4
2236,cafe,4,4
2237,category,4,4
2238,cater,4,4
2239,chip,4,4
2240,conceal,4,4
2241,construct,4,4
2242,controversial,4,4
2243,convincing,4,4
2244,costly,4,4
2245,counter,4,4
2246,crew,4,4
2247,cross,4,4
2248,cup,4,4
2249,delight,4,4
2250,detect,4,4
2251,discrimination,4,4
2252,ear,4,4
2253,electricity,4,4
2254,element,4,4
2255,entertainment,4,4
2256,equip,4,4
2257,equivalent,4,4
2258,establishment,4,4
2259,europe,4,4
2260,everyday,4,4
2261,evolution,4,4
2262,excellent,4,4
2263,exclude,4,4
2264,expression,4,4
2265,familiarize,4,4
2266,fascinating,4,4
2267,fatal,4,4
2268,financially,4,4
2269,fourth,4,4
2270,generous,4,4
2271,hello,4,4
2272,hey,4,4
2273,honestly,4,4
2274,impose,4,4
2275,inexpensive,4,4
2276,injure,4,4
2277,instruction,4,4
2278,introduction,4,4
2279,investment,4,4
2280,isolate,4,4
2281,literally,4,4
2282,load,4,4
2283,logic,4,4
2284,monday,4,4
2285,neglect,4,4
2286,neighborhood,4,4
2287,nevertheless,4,4
2288,none,4,4
2289,objective,4,4
2290,occupy,4,4
2291,originally,4,4
2292,overwhelming,4,4
2293,partnership,4,4
2294,patience,4,4
2295,persist,4,4
2296,persistent,4,4
2297,pharmaceutical,4,4
2298,pizza,4,4
2299,plot,4,4
2300,possess,4,4
2301,prompt,4,4
2302,proportion,4,4
2303,punish,4,4
2304,radical,4,4
2305,rain,4,4
2306,reconsider,4,4
2307,refrain,4,4
2308,refuse,4,4
2309,regional,4,4
2310,scatter,4,4
2311,selection,4,4
2312,sharing,4,4
2313,slip,4,4
2314,soar,4,4
2315,spain,4,4
2316,split,4,4
2317,standing,4,4
2318,stressed,4,4
2319,sudden,4,4
2320,superficial,4,4
2321,superstar,4,4
2322,suspicion,4,4
2323,sympathy,4,4
2324,tuesday,4,4
2325,unaware,4,4
2326,unchanged,4,4
2327,unhealthy,4,4
2328,universal,4,4
2329,unless,4,4
2330,unlikely,4,4
2331,unrealistic,4,4
2332,utilize,4,4
2333,visible,4,4
2334,whom,4,4
2335,worsen,4,4
2336,lane,3,34
2337,handed,3,25
2338,chocolate,3,24
2339,mindset,3,22
2340,snow,3,22
2341,glasgow,3,18
2342,designer,3,16
2343,nap,3,16
2344,winner,3,16
2345,ambitious,3,15
2346,immigrant,3,15
2347,rabbit,3,15
2348,elephant,3,14
2349,homeless,3,14
2350,learner,3,14
2351,museum,3,14
2352,angeles,3,13
2353,attachment,3,13
2354,discount,3,13
2355,los,3,13
2356,recycle,3,13
2357,cholesterol,3,12
2358,dna,3,12
2359,passport,3,12
2360,venture,3,12
2361,assistant,3,11
2362,chase,3,11
2363,contract,3,11
2364,educator,3,11
2365,intensity,3,11
2366,melt,3,11
2367,menu,3,11
2368,painting,3,11
2369,print,3,11
2370,rival,3,11
2371,smith,3,11
2372,tablet,3,11
2373,tap,3,11
2374,cognitive,3,10
2375,foreign,3,10
2376,grand,3,10
2377,intervention,3,10
2378,scar,3,10
2379,secret,3,10
2380,unemployed,3,10
2381,bread,3,9
2382,film,3,9
2383,junk,3,9
2384,negotiate,3,9
2385,square,3,9
2386,systematic,3,9
2387,washington,3,9
2388,approval,3,8
2389,beverage,3,8
2390,continent,3,8
2391,coworker,3,8
2392,emotionally,3,8
2393,european,3,8
2394,football,3,8
2395,fox,3,8
2396,freshman,3,8
2397,king,3,8
2398,mail,3,8
2399,package,3,8
2400,aged,3,7
2401,bicycle,3,7
2402,chemical,3,7
2403,collapse,3,7
2404,concrete,3,7
2405,diabete,3,7
2406,diabetes,3,7
2407,disadvantaged,3,7
2408,disorder,3,7
2409,driving,3,7
2410,evaluation,3,7
2411,highway,3,7
2412,immediate,3,7
2413,license,3,7
2414,monitor,3,7
2415,newcastle,3,7
2416,recipe,3,7
2417,redesign,3,7
2418,submit,3,7
2419,taker,3,7
2420,taxis,3,7
2421,traveler,3,7
2422,unethical,3,7
2423,uniform,3,7
2424,advertising,3,6
2425,affluent,3,6
2426,aging,3,6
2427,attraction,3,6
2428,autonomy,3,6
2429,brother,3,6
2430,cargo,3,6
2431,christmas,3,6
2432,closeness,3,6
2433,cure,3,6
2434,curriculum,3,6
2435,distribute,3,6
2436,eh,3,6
2437,euro,3,6
2438,feedback,3,6
2439,hotel,3,6
2440,insecure,3,6
2441,lag,3,6
2442,le,3,6
2443,listener,3,6
2444,monster,3,6
2445,mouse,3,6
2446,outperform,3,6
2447,pool,3,6
2448,prize,3,6
2449,pump,3,6
2450,rational,3,6
2451,recycling,3,6
2452,regulate,3,6
2453,stretch,3,6
2454,substitute,3,6
2455,wave,3,6
2456,wine,3,6
2457,adjustment,3,5
2458,andrea,3,5
2459,arrange,3,5
2460,artist,3,5
2461,assumption,3,5
2462,autonomous,3,5
2463,beef,3,5
2464,bin,3,5
2465,breath,3,5
2466,calendar,3,5
2467,ceiling,3,5
2468,childcare,3,5
2469,cinema,3,5
2470,collaboration,3,5
2471,columbia,3,5
2472,communicative,3,5
2473,complication,3,5
2474,conference,3,5
2475,consistent,3,5
2476,count,3,5
2477,criterion,3,5
2478,deliberate,3,5
2479,discomfort,3,5
2480,duration,3,5
2481,editing,3,5
2482,elderly,3,5
2483,finger,3,5
2484,freely,3,5
2485,frustration,3,5
2486,garden,3,5
2487,halt,3,5
2488,hometown,3,5
2489,hug,3,5
2490,india,3,5
2491,interior,3,5
2492,ji,3,5
2493,jog,3,5
2494,kindergarten,3,5
2495,legally,3,5
2496,limitation,3,5
2497,loud,3,5
2498,march,3,5
2499,opponent,3,5
2500,oxygen,3,5
2501,peace,3,5
2502,permission,3,5
2503,pile,3,5
2504,planning,3,5
2505,pleasure,3,5
2506,prescribe,3,5
2507,racer,3,5
2508,recognise,3,5
2509,renewable,3,5
2510,scotland,3,5
2511,seasonal,3,5
2512,semester,3,5
2513,sentence,3,5
2514,session,3,5
2515,spacecraft,3,5
2516,sponsor,3,5
2517,stage,3,5
2518,steve,3,5
2519,string,3,5
2520,sugary,3,5
2521,surf,3,5
2522,tank,3,5
2523,teamwork,3,5
2524,thursday,3,5
2525,underground,3,5
2526,unwanted,3,5
2527,visibility,3,5
2528,weaken,3,5
2529,adaptability,3,4
2530,agricultural,3,4
2531,ancestor,3,4
2532,angry,3,4
2533,apparent,3,4
2534,apple,3,4
2535,approve,3,4
2536,assure,3,4
2537,australian,3,4
2538,automatic,3,4
2539,availability,3,4
2540,baseline,3,4
2541,bright,3,4
2542,burnout,3,4
2543,calculate,3,4
2544,cartoon,3,4
2545,characterize,3,4
2546,clever,3,4
2547,code,3,4
2548,commodity,3,4
2549,complain,3,4
2550,considerable,3,4
2551,curious,3,4
2552,damn,3,4
2553,defense,3,4
2554,deposit,3,4
2555,depressed,3,4
2556,deprive,3,4
2557,desert,3,4
2558,determined,3,4
2559,disruption,3,4
2560,duty,3,4
2561,earn,3,4
2562,elsewhere,3,4
2563,enrol,3,4
2564,enrollment,3,4
2565,entertain,3,4
2566,ethic,3,4
2567,everywhere,3,4
2568,excel,3,4
2569,exploit,3,4
2570,february,3,4
2571,flat,3,4
2572,flower,3,4
2573,forge,3,4
2574,format,3,4
2575,fulfillment,3,4
2576,gathering,3,4
2577,genuinely,3,4
2578,glad,3,4
2579,grasp,3,4
2580,guilty,3,4
2581,hidden,3,4
2582,humanity,3,4
2583,imaginative,3,4
2584,imitation,3,4
2585,informed,3,4
2586,instability,3,4
2587,jacket,3,4
2588,joint,3,4
2589,joy,3,4
2590,jumping,3,4
2591,justice,3,4
2592,latin,3,4
2593,lens,3,4
2594,lifespan,3,4
2595,magic,3,4
2596,mature,3,4
2597,mistakenly,3,4
2598,modest,3,4
2599,morally,3,4
2600,mouth,3,4
2601,murder,3,4
2602,nervous,3,4
2603,ocean,3,4
2604,organic,3,4
2605,outcompete,3,4
2606,outsider,3,4
2607,outstanding,3,4
2608,overwhelm,3,4
2609,ownership,3,4
2610,perfectly,3,4
2611,physically,3,4
2612,popularity,3,4
2613,praise,3,4
2614,pure,3,4
2615,realization,3,4
2616,refine,3,4
2617,reflection,3,4
2618,reform,3,4
2619,regret,3,4
2620,renovate,3,4
2621,reporter,3,4
2622,restrict,3,4
2623,restructure,3,4
2624,seeker,3,4
2625,severely,3,4
2626,shopper,3,4
2627,soul,3,4
2628,spacious,3,4
2629,specialist,3,4
2630,stem,3,4
2631,strategically,3,4
2632,supervision,3,4
2633,supportive,3,4
2634,swim,3,4
2635,tasty,3,4
2636,texas,3,4
2637,theme,3,4
2638,tissue,3,4
2639,ultimate,3,4
2640,undermine,3,4
2641,unwilling,3,4
2642,urgency,3,4
2643,usage,3,4
2644,vanish,3,4
2645,version,3,4
2646,violent,3,4
2647,visitor,3,4
2648,wealthy,3,4
2649,west,3,4
2650,accompany,3,3
2651,accuse,3,3
2652,adam,3,3
2653,afterwards,3,3
2654,airline,3,3
2655,alarm,3,3
2656,alongside,3,3
2657,analyse,3,3
2658,anytime,3,3
2659,appealing,3,3
2660,asia,3,3
2661,asset,3,3
2662,attainment,3,3
2663,bake,3,3
2664,bathroom,3,3
2665,beginning,3,3
2666,benjamin,3,3
2667,blend,3,3
2668,bless,3,3
2669,blindly,3,3
2670,bond,3,3
2671,brave,3,3
2672,brighten,3,3
2673,bully,3,3
2674,businessman,3,3
2675,canteen,3,3
2676,casually,3,3
2677,ceo,3,3
2678,church,3,3
2679,circle,3,3
2680,circulation,3,3
2681,clock,3,3
2682,commonly,3,3
2683,completion,3,3
2684,comprise,3,3
2685,concentration,3,3
2686,confine,3,3
2687,consequently,3,3
2688,constitute,3,3
2689,consult,3,3
2690,continuous,3,3
2691,continuously,3,3
2692,convenience,3,3
2693,coordinate,3,3
2694,crawl,3,3
2695,criticism,3,3
2696,cry,3,3
2697,data,3,3
2698,deem,3,3
2699,deer,3,3
2700,deliberation,3,3
2701,deteriorate,3,3
2702,developed,3,3
2703,devote,3,3
2704,devoted,3,3
2705,digitally,3,3
2706,disappearance,3,3
2707,disastrous,3,3
2708,discriminate,3,3
2709,distract,3,3
2710,download,3,3
2711,drinking,3,3
2712,dynamic,3,3
2713,east,3,3
2714,edit,3,3
2715,embarrassed,3,3
2716,emergence,3,3
2717,entitle,3,3
2718,equipment,3,3
2719,exclusively,3,3
2720,exert,3,3
2721,exhausted,3,3
2722,exhausting,3,3
2723,expectancy,3,3
2724,extensively,3,3
2725,extract,3,3
2726,false,3,3
2727,fashioned,3,3
2728,fault,3,3
2729,favorable,3,3
2730,favour,3,3
2731,fierce,3,3
2732,fitness,3,3
2733,flag,3,3
2734,fond,3,3
2735,forbid,3,3
2736,foresee,3,3
2737,forever,3,3
2738,formulate,3,3
2739,founder,3,3
2740,frightening,3,3
2741,frustrated,3,3
2742,grab,3,3
2743,harsh,3,3
2744,haunt,3,3
2745,headline,3,3
2746,healthcare,3,3
2747,height,3,3
2748,henry,3,3
2749,historically,3,3
2750,identical,3,3
2751,illegally,3,3
2752,illustration,3,3
2753,immature,3,3
2754,improved,3,3
2755,indian,3,3
2756,indifferent,3,3
2757,inevitable,3,3
2758,inquiry,3,3
2759,interfere,3,3
2760,is,3,3
2761,italy,3,3
2762,june,3,3
2763,knife,3,3
2764,legislation,3,3
2765,lively,3,3
2766,lonely,3,3
2767,lovely,3,3
2768,loyalty,3,3
2769,mainstream,3,3
2770,manner,3,3
2771,manual,3,3
2772,means,3,3
2773,milk,3,3
2774,minimal,3,3
2775,minor,3,3
2776,misleading,3,3
2777,noisy,3,3
2778,notify,3,3
2779,nuclear,3,3
2780,nutritional,3,3
2781,observation,3,3
2782,ok,3,3
2783,openness,3,3
2784,organ,3,3
2785,ought,3,3
2786,oversee,3,3
2787,overwhelmed,3,3
2788,packaging,3,3
2789,parenting,3,3
2790,partially,3,3
2791,participation,3,3
2792,patch,3,3
2793,peak,3,3
2794,permit,3,3
2795,phase,3,3
2796,phrase,3,3
2797,popularize,3,3
2798,potentially,3,3
2799,practically,3,3
2800,prevail,3,3
2801,proficient,3,3
2802,proof,3,3
2803,provoke,3,3
2804,purchasing,3,3
2805,qualification,3,3
2806,rally,3,3
2807,rearrange,3,3
2808,recruitment,3,3
2809,reduced,3,3
2810,reinforce,3,3
2811,relief,3,3
2812,remark,3,3
2813,remedy,3,3
2814,rental,3,3
2815,replacement,3,3
2816,reportedly,3,3
2817,resistance,3,3
2818,restraint,3,3
2819,retail,3,3
2820,revolutionize,3,3
2821,ryan,3,3
2822,satisfied,3,3
2823,scan,3,3
2824,seed,3,3
2825,seize,3,3
2826,seldom,3,3
2827,sharp,3,3
2828,ship,3,3
2829,shocked,3,3
2830,shortly,3,3
2831,shoulder,3,3
2832,slim,3,3
2833,soda,3,3
2834,sophisticated,3,3
2835,southeast,3,3
2836,spare,3,3
2837,speculation,3,3
2838,storage,3,3
2839,subsequent,3,3
2840,substantial,3,3
2841,successive,3,3
2842,supervise,3,3
2843,supervisor,3,3
2844,supporter,3,3
2845,surgical,3,3
2846,surrounding,3,3
2847,sweat,3,3
2848,switzerland,3,3
2849,telephone,3,3
2850,temper,3,3
2851,three,3,3
2852,transformation,3,3
2853,twist,3,3
2854,uncommon,3,3
2855,undergraduate,3,3
2856,underlie,3,3
2857,undertake,3,3
2858,unexpected,3,3
2859,unnecessary,3,3
2860,unnoticed,3,3
2861,unsurprisingly,3,3
2862,upgrade,3,3
2863,urban,3,3
2864,vague,3,3
2865,validate,3,3
2866,validity,3,3
2867,virtual,3,3
2868,visually,3,3
2869,wallet,3,3
2870,wheel,3,3
2871,worried,3,3
2872,lion,2,32
2873,classical,2,21
2874,horn,2,20
2875,left,2,20
2876,cheese,2,19
2877,carey,2,18
2878,corn,2,18
2879,carbon,2,17
2880,parental,2,16
2881,club,2,14
2882,dolphin,2,14
2883,friedman,2,14
2884,ninth,2,14
2885,tooth,2,14
2886,golden,2,13
2887,doll,2,12
2888,jean,2,12
2889,trash,2,12
2890,ambition,2,11
2891,thomas,2,11
2892,analytical,2,10
2893,architect,2,10
2894,jj,2,10
2895,seating,2,10
2896,amazon,2,9
2897,fayetteville,2,9
2898,nursing,2,9
2899,passive,2,9
2900,pig,2,9
2901,rush,2,9
2902,setback,2,9
2903,astronaut,2,8
2904,bundle,2,8
2905,deficiency,2,8
2906,emission,2,8
2907,hunting,2,8
2908,marriage,2,8
2909,olympic,2,8
2910,pedestrian,2,8
2911,river,2,8
2912,solar,2,8
2913,wang,2,8
2914,closure,2,7
2915,drought,2,7
2916,foods,2,7
2917,hero,2,7
2918,holidaymaker,2,7
2919,homelessness,2,7
2920,indoor,2,7
2921,pandemic,2,7
2922,racing,2,7
2923,textbook,2,7
2924,willpower,2,7
2925,acquaintance,2,6
2926,affection,2,6
2927,africans,2,6
2928,army,2,6
2929,athletic,2,6
2930,booking,2,6
2931,butter,2,6
2932,cheating,2,6
2933,cloud,2,6
2934,deceptive,2,6
2935,distinction,2,6
2936,dorm,2,6
2937,factory,2,6
2938,fake,2,6
2939,fossil,2,6
2940,fountain,2,6
2941,hairdresser,2,6
2942,helicopter,2,6
2943,hunger,2,6
2944,kindness,2,6
2945,layer,2,6
2946,mate,2,6
2947,rider,2,6
2948,ring,2,6
2949,walsh,2,6
2950,wooden,2,6
2951,alert,2,5
2952,ambassador,2,5
2953,band,2,5
2954,basically,2,5
2955,bonus,2,5
2956,burger,2,5
2957,campaigner,2,5
2958,cheek,2,5
2959,cocoa,2,5
2960,david,2,5
2961,dictionary,2,5
2962,dr,2,5
2963,dubai,2,5
2964,entry,2,5
2965,equality,2,5
2966,fatigue,2,5
2967,festival,2,5
2968,found,2,5
2969,gram,2,5
2970,hourly,2,5
2971,intimacy,2,5
2972,kelly,2,5
2973,mask,2,5
2974,mayor,2,5
2975,mediterranean,2,5
2976,modification,2,5
2977,organizer,2,5
2978,pension,2,5
2979,prospective,2,5
2980,rank,2,5
2981,sandwich,2,5
2982,soup,2,5
2983,stroke,2,5
2984,sunshine,2,5
2985,swollen,2,5
2986,tent,2,5
2987,warning,2,5
2988,wash,2,5
2989,airlines,2,4
2990,ancestry,2,4
2991,appetite,2,4
2992,asleep,2,4
2993,baking,2,4
2994,battery,2,4
2995,behalf,2,4
2996,behavioural,2,4
2997,beijing,2,4
2998,bore,2,4
2999,bulk,2,4
3000,bushfire,2,4
3001,cape,2,4
3002,carriage,2,4
3003,catholic,2,4
3004,celsius,2,4
3005,chan,2,4
3006,companion,2,4
3007,compatible,2,4
3008,compensation,2,4
3009,convert,2,4
3010,corporation,2,4
3011,cycling,2,4
3012,decorate,2,4
3013,distant,2,4
3014,distress,2,4
3015,distribution,2,4
3016,drum,2,4
3017,electric,2,4
3018,enjoyment,2,4
3019,episode,2,4
3020,exhibit,2,4
3021,extinct,2,4
3022,faith,2,4
3023,fighter,2,4
3024,functioning,2,4
3025,genuine,2,4
3026,grader,2,4
3027,graduation,2,4
3028,grandfather,2,4
3029,greenhouse,2,4
3030,hearing,2,4
3031,honey,2,4
3032,housework,2,4
3033,iceland,2,4
3034,infancy,2,4
3035,inquire,2,4
3036,insufficient,2,4
3037,interactive,2,4
3038,jones,2,4
3039,lifelong,2,4
3040,medalist,2,4
3041,misuse,2,4
3042,motivated,2,4
3043,motor,2,4
3044,mum,2,4
3045,neighbor,2,4
3046,nephew,2,4
3047,networking,2,4
3048,noticeable,2,4
3049,nutritious,2,4
3050,operating,2,4
3051,palace,2,4
3052,peril,2,4
3053,personally,2,4
3054,pledge,2,4
3055,possession,2,4
3056,poverty,2,4
3057,queens,2,4
3058,realm,2,4
3059,recycled,2,4
3060,resolution,2,4
3061,royal,2,4
3062,sam,2,4
3063,scholarship,2,4
3064,sensitivity,2,4
3065,shelter,2,4
3066,shirt,2,4
3067,shocking,2,4
3068,smoke,2,4
3069,staple,2,4
3070,susan,2,4
3071,tennis,2,4
3072,therapy,2,4
3073,transition,2,4
3074,trick,2,4
3075,unpaid,2,4
3076,viewer,2,4
3077,violation,2,4
3078,violence,2,4
3079,vocabulary,2,4
3080,vote,2,4
3081,weak,2,4
3082,absent,2,3
3083,academically,2,3
3084,addictive,2,3
3085,administer,2,3
3086,advisor,2,3
3087,alice,2,3
3088,am,2,3
3089,amongst,2,3
3090,amusing,2,3
3091,arrest,2,3
3092,automobile,2,3
3093,balanced,2,3
3094,biology,2,3
3095,boat,2,3
3096,boundary,2,3
3097,camera,2,3
3098,central,2,3
3099,cereal,2,3
3100,championship,2,3
3101,charm,2,3
3102,charter,2,3
3103,checkup,2,3
3104,chemistry,2,3
3105,chore,2,3
3106,chronic,2,3
3107,cleverly,2,3
3108,clue,2,3
3109,coin,2,3
3110,conjunction,2,3
3111,connected,2,3
3112,consent,2,3
3113,continually,2,3
3114,cutting,2,3
3115,daydream,2,3
3116,de,2,3
3117,dealer,2,3
3118,declare,2,3
3119,dedicate,2,3
3120,delete,2,3
3121,dependence,2,3
3122,determinedly,2,3
3123,developer,2,3
3124,diagnosis,2,3
3125,dignity,2,3
3126,dilemma,2,3
3127,diner,2,3
3128,disclose,2,3
3129,discovery,2,3
3130,dishonesty,2,3
3131,divorce,2,3
3132,dominate,2,3
3133,dramatic,2,3
3134,echo,2,3
3135,economically,2,3
3136,elementary,2,3
3137,elevate,2,3
3138,emit,2,3
3139,endangered,2,3
3140,enthusiasm,2,3
3141,envy,2,3
3142,equally,2,3
3143,evenly,2,3
3144,everybody,2,3
3145,except,2,3
3146,exception,2,3
3147,exchange,2,3
3148,explosion,2,3
3149,external,2,3
3150,extraordinary,2,3
3151,fascination,2,3
3152,firefighter,2,3
3153,flow,2,3
3154,fluctuate,2,3
3155,fold,2,3
3156,freshwater,2,3
3157,fuss,2,3
3158,genetically,2,3
3159,genius,2,3
3160,geographic,2,3
3161,gloomy,2,3
3162,grateful,2,3
3163,gray,2,3
3164,higher,2,3
3165,hopefully,2,3
3166,hunter,2,3
3167,il,2,3
3168,import,2,3
3169,inch,2,3
3170,incorrectly,2,3
3171,insider,2,3
3172,integrate,2,3
3173,intimate,2,3
3174,investigator,2,3
3175,jason,2,3
3176,jobs,2,3
3177,knee,2,3
3178,laboratory,2,3
3179,landing,2,3
3180,laws,2,3
3181,laziness,2,3
3182,likelihood,2,3
3183,linguistic,2,3
3184,litter,2,3
3185,log,2,3
3186,longing,2,3
3187,loyal,2,3
3188,mammal,2,3
3189,map,2,3
3190,marion,2,3
3191,masterpiece,2,3
3192,mathematical,2,3
3193,matthew,2,3
3194,messy,2,3
3195,metal,2,3
3196,miami,2,3
3197,michael,2,3
3198,military,2,3
3199,minimize,2,3
3200,mit,2,3
3201,mixed,2,3
3202,modify,2,3
3203,motion,2,3
3204,myth,2,3
3205,nelson,2,3
3206,neutralize,2,3
3207,nonprofit,2,3
3208,observer,2,3
3209,occasional,2,3
3210,odd,2,3
3211,ooo,2,3
3212,organiser,2,3
3213,organizational,2,3
3214,originate,2,3
3215,output,2,3
3216,overuse,2,3
3217,palm,2,3
3218,parade,2,3
3219,paul,2,3
3220,perfection,2,3
3221,persistence,2,3
3222,pew,2,3
3223,poison,2,3
3224,postpone,2,3
3225,practicability,2,3
3226,precious,2,3
3227,predictable,2,3
3228,presentation,2,3
3229,prime,2,3
3230,professionally,2,3
3231,projector,2,3
3232,prosperity,2,3
3233,questionnaire,2,3
3234,rail,2,3
3235,rainforest,2,3
3236,receipt,2,3
3237,regulatory,2,3
3238,relational,2,3
3239,religion,2,3
3240,residence,2,3
3241,retrain,2,3
3242,reunite,2,3
3243,reuse,2,3
3244,revolutionary,2,3
3245,rocket,2,3
3246,runner,2,3
3247,rural,2,3
3248,salt,2,3
3249,saying,2,3
3250,scary,2,3
3251,schooler,2,3
3252,scratch,2,3
3253,seller,2,3
3254,settler,2,3
3255,shake,2,3
3256,shed,2,3
3257,shy,2,3
3258,slap,2,3
3259,southeastern,2,3
3260,spending,2,3
3261,sporting,2,3
3262,spotlight,2,3
3263,squeeze,2,3
3264,strict,2,3
3265,studio,2,3
3266,surface,2,3
3267,surge,2,3
3268,taking,2,3
3269,taxi,2,3
3270,terrified,2,3
3271,theft,2,3
3272,thesis,2,3
3273,threshold,2,3
3274,tim,2,3
3275,tom,2,3
3276,touching,2,3
3277,transaction,2,3
3278,tremendous,2,3
3279,ugly,2,3
3280,unsurprising,2,3
3281,van,2,3
3282,variable,2,3
3283,verbal,2,3
3284,vessel,2,3
3285,visualize,2,3
3286,western,2,3
3287,wilson,2,3
3288,wind,2,3
3289,workshop,2,3
3290,worthwhile,2,3
3291,abnormal,2,2
3292,abuse,2,2
3293,acceptance,2,2
3294,accurately,2,2
3295,achievable,2,2
3296,acquisition,2,2
3297,activist,2,2
3298,actor,2,2
3299,acute,2,2
3300,admire,2,2
3301,admission,2,2
3302,afterward,2,2
3303,allegedly,2,2
3304,amateur,2,2
3305,amid,2,2
3306,anniversary,2,2
3307,announcement,2,2
3308,annoy,2,2
3309,annoyed,2,2
3310,annoying,2,2
3311,applicable,2,2
3312,appointment,2,2
3313,appropriately,2,2
3314,arbitrarily,2,2
3315,architecture,2,2
3316,arrangement,2,2
3317,assessment,2,2
3318,assist,2,2
3319,astonishing,2,2
3320,avenue,2,2
3321,aviation,2,2
3322,avoidance,2,2
3323,baker,2,2
3324,baseball,2,2
3325,bend,2,2
3326,bestseller,2,2
3327,biological,2,2
3328,biomedical,2,2
3329,biscuit,2,2
3330,books,2,2
3331,boston,2,2
3332,bother,2,2
3333,bowl,2,2
3334,brake,2,2
3335,brief,2,2
3336,broadcast,2,2
3337,brutal,2,2
3338,bunch,2,2
3339,canadian,2,2
3340,canal,2,2
3341,caregive,2,2
3342,catalog,2,2
3343,caution,2,2
3344,cautious,2,2
3345,cave,2,2
3346,cease,2,2
3347,certification,2,2
3348,chain,2,2
3349,channel,2,2
3350,cheer,2,2
3351,chew,2,2
3352,classic,2,2
3353,climb,2,2
3354,coach,2,2
3355,coastal,2,2
3356,cod,2,2
3357,colorful,2,2
3358,comfortably,2,2
3359,command,2,2
3360,comparable,2,2
3361,compel,2,2
3362,composition,2,2
3363,confess,2,2
3364,confront,2,2
3365,confused,2,2
3366,congratulation,2,2
3367,constraint,2,2
3368,constructive,2,2
3369,contestant,2,2
3370,contradict,2,2
3371,contradictory,2,2
3372,coordination,2,2
3373,coordinator,2,2
3374,corner,2,2
3375,costume,2,2
3376,coverage,2,2
3377,craziness,2,2
3378,crazy,2,2
3379,creamy,2,2
3380,critic,2,2
3381,criticize,2,2
3382,crowded,2,2
3383,culturally,2,2
3384,curb,2,2
3385,curse,2,2
3386,customary,2,2
3387,database,2,2
3388,december,2,2
3389,deception,2,2
3390,decisive,2,2
3391,defeat,2,2
3392,defy,2,2
3393,demanding,2,2
3394,depressing,2,2
3395,depressive,2,2
3396,deprivation,2,2
3397,deputy,2,2
3398,deserted,2,2
3399,desperate,2,2
3400,desperately,2,2
3401,destine,2,2
3402,detach,2,2
3403,determinant,2,2
3404,developmental,2,2
3405,devise,2,2
3406,dimension,2,2
3407,disagree,2,2
3408,disagreement,2,2
3409,disappoint,2,2
3410,disappointed,2,2
3411,disappointment,2,2
3412,disengagement,2,2
3413,dislike,2,2
3414,dispute,2,2
3415,disrespectful,2,2
3416,dissatisfaction,2,2
3417,disturb,2,2
3418,diversify,2,2
3419,dominance,2,2
3420,dose,2,2
3421,doubtful,2,2
3422,drama,2,2
3423,dreaming,2,2
3424,drift,2,2
3425,drunk,2,2
3426,earning,2,2
3427,ecosystem,2,2
3428,elder,2,2
3429,embarrassing,2,2
3430,engaged,2,2
3431,engaging,2,2
3432,enterprise,2,2
3433,entrepreneurship,2,2
3434,erase,2,2
3435,erin,2,2
3436,eu,2,2
3437,exceed,2,2
3438,excite,2,2
3439,excitement,2,2
3440,exhaust,2,2
3441,existent,2,2
3442,expansion,2,2
3443,expected,2,2
3444,expertise,2,2
3445,explicitly,2,2
3446,faculty,2,2
3447,fairly,2,2
3448,fare,2,2
3449,fascinated,2,2
3450,fashionable,2,2
3451,feasibility,2,2
3452,fiction,2,2
3453,final,2,2
3454,fingertip,2,2
3455,flee,2,2
3456,flexibly,2,2
3457,flock,2,2
3458,flood,2,2
3459,flooding,2,2
3460,flourish,2,2
3461,forecast,2,2
3462,formation,2,2
3463,forth,2,2
3464,fortunately,2,2
3465,forum,2,2
3466,france,2,2
3467,francisco,2,2
3468,freshly,2,2
3469,frog,2,2
3470,frustrate,2,2
3471,fundamentally,2,2
3472,funny,2,2
3473,gang,2,2
3474,garbage,2,2
3475,gate,2,2
3476,gear,2,2
3477,gently,2,2
3478,geography,2,2
3479,ghana,2,2
3480,gifted,2,2
3481,glass,2,2
3482,globe,2,2
3483,grace,2,2
3484,grass,2,2
3485,greater,2,2
3486,grown,2,2
3487,guardian,2,2
3488,guilt,2,2
3489,hamburger,2,2
3490,handful,2,2
3491,handy,2,2
3492,harbor,2,2
3493,harmless,2,2
3494,hate,2,2
3495,hazard,2,2
3496,healthier,2,2
3497,heated,2,2
3498,historic,2,2
3499,historical,2,2
3500,hook,2,2
3501,hopeless,2,2
3502,hopelessness,2,2
3503,horrible,2,2
3504,ideally,2,2
3505,ignorance,2,2
3506,ill,2,2
3507,illegal,2,2
3508,illness,2,2
3509,impractical,2,2
3510,impressive,2,2
3511,inability,2,2
3512,inaction,2,2
3513,inborn,2,2
3514,inclination,2,2
3515,inconvenient,2,2
3516,indication,2,2
3517,indirect,2,2
3518,indirectly,2,2
3519,individuality,2,2
3520,infection,2,2
3521,infer,2,2
3522,inflation,2,2
3523,ingredient,2,2
3524,inherit,2,2
3525,initiate,2,2
3526,innocent,2,2
3527,inspect,2,2
3528,instagram,2,2
3529,instruct,2,2
3530,intact,2,2
3531,intense,2,2
3532,intensive,2,2
3533,interestingly,2,2
3534,internal,2,2
3535,interviewee,2,2
3536,interviewer,2,2
3537,intolerable,2,2
3538,invent,2,2
3539,invisible,2,2
3540,irrational,2,2
3541,irrelevant,2,2
3542,isolated,2,2
3543,jane,2,2
3544,jobless,2,2
3545,joke,2,2
3546,july,2,2
3547,justify,2,2
3548,khan,2,2
3549,killer,2,2
3550,ladder,2,2
3551,latter,2,2
3552,laugh,2,2
3553,leftover,2,2
3554,legacy,2,2
3555,lend,2,2
3556,liability,2,2
3557,liberties,2,2
3558,lifetime,2,2
3559,linear,2,2
3560,linkedin,2,2
3561,literary,2,2
3562,literate,2,2
3563,liver,2,2
3564,locally,2,2
3565,logically,2,2
3566,longtime,2,2
3567,loosen,2,2
3568,lost,2,2
3569,lover,2,2
3570,luckily,2,2
3571,magical,2,2
3572,malfunction,2,2
3573,mankind,2,2
3574,manufacture,2,2
3575,markedly,2,2
3576,marvelous,2,2
3577,mary,2,2
3578,maryland,2,2
3579,mass,2,2
3580,massachusetts,2,2
3581,measurement,2,2
3582,medicaid,2,2
3583,membership,2,2
3584,mend,2,2
3585,merit,2,2
3586,metro,2,2
3587,mexican,2,2
3588,microscope,2,2
3589,minimum,2,2
3590,mining,2,2
3591,misery,2,2
3592,misguided,2,2
3593,mislead,2,2
3594,misunderstanding,2,2
3595,mode,2,2
3596,motivating,2,2
3597,motorbike,2,2
3598,namely,2,2
3599,naomi,2,2
3600,narration,2,2
3601,narrowly,2,2
3602,nationally,2,2
3603,neck,2,2
3604,negotiator,2,2
3605,newcomer,2,2
3606,nick,2,2
3607,noble,2,2
3608,nonexistent,2,2
3609,northwestern,2,2
3610,notebook,2,2
3611,november,2,2
3612,nuisance,2,2
3613,nurse,2,2
3614,object,2,2
3615,objection,2,2
3616,observational,2,2
3617,occurrence,2,2
3618,offend,2,2
3619,offensive,2,2
3620,officially,2,2
3621,optimism,2,2
3622,organisational,2,2
3623,organized,2,2
3624,orient,2,2
3625,orientation,2,2
3626,origin,2,2
3627,outline,2,2
3628,outward,2,2
3629,overhead,2,2
3630,overly,2,2
3631,overnight,2,2
3632,oxford,2,2
3633,pathway,2,2
3634,patrick,2,2
3635,penalty,2,2
3636,penny,2,2
3637,persistently,2,2
3638,persuasive,2,2
3639,peter,2,2
3640,philip,2,2
3641,philosophy,2,2
3642,pioneer,2,2
3643,pitch,2,2
3644,plate,2,2
3645,plug,2,2
3646,policymaker,2,2
3647,politician,2,2
3648,positively,2,2
3649,practise,2,2
3650,preach,2,2
3651,prepared,2,2
3652,prescription,2,2
3653,president,2,2
3654,prevalence,2,2
3655,pride,2,2
3656,principal,2,2
3657,pro,2,2
3658,probability,2,2
3659,processing,2,2
3660,procrastination,2,2
3661,profound,2,2
3662,proper,2,2
3663,protective,2,2
3664,publication,2,2
3665,pursuit,2,2
3666,radiation,2,2
3667,radio,2,2
3668,random,2,2
3669,rapid,2,2
3670,recite,2,2
3671,reckon,2,2
3672,recovery,2,2
3673,recreation,2,2
3674,reflective,2,2
3675,regain,2,2
3676,registration,2,2
3677,relieved,2,2
3678,reminder,2,2
3679,remotely,2,2
3680,repayment,2,2
3681,reply,2,2
3682,representation,2,2
3683,representative,2,2
3684,reproduce,2,2
3685,researchers,2,2
3686,reshape,2,2
3687,resist,2,2
3688,resort,2,2
3689,resourceful,2,2
3690,restrain,2,2
3691,revolve,2,2
3692,rob,2,2
3693,robbery,2,2
3694,roger,2,2
3695,roll,2,2
3696,rose,2,2
3697,routinely,2,2
3698,running,2,2
3699,russia,2,2
3700,salad,2,2
3701,san,2,2
3702,scheme,2,2
3703,sciences,2,2
3704,scope,2,2
3705,seafood,2,2
3706,secondly,2,2
3707,secretary,2,2
3708,senator,2,2
3709,sensory,2,2
3710,september,2,2
3711,sex,2,2
3712,shin,2,2
3713,shipping,2,2
3714,shoot,2,2
3715,shortcoming,2,2
3716,siberia,2,2
3717,signature,2,2
3718,significance,2,2
3719,singular,2,2
3720,skyrocket,2,2
3721,slide,2,2
3722,smartness,2,2
3723,smooth,2,2
3724,smoothly,2,2
3725,soften,2,2
3726,soil,2,2
3727,solely,2,2
3728,solver,2,2
3729,somebody,2,2
3730,span,2,2
3731,speculate,2,2
3732,sphere,2,2
3733,spite,2,2
3734,spoil,2,2
3735,spoken,2,2
3736,sports,2,2
3737,spur,2,2
3738,squarely,2,2
3739,ss,2,2
3740,staircase,2,2
3741,stanford,2,2
3742,stare,2,2
3743,starting,2,2
3744,steady,2,2
3745,sticker,2,2
3746,stir,2,2
3747,storm,2,2
3748,storytelling,2,2
3749,straight,2,2
3750,strategic,2,2
3751,striking,2,2
3752,suck,2,2
3753,sunday,2,2
3754,supposedly,2,2
3755,surround,2,2
3756,sustainably,2,2
3757,swallow,2,2
3758,symbol,2,2
3759,sympathize,2,2
3760,tactic,2,2
3761,talented,2,2
3762,taylor,2,2
3763,tea,2,2
3764,tear,2,2
3765,technical,2,2
3766,tedious,2,2
3767,temporarily,2,2
3768,temporary,2,2
3769,tempt,2,2
3770,terminal,2,2
3771,terrorize,2,2
3772,texte,2,2
3773,thankfully,2,2
3774,theirs,2,2
3775,thin,2,2
3776,thirst,2,2
3777,thoroughly,2,2
3778,tight,2,2
3779,tip,2,2
3780,tolerate,2,2
3781,tone,2,2
3782,tongue,2,2
3783,tower,2,2
3784,transferable,2,2
3785,transparent,2,2
3786,trendy,2,2
3787,trial,2,2
3788,triple,2,2
3789,truck,2,2
3790,trustworthy,2,2
3791,tune,2,2
3792,unconscious,2,2
3793,unconventional,2,2
3794,underline,2,2
3795,unethically,2,2
3796,unfairly,2,2
3797,unfit,2,2
3798,unit,2,2
3799,unmanageable,2,2
3800,unnatural,2,2
3801,unpleasant,2,2
3802,unproductive,2,2
3803,unrelated,2,2
3804,unsuccessful,2,2
3805,unsure,2,2
3806,unusually,2,2
3807,upright,2,2
3808,usual,2,2
3809,utilise,2,2
3810,valid,2,2
3811,verify,2,2
3812,versus,2,2
3813,veteran,2,2
3814,videogame,2,2
3815,viewpoint,2,2
3816,virtually,2,2
3817,waist,2,2
3818,waitress,2,2
3819,watcher,2,2
3820,wed,2,2
3821,wednesday,2,2
3822,weekly,2,2
3823,weird,2,2
3824,wellness,2,2
3825,whenever,2,2
3826,wherever,2,2
3827,wholly,2,2
3828,willingness,2,2
3829,wire,2,2
3830,wise,2,2
3831,wolf,2,2
3832,wood,2,2
3833,woodland,2,2
3834,workmate,2,2
3835,wound,2,2
3836,wrap,2,2
3837,youngster,2,2
3838,villa,1,24
3839,bottled,1,22
3840,phantom,1,22
3841,dance,1,19
3842,gaming,1,18
3843,kelli,1,18
3844,opera,1,18
3845,panda,1,18
3846,rum,1,16
3847,duck,1,15
3848,evil,1,15
3849,grit,1,15
3850,keynes,1,15
3851,bilateral,1,14
3852,colour,1,14
3853,multitaske,1,14
3854,persuasion,1,14
3855,refugee,1,14
3856,ventura,1,13
3857,dancer,1,12
3858,fraudster,1,12
3859,jimmy,1,12
3860,michelin,1,12
3861,fraud,1,11
3862,hyphenate,1,11
3863,loser,1,11
3864,medal,1,11
3865,anumeric,1,10
3866,bubble,1,10
3867,gamer,1,10
3868,harding,1,10
3869,jake,1,10
3870,joe,1,10
3871,kate,1,10
3872,theatre,1,10
3873,bride,1,9
3874,cacao,1,9
3875,clone,1,9
3876,dioxide,1,9
3877,fibre,1,9
3878,parking,1,9
3879,paternity,1,9
3880,roast,1,9
3881,visa,1,9
3882,cotton,1,8
3883,deviance,1,8
3884,ford,1,8
3885,horse,1,8
3886,ice,1,8
3887,inspiration,1,8
3888,pink,1,8
3889,quantitative,1,8
3890,skillman,1,8
3891,wfp,1,8
3892,ant,1,7
3893,dam,1,7
3894,fructose,1,7
3895,hannah,1,7
3896,humm,1,7
3897,listing,1,7
3898,matous,1,7
3899,rivalry,1,7
3900,amenity,1,6
3901,bechtoldt,1,6
3902,branyas,1,6
3903,camping,1,6
3904,compromise,1,6
3905,conservation,1,6
3906,coursera,1,6
3907,dancing,1,6
3908,deviate,1,6
3909,duckworth,1,6
3910,eleven,1,6
3911,groom,1,6
3912,instructor,1,6
3913,joyce,1,6
3914,madison,1,6
3915,mars,1,6
3916,pasternak,1,6
3917,postal,1,6
3918,rem,1,6
3919,seedling,1,6
3920,takotna,1,6
3921,timing,1,6
3922,vegan,1,6
3923,volleyball,1,6
3924,airfare,1,5
3925,alzheimer,1,5
3926,aquaculture,1,5
3927,ave,1,5
3928,bat,1,5
3929,bury,1,5
3930,cupboard,1,5
3931,cyclist,1,5
3932,dakota,1,5
3933,dittoh,1,5
3934,drawing,1,5
3935,fishing,1,5
3936,foulkes,1,5
3937,games,1,5
3938,greenland,1,5
3939,hander,1,5
3940,heating,1,5
3941,hershfield,1,5
3942,humble,1,5
3943,hyphenation,1,5
3944,kaios,1,5
3945,li,1,5
3946,meatless,1,5
3947,midcareer,1,5
3948,mr,1,5
3949,numberless,1,5
3950,o'keefe,1,5
3951,packet,1,5
3952,pie,1,5
3953,prickles,1,5
3954,schlenker,1,5
3955,scottishpower,1,5
3956,shakespeare,1,5
3957,siri,1,5
3958,spacing,1,5
3959,stone,1,5
3960,subway,1,5
3961,superhero,1,5
3962,tariq,1,5
3963,tipton,1,5
3964,wilbur,1,5
3965,abta,1,4
3966,asmr,1,4
3967,bangalore,1,4
3968,barbecue,1,4
3969,bored,1,4
3970,broadcasting,1,4
3971,buddy,1,4
3972,coca,1,4
3973,cola,1,4
3974,conditioning,1,4
3975,conswnption,1,4
3976,cough,1,4
3977,covid,1,4
3978,cruise,1,4
3979,diamond,1,4
3980,domestic,1,4
3981,earner,1,4
3982,earthquake,1,4
3983,ecclestone,1,4
3984,flaw,1,4
3985,geese,1,4
3986,google,1,4
3987,grandmother,1,4
3988,hourican,1,4
3989,humility,1,4
3990,jan,1,4
3991,jarvis,1,4
3992,jax,1,4
3993,jeremy,1,4
3994,johnny,1,4
3995,kawamura,1,4
3996,kirsteen,1,4
3997,lawrence,1,4
3998,litre,1,4
3999,lorry,1,4
4000,lunar,1,4
4001,lung,1,4
4002,lupu,1,4
4003,morera,1,4
4004,multitasker,1,4
4005,nobel,1,4
4006,numerical,1,4
4007,orchestra,1,4
4008,palmdor,1,4
4009,pipe,1,4
4010,pirson,1,4
4011,reciprocity,1,4
4012,resume,1,4
4013,rugby,1,4
4014,scream,1,4
4015,shrimp,1,4
4016,supplier,1,4
4017,swiss,1,4
4018,throughput,1,4
4019,tinker,1,4
4020,trainer,1,4
4021,wheat,1,4
4022,yoga,1,4
4023,abraham,1,3
4024,abstraction,1,3
4025,adaptive,1,3
4026,ageism,1,3
4027,alan,1,3
4028,anaerobic,1,3
4029,ankle,1,3
4030,apologize,1,3
4031,arabian,1,3
4032,ashore,1,3
4033,atlanta,1,3
4034,auditory,1,3
4035,badminton,1,3
4036,bed,1,3
4037,bomb,1,3
4038,bradberry,1,3
4039,busyness,1,3
4040,buyer,1,3
4041,camper,1,3
4042,carolina,1,3
4043,castro,1,3
4044,chef,1,3
4045,chetan,1,3
4046,chinatown,1,3
4047,clint,1,3
4048,computational,1,3
4049,cooler,1,3
4050,coronary,1,3
4051,crane,1,3
4052,cube,1,3
4053,dan,1,3
4054,daniel,1,3
4055,deaf,1,3
4056,deck,1,3
4057,division,1,3
4058,dramatist,1,3
4059,dychtwald,1,3
4060,eagle,1,3
4061,egypt,1,3
4062,eve,1,3
4063,fade,1,3
4064,federation,1,3
4065,fencing,1,3
4066,finchley,1,3
4067,finder,1,3
4068,flavour,1,3
4069,float,1,3
4070,fong,1,3
4071,foster,1,3
4072,fragmentation,1,3
4073,frequency,1,3
4074,george,1,3
4075,gig,1,3
4076,girlfriend,1,3
4077,goodman,1,3
4078,goto,1,3
4079,gps,1,3
4080,gratification,1,3
4081,hair,1,3
4082,handwriting,1,3
4083,harrington,1,3
4084,harris,1,3
4085,headteacher,1,3
4086,hill,1,3
4087,hydrogen,1,3
4088,idaho,1,3
4089,incentivize,1,3
4090,indiana,1,3
4091,inequality,1,3
4092,inspection,1,3
4093,insulin,1,3
4094,jt,1,3
4095,kanold,1,3
4096,karen,1,3
4097,kissing,1,3
4098,layout,1,3
4099,lechner,1,3
4100,lee,1,3
4101,loaf,1,3
4102,maiden,1,3
4103,marine,1,3
4104,martian,1,3
4105,mexico,1,3
4106,miller,1,3
4107,monaco,1,3
4108,mooc,1,3
4109,morocco,1,3
4110,morrison,1,3
4111,mountainous,1,3
4112,myriam,1,3
4113,napping,1,3
4114,nascar,1,3
4115,nerve,1,3
4116,nestle,1,3
4117,o'shaughnessy,1,3
4118,olive,1,3
4119,pendry,1,3
4120,piano,1,3
4121,planner,1,3
4122,planting,1,3
4123,posting,1,3
4124,pressurised,1,3
4125,pub,1,3
4126,racial,1,3
4127,receptionist,1,3
4128,reich,1,3
4129,retention,1,3
4130,reusable,1,3
4131,rideout,1,3
4132,ritman,1,3
4133,roaster,1,3
4134,rooster,1,3
4135,ruiz,1,3
4136,seaside,1,3
4137,sensor,1,3
4138,shapiro,1,3
4139,sheep,1,3
4140,sillero,1,3
4141,soybean,1,3
4142,staffer,1,3
4143,stair,1,3
4144,stratford,1,3
4145,substance,1,3
4146,superintendent,1,3
4147,surplus,1,3
4148,survival,1,3
4149,symbolic,1,3
4150,tavern,1,3
4151,toilet,1,3
4152,treasure,1,3
4153,turkey,1,3
4154,vendor,1,3
4155,violate,1,3
4156,volcanic,1,3
4157,walter,1,3
4158,wedding,1,3
4159,wilding,1,3
4160,withdraw,1,3
4161,yon,1,3
4162,abandonment,1,2
4163,abolish,1,2
4164,abundant,1,2
4165,achiever,1,2
4166,activism,1,2
4167,adoption,1,2
4168,adventure,1,2
4169,aerobic,1,2
4170,ah,1,2
4171,aircraft,1,2
4172,alarmingly,1,2
4173,alaska,1,2
4174,aloud,1,2
4175,alpha,1,2
4176,alternate,1,2
4177,amazonia,1,2
4178,ambulance,1,2
4179,amsterdam,1,2
4180,anti,1,2
4181,anymore,1,2
4182,apology,1,2
4183,appreciation,1,2
4184,aquatic,1,2
4185,arab,1,2
4186,arctic,1,2
4187,arrival,1,2
4188,ashamed,1,2
4189,august,1,2
4190,authorise,1,2
4191,automaker,1,2
4192,awe,1,2
4193,bacteria,1,2
4194,baily,1,2
4195,baptize,1,2
4196,barabasi,1,2
4197,barr,1,2
4198,barran,1,2
4199,barrie,1,2
4200,battleships,1,2
4201,bearer,1,2
4202,beast,1,2
4203,beg,1,2
4204,bell,1,2
4205,binding,1,2
4206,bio,1,2
4207,bitter,1,2
4208,blackboard,1,2
4209,blizzard,1,2
4210,bloom,1,2
4211,blueprint,1,2
4212,bob,1,2
4213,bobo,1,2
4214,bow,1,2
4215,boyfriend,1,2
4216,brick,1,2
4217,brigette,1,2
4218,brown,1,2
4219,builder,1,2
4220,bullet,1,2
4221,bursa,1,2
4222,cable,1,2
4223,cage,1,2
4224,calculation,1,2
4225,camden,1,2
4226,campsite,1,2
4227,candidate,1,2
4228,candy,1,2
4229,carol,1,2
4230,categorization,1,2
4231,championships,1,2
4232,christian,1,2
4233,circumstantial,1,2
4234,clap,1,2
4235,clark,1,2
4236,cleaver,1,2
4237,clemens,1,2
4238,clip,1,2
4239,cloning,1,2
4240,closing,1,2
4241,coburn,1,2
4242,collective,1,2
4243,collector,1,2
4244,collision,1,2
4245,cologne,1,2
4246,commerce,1,2
4247,commission,1,2
4248,committee,1,2
4249,communicator,1,2
4250,comply,1,2
4251,conform,1,2
4252,conversationalist,1,2
4253,cooper,1,2
4254,cooperative,1,2
4255,cortex,1,2
4256,counsel,1,2
4257,coursework,1,2
4258,craft,1,2
4259,crawler,1,2
4260,crossing,1,2
4261,culinary,1,2
4262,cull,1,2
4263,cumber,1,2
4264,custom,1,2
4265,customs,1,2
4266,deadly,1,2
4267,decimal,1,2
4268,decimally,1,2
4269,deed,1,2
4270,defect,1,2
4271,deficit,1,2
4272,definitive,1,2
4273,dementia,1,2
4274,densely,1,2
4275,density,1,2
4276,denver,1,2
4277,determination,1,2
4278,deutsche,1,2
4279,deviant,1,2
4280,dfe,1,2
4281,dictate,1,2
4282,dictator,1,2
4283,disclosure,1,2
4284,disorganize,1,2
4285,disrupt,1,2
4286,disturbing,1,2
4287,diversification,1,2
4288,downtown,1,2
4289,driverless,1,2
4290,dune,1,2
4291,durability,1,2
4292,durham,1,2
4293,eagerness,1,2
4294,earl,1,2
4295,eco,1,2
4296,economics,1,2
4297,efficiently,1,2
4298,elite,1,2
4299,elysia,1,2
4300,engel,1,2
4301,environmentalist,1,2
4302,ethics,1,2
4303,ethnic,1,2
4304,eula,1,2
4305,exceptional,1,2
4306,execute,1,2
4307,expendable,1,2
4308,explorer,1,2
4309,expressive,1,2
4310,extinguish,1,2
4311,eynon,1,2
4312,factorial,1,2
4313,falcon,1,2
4314,farrant,1,2
4315,favourite,1,2
4316,fda,1,2
4317,ferry,1,2
4318,fictional,1,2
4319,filmmaker,1,2
4320,firecracker,1,2
4321,flame,1,2
4322,florida,1,2
4323,flu,1,2
4324,fluid,1,2
4325,folder,1,2
4326,foodstuff,1,2
4327,footing,1,2
4328,fordist,1,2
4329,fortunate,1,2
4330,fraction,1,2
4331,framework,1,2
4332,francis,1,2
4333,freelancer,1,2
4334,frustrating,1,2
4335,fukuda,1,2
4336,gamble,1,2
4337,gardner,1,2
4338,garment,1,2
4339,generator,1,2
4340,geoffrey,1,2
4341,geometry,1,2
4342,gesture,1,2
4343,ginger,1,2
4344,goldilocks,1,2
4345,goldmine,1,2
4346,gown,1,2
4347,grabar,1,2
4348,graciously,1,2
4349,grandson,1,2
4350,grape,1,2
4351,greenpeace,1,2
4352,greeting,1,2
4353,hagy,1,2
4354,halfway,1,2
4355,haptic,1,2
4356,harden,1,2
4357,hayes,1,2
4358,heartbroken,1,2
4359,heel,1,2
4360,hereditary,1,2
4361,heroism,1,2
4362,hiring,1,2
4363,hitchcock,1,2
4364,honorary,1,2
4365,houston,1,2
4366,hughes,1,2
4367,humor,1,2
4368,hurry,1,2
4369,iditarod,1,2
4370,implicitly,1,2
4371,impulse,1,2
4372,impulsive,1,2
4373,inadequate,1,2
4374,inconsistent,1,2
4375,incorporate,1,2
4376,industries,1,2
4377,insecurity,1,2
4378,insensible,1,2
4379,installment,1,2
4380,instrumental,1,2
4381,integrative,1,2
4382,integrity,1,2
4383,intellectual,1,2
4384,intensifie,1,2
4385,intently,1,2
4386,interpreter,1,2
4387,inuit,1,2
4388,invasive,1,2
4389,ito,1,2
4390,jacksonville,1,2
4391,january,1,2
4392,jetblue,1,2
4393,jetlag,1,2
4394,joan,1,2
4395,josephson,1,2
4396,jpmorgan,1,2
4397,judgement,1,2
4398,jungle,1,2
4399,karla,1,2
4400,kent,1,2
4401,keypad,1,2
4402,kowalczyk,1,2
4403,krivoy,1,2
4404,kullen,1,2
4405,lakeview,1,2
4406,lao,1,2
4407,lazy,1,2
4408,league,1,2
4409,legitimate,1,2
4410,lenhart,1,2
4411,liar,1,2
4412,liberty,1,2
4413,liebman,1,2
4414,lightning,1,2
4415,liter,1,2
4416,longevity,1,2
4417,manipulative,1,2
4418,marathon,1,2
4419,markowitz,1,2
4420,mathematic,1,2
4421,mathews,1,2
4422,matrix,1,2
4423,median,1,2
4424,memo,1,2
4425,merchant,1,2
4426,meteo,1,2
4427,methodist,1,2
4428,michigan,1,2
4429,midazolam,1,2
4430,migrant,1,2
4431,millers,1,2
4432,millionaire,1,2
4433,mindi,1,2
4434,miner,1,2
4435,misplace,1,2
4436,miu,1,2
4437,mobility,1,2
4438,moen,1,2
4439,montreal,1,2
4440,morris,1,2
4441,morrissey,1,2
4442,motionless,1,2
4443,motorsport,1,2
4444,multi,1,2
4445,multinational,1,2
4446,multitasking,1,2
4447,mums,1,2
4448,mythical,1,2
4449,nasa,1,2
4450,neate,1,2
4451,neighbour,1,2
4452,nest,1,2
4453,neuron,1,2
4454,newton,1,2
4455,nicola,1,2
4456,nobility,1,2
4457,nonverbal,1,2
4458,nordic,1,2
4459,norwalk,1,2
4460,nourishment,1,2
4461,occupation,1,2
4462,okinawan,1,2
4463,olympics,1,2
4464,openly,1,2
4465,ornament,1,2
4466,outlier,1,2
4467,oven,1,2
4468,overachieve,1,2
4469,overpopulated,1,2
4470,overrepresente,1,2
4471,ozone,1,2
4472,parenthood,1,2
4473,parliament,1,2
4474,passively,1,2
4475,pen,1,2
4476,penalize,1,2
4477,pensioner,1,2
4478,persevere,1,2
4479,petroleum,1,2
4480,physicist,1,2
4481,picnic,1,2
4482,pine,1,2
4483,piraha,1,2
4484,pm,1,2
4485,poet,1,2
4486,pointless,1,2
4487,policeman,1,2
4488,pope,1,2
4489,pregnancy,1,2
4490,pricey,1,2
4491,prisoner,1,2
4492,processed,1,2
4493,proclamation,1,2
4494,profitable,1,2
4495,promising,1,2
4496,promotional,1,2
4497,protest,1,2
4498,proto,1,2
4499,publicity,1,2
4500,punt,1,2
4501,purple,1,2
4502,quote,1,2
4503,racecourse,1,2
4504,racehorse,1,2
4505,raisman,1,2
4506,re,1,2
4507,rebecca,1,2
4508,rebelliousness,1,2
4509,rebuild,1,2
4510,recording,1,2
4511,recyclable,1,2
4512,refined,1,2
4513,refresh,1,2
4514,refrigerate,1,2
4515,refugees,1,2
4516,relatable,1,2
4517,relevance,1,2
4518,reliant,1,2
4519,relocate,1,2
4520,renegotiate,1,2
4521,repaint,1,2
4522,repeatedly,1,2
4523,repetitive,1,2
4524,reproduction,1,2
4525,resentment,1,2
4526,resurrection,1,2
4527,revolution,1,2
4528,rhode,1,2
4529,rhythm,1,2
4530,ribbon,1,2
4531,ricci,1,2
4532,rice,1,2
4533,rijt,1,2
4534,ripe,1,2
4535,rome,1,2
4536,roth,1,2
4537,rouse,1,2
4538,royalty,1,2
4539,safeguard,1,2
4540,sauce,1,2
4541,scooby,1,2
4542,seimon,1,2
4543,selfish,1,2
4544,semba,1,2
4545,seminar,1,2
4546,sensible,1,2
4547,services,1,2
4548,settlement,1,2
4549,shout,1,2
4550,shuttle,1,2
4551,sibm,1,2
4552,sievenpiper,1,2
4553,silly,1,2
4554,singer,1,2
4555,sixth,1,2
4556,skeleton,1,2
4557,sleeplessness,1,2
4558,slice,1,2
4559,snowfall,1,2
4560,soccer,1,2
4561,sociologist,1,2
4562,softball,1,2
4563,solidify,1,2
4564,solsman,1,2
4565,spaceflight,1,2
4566,spinning,1,2
4567,spiritual,1,2
4568,sponsorship,1,2
4569,starvation,1,2
4570,statistical,1,2
4571,statistics,1,2
4572,steeplechase,1,2
4573,sterner,1,2
4574,stole,1,2
4575,stopover,1,2
4576,sturgeon,1,2
4577,subtle,1,2
4578,sue,1,2
4579,supplement,1,2
4580,suspense,1,2
4581,swear,1,2
4582,sweating,1,2
4583,swell,1,2
4584,swimming,1,2
4585,switcher,1,2
4586,symphonic,1,2
4587,tactile,1,2
4588,tailgate,1,2
4589,tailor,1,2
4590,takeoff,1,2
4591,tamale,1,2
4592,taxpayer,1,2
4593,temptation,1,2
4594,teng,1,2
4595,tenth,1,2
4596,testing,1,2
4597,texting,1,2
4598,thunder,1,2
4599,timber,1,2
4600,tokyo,1,2
4601,tolerant,1,2
4602,torture,1,2
4603,touchscreen,1,2
4604,trail,1,2
4605,trailer,1,2
4606,transit,1,2
4607,triumph,1,2
4608,tutoring,1,2
4609,twin,1,2
4610,tygielski,1,2
4611,udell,1,2
4612,undernourishment,1,2
4613,undesirable,1,2
4614,unfair,1,2
4615,uniqueness,1,2
4616,unspoiled,1,2
4617,upset,1,2
4618,used,1,2
4619,validation,1,2
4620,vietnamese,1,2
4621,volunteering,1,2
4622,vulnerability,1,2
4623,wasteful,1,2
4624,weakening,1,2
4625,weaving,1,2
4626,welch,1,2
4627,westwood,1,2
4628,wilderness,1,2
4629,willot,1,2
4630,woolley,1,2
4631,workbook,1,2
4632,workload,1,2
4633,worksheet,1,2
4634,wow,1,2
4635,wrapping,1,2
4636,yen,1,2
4637,zealand,1,2
4638,zi,1,2
4639,zimbardo,1,2
4640,aaolescence,1,1
4641,abound,1,1
4642,abroad,1,1
4643,abruptly,1,1
4644,absenteeism,1,1
4645,absolute,1,1
4646,abstractly,1,1
4647,abstractness,1,1
4648,abusive,1,1
4649,accelerator,1,1
4650,accidentally,1,1
4651,acclimatization,1,1
4652,accommodation,1,1
4653,accomplished,1,1
4654,accordingly,1,1
4655,accuracy,1,1
4656,accusation,1,1
4657,accustomed,1,1
4658,aclu,1,1
4659,acre,1,1
4660,acting,1,1
4661,actuality,1,1
4662,ad,1,1
4663,adaptation,1,1
4664,addicted,1,1
4665,additive,1,1
4666,adequately,1,1
4667,adjective,1,1
4668,administrative,1,1
4669,administrator,1,1
4670,admirable,1,1
4671,adolescent,1,1
4672,adversely,1,1
4673,advertiser,1,1
4674,adviser,1,1
4675,advocacy,1,1
4676,afar,1,1
4677,agents,1,1
4678,aggressively,1,1
4679,aggressiveness,1,1
4680,ai,1,1
4681,aids,1,1
4682,aintree,1,1
4683,airfares,1,1
4684,alarmed,1,1
4685,alarmist,1,1
4686,albert,1,1
4687,alexa,1,1
4688,alfred,1,1
4689,ali,1,1
4690,altogether,1,1
4691,alvin,1,1
4692,amanda,1,1
4693,ambivalent,1,1
4694,americanization,1,1
4695,americanize,1,1
4696,americorps,1,1
4697,ample,1,1
4698,amplify,1,1
4699,amuse,1,1
4700,anat,1,1
4701,ancestral,1,1
4702,ancient,1,1
4703,andrew,1,1
4704,angela,1,1
4705,animation,1,1
4706,anna,1,1
4707,anne,1,1
4708,annually,1,1
4709,anthony,1,1
4710,antioxidant,1,1
4711,anybody,1,1
4712,apologise,1,1
4713,applaud,1,1
4714,applicability,1,1
4715,applications,1,1
4716,appoint,1,1
4717,approachable,1,1
4718,appropriateness,1,1
4719,approximate,1,1
4720,aptitude,1,1
4721,arbitrary,1,1
4722,architectural,1,1
4723,arithmetic,1,1
4724,arizona,1,1
4725,armed,1,1
4726,arnout,1,1
4727,artery,1,1
4728,artifact,1,1
4729,artistic,1,1
4730,artistry,1,1
4731,arts,1,1
4732,asda,1,1
4733,aside,1,1
4734,asif,1,1
4735,assembly,1,1
4736,assertion,1,1
4737,associated,1,1
4738,associates,1,1
4739,associative,1,1
4740,assured,1,1
4741,astonish,1,1
4742,astrid,1,1
4743,atria,1,1
4744,attendance,1,1
4745,attentive,1,1
4746,attentively,1,1
4747,attribution,1,1
4748,attrition,1,1
4749,audrey,1,1
4750,austin,1,1
4751,auto,1,1
4752,automate,1,1
4753,automation,1,1
4754,automotive,1,1
4755,avoidant,1,1
4756,avon,1,1
4757,awaken,1,1
4758,awarder,1,1
4759,awarding,1,1
4760,awesome,1,1
4761,awful,1,1
4762,awkward,1,1
4763,ayelet,1,1
4764,bach,1,1
4765,bachelor,1,1
4766,backfire,1,1
4767,backroom,1,1
4768,backward,1,1
4769,backwards,1,1
4770,bacon,1,1
4771,badge,1,1
4772,badoiiing,1,1
4773,baggage,1,1
4774,balloon,1,1
4775,baltimore,1,1
4776,banana,1,1
4777,bang,1,1
4778,banking,1,1
4779,bankruptcy,1,1
4780,banks,1,1
4781,barbara,1,1
4782,barbeque,1,1
4783,barclays,1,1
4784,bargaining,1,1
4785,baron,1,1
4786,baroness,1,1
4787,bas,1,1
4788,basel,1,1
4789,battleground,1,1
4790,bbc,1,1
4791,beating,1,1
4792,beer,1,1
4793,beforehand,1,1
4794,behavioral,1,1
4795,belcher,1,1
4796,belgian,1,1
4797,belgium,1,1
4798,believable,1,1
4799,believer,1,1
4800,bellotti,1,1
4801,belt,1,1
4802,ben,1,1
4803,bench,1,1
4804,bennett,1,1
4805,berkeley,1,1
4806,bernie,1,1
4807,berthold,1,1
4808,beside,1,1
4809,beskeptical,1,1
4810,betray,1,1
4811,better,1,1
4812,bible's,1,1
4813,bid,1,1
4814,biking,1,1
4815,billion,1,1
4816,biographical,1,1
4817,biologist,1,1
4818,biome,1,1
4819,biomedicine,1,1
4820,birdwatcher,1,1
4821,blackhall,1,1
4822,blackspot,1,1
4823,blankly,1,1
4824,blaster,1,1
4825,blending,1,1
4826,blessing,1,1
4827,bloodstream,1,1
4828,blossom,1,1
4829,blowback,1,1
4830,blurry,1,1
4831,boarding,1,1
4832,boardroom,1,1
4833,boil,1,1
4834,bonding,1,1
4835,bonnie,1,1
4836,bookish,1,1
4837,booster,1,1
4838,boosting,1,1
4839,boringly,1,1
4840,borough,1,1
4841,bottler,1,1
4842,boundless,1,1
4843,brad,1,1
4844,brainpower,1,1
4845,brazil,1,1
4846,breakdown,1,1
4847,breeding,1,1
4848,brew,1,1
4849,brian,1,1
4850,brigham,1,1
4851,brilliantly,1,1
4852,brochure,1,1
4853,broken,1,1
4854,broker,1,1
4855,brooke,1,1
4856,brotherhood,1,1
4857,bubbly,1,1
4858,buck,1,1
4859,buildinn,1,1
4860,bulb,1,1
4861,bump,1,1
4862,bunting,1,1
4863,burdensome,1,1
4864,bureaucracy,1,1
4865,businesspeople,1,1
4866,businesswoman,1,1
4867,cadia,1,1
4868,cake,1,1
4869,calculated,1,1
4870,calculator,1,1
4871,calmly,1,1
4872,calmness,1,1
4873,cambridge,1,1
4874,cancellation,1,1
4875,capital,1,1
4876,capitalism,1,1
4877,captain,1,1
4878,carb,1,1
4879,carbfix,1,1
4880,caregiver,1,1
4881,caregiving,1,1
4882,carla,1,1
4883,carp,1,1
4884,cart,1,1
4885,cashier,1,1
4886,cast,1,1
4887,catcher,1,1
4888,catching,1,1
4889,categorize,1,1
4890,catering,1,1
4891,catherine,1,1
4892,cats,1,1
4893,cattle,1,1
4894,causal,1,1
4895,cautiously,1,1
4896,centigrade,1,1
4897,chalk,1,1
4898,chapter,1,1
4899,charitable,1,1
4900,charles,1,1
4901,chau,1,1
4902,cheater,1,1
4903,checking,1,1
4904,checklist,1,1
4905,cheerful,1,1
4906,chemically,1,1
4907,chest,1,1
4908,chicago,1,1
4909,childbirth,1,1
4910,childish,1,1
4911,children,1,1
4912,chorus,1,1
4913,chris,1,1
4914,christie,1,1
4915,christoph,1,1
4916,chronologically,1,1
4917,ciara,1,1
4918,cigarette,1,1
4919,cindy,1,1
4920,citation,1,1
4921,cither,1,1
4922,civilian,1,1
4923,civilization,1,1
4924,civilized,1,1
4925,clarify,1,1
4926,clarity,1,1
4927,clash,1,1
4928,classification,1,1
4929,claudio,1,1
4930,clause,1,1
4931,cleaner,1,1
4932,cleanup,1,1
4933,clerk,1,1
4934,cleverness,1,1
4935,cliche,1,1
4936,clicking,1,1
4937,climber,1,1
4938,climbing,1,1
4939,clinic,1,1
4940,clinically,1,1
4941,clogging,1,1
4942,cloth,1,1
4943,clouds,1,1
4944,coastline,1,1
4945,coconut,1,1
4946,codes,1,1
4947,coffey,1,1
4948,cognition,1,1
4949,cognitively,1,1
4950,cohesion,1,1
4951,cohesive,1,1
4952,collaborative,1,1
4953,collar,1,1
4954,colliery,1,1
4955,colonize,1,1
4956,colony,1,1
4957,colored,1,1
4958,coloring,1,1
4959,columbus,1,1
4960,column,1,1
4961,com,1,1
4962,comb,1,1
4963,combined,1,1
4964,coming,1,1
4965,commenter,1,1
4966,commercially,1,1
4967,commonplace,1,1
4968,communications,1,1
4969,compact,1,1
4970,comparatively,1,1
4971,compassion,1,1
4972,compelling,1,1
4973,competence,1,1
4974,competitiveness,1,1
4975,compliance,1,1
4976,complicate,1,1
4977,compose,1,1
4978,compound,1,1
4979,comprehensive,1,1
4980,compulsive,1,1
4981,compute,1,1
4982,conceptually,1,1
4983,concert,1,1
4984,conclusive,1,1
4985,conclusively,1,1
4986,concord,1,1
4987,condemn,1,1
4988,confessional,1,1
4989,conflicting,1,1
4990,congressional,1,1
4991,connectedness,1,1
4992,connectivity,1,1
4993,conran,1,1
4994,conscience,1,1
4995,consciously,1,1
4996,conservative,1,1
4997,consist,1,1
4998,consistency,1,1
4999,constrain,1,1
5000,consultation,1,1
5001,conswne,1,1
5002,container,1,1
5003,contemporary,1,1
5004,contentment,1,1
5005,contexts,1,1
5006,contextualize,1,1
5007,continual,1,1
5008,continuation,1,1
5009,continued,1,1
5010,conveniently,1,1
5011,conversational,1,1
5012,converter,1,1
5013,cooky,1,1
5014,cooperation,1,1
5015,cop,1,1
5016,copyright,1,1
5017,cornell,1,1
5018,corps,1,1
5019,correlate,1,1
5020,correspondirtg,1,1
5021,corruption,1,1
5022,cortana,1,1
5023,cote,1,1
5024,couch,1,1
5025,coughing,1,1
5026,counseling,1,1
5027,counselling,1,1
5028,counselor,1,1
5029,counterproductive,1,1
5030,counting,1,1
5031,countless,1,1
5032,coupon,1,1
5033,courage,1,1
5034,courageous,1,1
5035,cow,1,1
5036,crack,1,1
5037,crakes,1,1
5038,craze,1,1
5039,creatively,1,1
5040,creator,1,1
5041,credential,1,1
5042,creep,1,1
5043,criminology,1,1
5044,crippling,1,1
5045,crispr,1,1
5046,crocodile,1,1
5047,cropland,1,1
5048,crossover,1,1
5049,crowding,1,1
5050,crucially,1,1
5051,crystal,1,1
5052,cultivation,1,1
5053,cultures,1,1
5054,curbside,1,1
5055,curl,1,1
5056,cursor,1,1
5057,cute,1,1
5058,cutoff,1,1
5059,cyber,1,1
5060,cylinder,1,1
5061,czech,1,1
5062,d'ivoire,1,1
5063,daddy,1,1
5064,dagbani,1,1
5065,damp,1,1
5066,dampen,1,1
5067,damper,1,1
5068,dams,1,1
5069,daring,1,1
5070,darken,1,1
5071,dashun,1,1
5072,dazzle,1,1
5073,dealing,1,1
5074,dear,1,1
5075,dearest,1,1
5076,debating,1,1
5077,decay,1,1
5078,deceit,1,1
5079,dedicated,1,1
5080,deepen,1,1
5081,deeper,1,1
5082,defence,1,1
5083,defend,1,1
5084,defensive,1,1
5085,defrauded,1,1
5086,dehumanize,1,1
5087,delightful,1,1
5088,demonstration,1,1
5089,denis,1,1
5090,denser,1,1
5091,dental,1,1
5092,depart,1,1
5093,departure,1,1
5094,deprioritize,1,1
5095,derek,1,1
5096,descend,1,1
5097,designing,1,1
5098,desirability,1,1
5099,despair,1,1
5100,dessert,1,1
5101,destructive,1,1
5102,detailed,1,1
5103,detective,1,1
5104,deteriorating,1,1
5105,deviation,1,1
5106,diaf,1,1
5107,diameter,1,1
5108,differences,1,1
5109,dig,1,1
5110,digest,1,1
5111,digestive,1,1
5112,digging,1,1
5113,diligence,1,1
5114,dim,1,1
5115,dine,1,1
5116,diploma,1,1
5117,dipping,1,1
5118,directv,1,1
5119,dirt,1,1
5120,disability,1,1
5121,disable,1,1
5122,disappointing,1,1
5123,discard,1,1
5124,discourse,1,1
5125,disempowere,1,1
5126,disgust,1,1
5127,disgusted,1,1
5128,dishonest,1,1
5129,dishwasher,1,1
5130,dismissive,1,1
5131,disposal,1,1
5132,disproportionate,1,1
5133,disprove,1,1
5134,disputes,1,1
5135,disqualify,1,1
5136,disrespect,1,1
5137,disservice,1,1
5138,dissimilar,1,1
5139,distinctive,1,1
5140,distort,1,1
5141,distracted,1,1
5142,distrust,1,1
5143,ditch,1,1
5144,diversified,1,1
5145,dividing,1,1
5146,diving,1,1
5147,dock,1,1
5148,documentary,1,1
5149,dogs,1,1
5150,domain,1,1
5151,domesticate,1,1
5152,dominant,1,1
5153,domino,1,1
5154,donald,1,1
5155,donna,1,1
5156,donor,1,1
5157,doo,1,1
5158,doorstep,1,1
5159,dormitory,1,1
5160,dotted,1,1
5161,douglas,1,1
5162,dove,1,1
5163,downfall,1,1
5164,downside,1,1
5165,downturn,1,1
5166,downward,1,1
5167,drank,1,1
5168,dreamer,1,1
5169,dreamery,1,1
5170,dressing,1,1
5171,drier,1,1
5172,drown,1,1
5173,drucker,1,1
5174,drummer,1,1
5175,dryer,1,1
5176,dukinfield,1,1
5177,duly,1,1
5178,dump,1,1
5179,durable,1,1
5180,dusk,1,1
5181,dust,1,1
5182,dutch,1,1
5183,dye,1,1
5184,eagerly,1,1
5185,eater,1,1
5186,ecology,1,1
5187,economical,1,1
5188,ect,1,1
5189,eden,1,1
5190,edinburgh,1,1
5191,eff,1,1
5192,effectiveness,1,1
5193,effortlessly,1,1
5194,eftpos,1,1
5195,eggs,1,1
5196,egyptians,1,1
5197,eightfold,1,1
5198,eighth,1,1
5199,eil,1,1
5200,elastic,1,1
5201,eld,1,1
5202,election,1,1
5203,electron,1,1
5204,elevator,1,1
5205,elimination,1,1
5206,elizabeth,1,1
5207,embarrassment,1,1
5208,embody,1,1
5209,emergent,1,1
5210,emirates,1,1
5211,emperor,1,1
5212,emptiness,1,1
5213,empty,1,1
5214,enabler,1,1
5215,enclosure,1,1
5216,encouragement,1,1
5217,endeavor,1,1
5218,endeavour,1,1
5219,endlessly,1,1
5220,endurance,1,1
5221,energise,1,1
5222,enforce,1,1
5223,engels,1,1
5224,enhanced,1,1
5225,enlarge,1,1
5226,enriching,1,1
5227,enrolhim,1,1
5228,enroll,1,1
5229,entertaining,1,1
5230,enthusiast,1,1
5231,entrance,1,1
5232,entrepreneurial,1,1
5233,enzyme,1,1
5234,epitome,1,1
5235,equinox,1,1
5236,equipped,1,1
5237,equitable,1,1
5238,er,1,1
5239,erasmus,1,1
5240,ere,1,1
5241,eri,1,1
5242,essence,1,1
5243,essentialism,1,1
5244,ethically,1,1
5245,ethos,1,1
5246,euros,1,1
5247,evan,1,1
5248,evict,1,1
5249,ex,1,1
5250,examination,1,1
5251,excuse,1,1
5252,exemplify,1,1
5253,exercising,1,1
5254,exhaustion,1,1
5255,existential,1,1
5256,exit,1,1
5257,expenditure,1,1
5258,experienced,1,1
5259,experimentation,1,1
5260,experimenter,1,1
5261,experimenting,1,1
5262,explicit,1,1
5263,explode,1,1
5264,expropriation,1,1
5265,extended,1,1
5266,extracurricular,1,1
5267,extraordinarily,1,1
5268,eyebrow,1,1
5269,eyesight,1,1
5270,fa,1,1
5271,fabrication,1,1
5272,facial,1,1
5273,factual,1,1
5274,fahrenheit,1,1
5275,fallowe,1,1
5276,familiarity,1,1
5277,famously,1,1
5278,fantastic,1,1
5279,fantasy,1,1
5280,farms,1,1
5281,fascinate,1,1
5282,fate,1,1
5283,fatten,1,1
5284,fattening,1,1
5285,fatty,1,1
5286,favorably,1,1
5287,federally,1,1
5288,federici,1,1
5289,fellowship,1,1
5290,ferris,1,1
5291,fertiliser,1,1
5292,fetch,1,1
5293,ff,1,1
5294,ffi,1,1
5295,fiber,1,1
5296,fields,1,1
5297,fifth,1,1
5298,fighting,1,1
5299,file,1,1
5300,fillb,1,1
5301,filter,1,1
5302,fin,1,1
5303,firework,1,1
5304,firing,1,1
5305,firmly,1,1
5306,firstly,1,1
5307,fishbach,1,1
5308,fitting,1,1
5309,fixation,1,1
5310,fixed,1,1
5311,fixture,1,1
5312,fj,1,1
5313,flash,1,1
5314,flashy,1,1
5315,flavorist,1,1
5316,flavorless,1,1
5317,flavouring,1,1
5318,flesh,1,1
5319,floorboard,1,1
5320,florence,1,1
5321,fluent,1,1
5322,fluidly,1,1
5323,fo,1,1
5324,foil,1,1
5325,fonder,1,1
5326,fool,1,1
5327,forefather,1,1
5328,forerunner,1,1
5329,foresight,1,1
5330,foretell,1,1
5331,forged,1,1
5332,forgetfulness,1,1
5333,forgive,1,1
5334,fork,1,1
5335,formica,1,1
5336,forster,1,1
5337,foulke,1,1
5338,fp,1,1
5339,fragment,1,1
5340,fragmented,1,1
5341,francesca,1,1
5342,frank,1,1
5343,frankfurt,1,1
5344,freelancing,1,1
5345,freemasons,1,1
5346,freeway,1,1
5347,freeze,1,1
5348,freezing,1,1
5349,freighter,1,1
5350,fresher,1,1
5351,freshness,1,1
5352,fridge,1,1
5353,friends,1,1
5354,frighten,1,1
5355,frontier,1,1
5356,frozen,1,1
5357,fruitful,1,1
5358,fruition,1,1
5359,fry,1,1
5360,fuchs,1,1
5361,fulfilled,1,1
5362,fuller,1,1
5363,funder,1,1
5364,furry,1,1
5365,gadget,1,1
5366,gaining,1,1
5367,gallery,1,1
5368,gameplay,1,1
5369,garage,1,1
5370,gardening,1,1
5371,garrel,1,1
5372,gateway,1,1
5373,gatherer,1,1
5374,gaylord,1,1
5375,ge,1,1
5376,generational,1,1
5377,geographical,1,1
5378,georgetown,1,1
5379,georgia,1,1
5380,gesturing,1,1
5381,gibb,1,1
5382,gigantic,1,1
5383,gilbert,1,1
5384,giles,1,1
5385,gino,1,1
5386,giveaway,1,1
5387,glacial,1,1
5388,glance,1,1
5389,glassdoor,1,1
5390,glimpse,1,1
5391,globally,1,1
5392,glory,1,1
5393,glucose,1,1
5394,goat,1,1
5395,godfrey,1,1
5396,goodbye,1,1
5397,goodness,1,1
5398,gorbals,1,1
5399,gorgeous,1,1
5400,gossip,1,1
5401,govern,1,1
5402,gracious,1,1
5403,gradual,1,1
5404,grammar,1,1
5405,grammatical,1,1
5406,grandchildren,1,1
5407,graphic,1,1
5408,graphically,1,1
5409,graspable,1,1
5410,grassland,1,1
5411,gravity,1,1
5412,greatness,1,1
5413,greenery,1,1
5414,greet,1,1
5415,greg,1,1
5416,grid,1,1
5417,grind,1,1
5418,grip,1,1
5419,groundbreaking,1,1
5420,grower,1,1
5421,guabuligah,1,1
5422,guitar,1,1
5423,gun,1,1
5424,hacker,1,1
5425,hadfield,1,1
5426,hail,1,1
5427,hajji,1,1
5428,hal,1,1
5429,halloween,1,1
5430,hamnet,1,1
5431,handbook,1,1
5432,handbrake,1,1
5433,handfuls,1,1
5434,handler,1,1
5435,happier,1,1
5436,happily,1,1
5437,hardings,1,1
5438,hardware,1,1
5439,hardwire,1,1
5440,harford,1,1
5441,harley,1,1
5442,harmonious,1,1
5443,harmonise,1,1
5444,harper,1,1
5445,harshness,1,1
5446,hastily,1,1
5447,hathaway,1,1
5448,hatshepsut,1,1
5449,haul,1,1
5450,hav,1,1
5451,haven,1,1
5452,hawaii,1,1
5453,hays,1,1
5454,hazardous,1,1
5455,haze,1,1
5456,hazy,1,1
5457,headache,1,1
5458,headfirst,1,1
5459,healing,1,1
5460,healthily,1,1
5461,healy,1,1
5462,heartbreaking,1,1
5463,hearted,1,1
5464,heartwarming,1,1
5465,heatedly,1,1
5466,heather,1,1
5467,heatstroke,1,1
5468,heaven,1,1
5469,helen,1,1
5470,hellisheidi,1,1
5471,helpless,1,1
5472,hemispherectomie,1,1
5473,hemispherectomy,1,1
5474,hen,1,1
5475,hence,1,1
5476,heroically,1,1
5477,hesitation,1,1
5478,hidenobu,1,1
5479,highlands,1,1
5480,hindrance,1,1
5481,hint,1,1
5482,historian,1,1
5483,hobbyist,1,1
5484,hole,1,1
5485,holistic,1,1
5486,hollywood,1,1
5487,hom,1,1
5488,homebound,1,1
5489,homeland,1,1
5490,homemade,1,1
5491,homogeneity,1,1
5492,honorable,1,1
5493,honorably,1,1
5494,honour,1,1
5495,hoogstraten,1,1
5496,hopeful,1,1
5497,hopes,1,1
5498,hopkins,1,1
5499,horizon,1,1
5500,horrifying,1,1
5501,horror,1,1
5502,horticulture,1,1
5503,hospitality,1,1
5504,hospitalize,1,1
5505,hostess,1,1
5506,hostile,1,1
5507,hr,1,1
5508,hub,1,1
5509,huffington,1,1
5510,hugely,1,1
5511,humanistic,1,1
5512,humorous,1,1
5513,hunch,1,1
5514,hurricane,1,1
5515,hyphenated,1,1
5516,hyphenating,1,1
5517,hypnoidal,1,1
5518,hypothetical,1,1
5519,ibrahim,1,1
5520,ibtimately,1,1
5521,icy,1,1
5522,identifiable,1,1
5523,identification,1,1
5524,idiom,1,1
5525,ieee,1,1
5526,ignorant,1,1
5527,ijt,1,1
5528,ikjlj,1,1
5529,ilie,1,1
5530,illiterate,1,1
5531,imitating,1,1
5532,immune,1,1
5533,immunity,1,1
5534,impersonal,1,1
5535,impolite,1,1
5536,impracticable,1,1
5537,impressed,1,1
5538,impromptu,1,1
5539,inactive,1,1
5540,incapable,1,1
5541,incline,1,1
5542,inclined,1,1
5543,inclusive,1,1
5544,inconvenience,1,1
5545,incorrect,1,1
5546,increased,1,1
5547,indefinite,1,1
5548,indians,1,1
5549,indifference,1,1
5550,indispensable,1,1
5551,indo,1,1
5552,induced,1,1
5553,industrialized,1,1
5554,industriousness,1,1
5555,inefficiency,1,1
5556,inefficient,1,1
5557,inefficiently,1,1
5558,inevitably,1,1
5559,infect,1,1
5560,infinite,1,1
5561,inflexibility,1,1
5562,influencer,1,1
5563,informally,1,1
5564,informative,1,1
5565,infrequent,1,1
5566,inhabit,1,1
5567,inherent,1,1
5568,initially,1,1
5569,innermost,1,1
5570,innocence,1,1
5571,insane,1,1
5572,insecurely,1,1
5573,inseparable,1,1
5574,insightful,1,1
5575,insignificant,1,1
5576,instinctively,1,1
5577,instinctual,1,1
5578,institutes,1,1
5579,instrument,1,1
5580,integral,1,1
5581,integrated,1,1
5582,intellectually,1,1
5583,intensely,1,1
5584,intensify,1,1
5585,intent,1,1
5586,intentional,1,1
5587,intentionally,1,1
5588,interdisciplinary,1,1
5589,interface,1,1
5590,intern,1,1
5591,internationally,1,1
5592,interpretation,1,1
5593,interrupt,1,1
5594,intervene,1,1
5595,intrinsic,1,1
5596,intrinsically,1,1
5597,intrusion,1,1
5598,intrusive,1,1
5599,intuition,1,1
5600,intuitive,1,1
5601,invade,1,1
5602,invalid,1,1
5603,invaluable,1,1
5604,invariably,1,1
5605,invasion,1,1
5606,inventive,1,1
5607,investigative,1,1
5608,investor,1,1
5609,invitation,1,1
5610,involvement,1,1
5611,inward,1,1
5612,ioana,1,1
5613,iowa,1,1
5614,ip,1,1
5615,ipad,1,1
5616,iphone,1,1
5617,iphones,1,1
5618,iq,1,1
5619,ironically,1,1
5620,irony,1,1
5621,irregular,1,1
5622,irreplaceable,1,1
5623,irresistible,1,1
5624,irrigate,1,1
5625,irrigation,1,1
5626,irritate,1,1
5627,irving,1,1
5628,isn't,1,1
5629,issuing,1,1
5630,j'j,1,1
5631,james,1,1
5632,jams,1,1
5633,janeiro,1,1
5634,janette,1,1
5635,jar,1,1
5636,jasper,1,1
5637,jazz,1,1
5638,jeff,1,1
5639,jennifer,1,1
5640,jenny,1,1
5641,jess,1,1
5642,jesse,1,1
5643,jessica,1,1
5644,jewelry,1,1
5645,jfr,1,1
5646,jill,1,1
5647,jjli,1,1
5648,joanna,1,1
5649,jodie,1,1
5650,jogging,1,1
5651,johns,1,1
5652,jonson,1,1
5653,jordan,1,1
5654,joshi,1,1
5655,journalist,1,1
5656,joyful,1,1
5657,judging,1,1
5658,judith,1,1
5659,juiced,1,1
5660,juicing,1,1
5661,jury,1,1
5662,justin,1,1
5663,kaitlin,1,1
5664,kampfner,1,1
5665,kantar,1,1
5666,karlin,1,1
5667,kat,1,1
5668,katharine,1,1
5669,katherine,1,1
5670,keith,1,1
5671,ken,1,1
5672,kennedy,1,1
5673,kept,1,1
5674,keyboard,1,1
5675,keyword,1,1
5676,khl,1,1
5677,kick,1,1
5678,kidney,1,1
5679,kin,1,1
5680,kingdom,1,1
5681,kink,1,1
5682,kinvara,1,1
5683,kit,1,1
5684,km,1,1
5685,knowingly,1,1
5686,knowledgeable,1,1
5687,korea,1,1
5688,kotaku,1,1
5689,krasnoyarsk,1,1
5690,kyoto,1,1
5691,laborer,1,1
5692,laborious,1,1
5693,lacking,1,1
5694,laguardia,1,1
5695,lake,1,1
5696,lamb,1,1
5697,lamborghini,1,1
5698,lamp,1,1
5699,landlady,1,1
5700,landline,1,1
5701,landowner,1,1
5702,langeoog,1,1
5703,las,1,1
5704,lasting,1,1
5705,laszlo,1,1
5706,lately,1,1
5707,lauder,1,1
5708,lawsuit,1,1
5709,layoff,1,1
5710,lb,1,1
5711,leak,1,1
5712,leather,1,1
5713,lecturer,1,1
5714,legalese,1,1
5715,legality,1,1
5716,legendary,1,1
5717,legislator,1,1
5718,legislature,1,1
5719,lemon,1,1
5720,lesley,1,1
5721,lest,1,1
5722,liam,1,1
5723,liang,1,1
5724,liberal,1,1
5725,liberating,1,1
5726,licensed,1,1
5727,lifting,1,1
5728,lighten,1,1
5729,lightly,1,1
5730,likability,1,1
5731,likeness,1,1
5732,lila,1,1
5733,lily,1,1
5734,lincoln,1,1
5735,linguist,1,1
5736,lions,1,1
5737,lip,1,1
5738,liquid,1,1
5739,lisa,1,1
5740,livable,1,1
5741,llp,1,1
5742,lobby,1,1
5743,localize,1,1
5744,lock,1,1
5745,lockdown,1,1
5746,lockhart,1,1
5747,lodge,1,1
5748,londoners,1,1
5749,loneliest,1,1
5750,loose,1,1
5751,lq,1,1
5752,lucid,1,1
5753,lucinda,1,1
5754,lunsford,1,1
5755,luxurious,1,1
5756,lying,1,1
5757,lynch,1,1
5758,lynn,1,1
5759,macdonald,1,1
5760,machinery,1,1
5761,mad,1,1
5762,magan,1,1
5763,magnetic,1,1
5764,magnificent,1,1
5765,magnitude,1,1
5766,maici,1,1
5767,mailman,1,1
5768,maine,1,1
5769,mainland,1,1
5770,maintenance,1,1
5771,majorca,1,1
5772,majoring,1,1
5773,makeup,1,1
5774,malaysia,1,1
5775,mall,1,1
5776,mammalian,1,1
5777,manageable,1,1
5778,managerial,1,1
5779,manchester,1,1
5780,manifest,1,1
5781,manly,1,1
5782,mapping,1,1
5783,maps,1,1
5784,maraboli,1,1
5785,margaret,1,1
5786,margin,1,1
5787,margine,1,1
5788,mario,1,1
5789,marketable,1,1
5790,marketplace,1,1
5791,married,1,1
5792,marshal,1,1
5793,marshall,1,1
5794,martin,1,1
5795,marvel,1,1
5796,marvelously,1,1
5797,massively,1,1
5798,mastery,1,1
5799,matching,1,1
5800,materialistically,1,1
5801,materially,1,1
5802,max,1,1
5803,maynard,1,1
5804,mayra,1,1
5805,mba,1,1
5806,mccain,1,1
5807,mcgill,1,1
5808,mckeown,1,1
5809,mckinsey,1,1
5810,meaningfully,1,1
5811,meantime,1,1
5812,measurable,1,1
5813,measured,1,1
5814,medically,1,1
5815,medicare,1,1
5816,medication,1,1
5817,melody,1,1
5818,melting,1,1
5819,memorize,1,1
5820,men,1,1
5821,meng,1,1
5822,mentoring,1,1
5823,merging,1,1
5824,meridian,1,1
5825,merrill,1,1
5826,mesopotamia,1,1
5827,messaging,1,1
5828,messiness,1,1
5829,meta,1,1
5830,metafilter,1,1
5831,metallic,1,1
5832,mia,1,1
5833,mice,1,1
5834,microsoft,1,1
5835,midair,1,1
5836,migration,1,1
5837,mild,1,1
5838,milestone,1,1
5839,mill,1,1
5840,milton,1,1
5841,mindful,1,1
5842,mindfulness,1,1
5843,mini,1,1
5844,minimise,1,1
5845,miracle,1,1
5846,miraculously,1,1
5847,mirror,1,1
5848,miscalculate,1,1
5849,misconduct,1,1
5850,miserable,1,1
5851,misguide,1,1
5852,missing,1,1
5853,mississippi,1,1
5854,mistaken,1,1
5855,mistreating,1,1
5856,mistrust,1,1
5857,ml,1,1
5858,modem,1,1
5859,moderation,1,1
5860,modernize,1,1
5861,modesty,1,1
5862,moist,1,1
5863,momentary,1,1
5864,mommy,1,1
5865,monique,1,1
5866,monsanto,1,1
5867,monument,1,1
5868,monza,1,1
5869,morale,1,1
5870,morality,1,1
5871,moreover,1,1
5872,moretti,1,1
5873,motorcycle,1,1
5874,movable,1,1
5875,mud,1,1
5876,multibillion,1,1
5877,multidisciplinary,1,1
5878,multiply,1,1
5879,multitask,1,1
5880,multitude,1,1
5881,munduruku,1,1
5882,municipal,1,1
5883,municipality,1,1
5884,murphy,1,1
5885,muscular,1,1
5886,musical,1,1
5887,mutual,1,1
5888,mysterious,1,1
5889,nader,1,1
5890,nagoya,1,1
5891,nakedly,1,1
5892,nameplate,1,1
5893,naohisa,1,1
5894,narrative,1,1
5895,nasa's,1,1
5896,nasty,1,1
5897,nations,1,1
5898,natley,1,1
5899,naturalness,1,1
5900,natured,1,1
5901,navigate,1,1
5902,nbc,1,1
5903,nearest,1,1
5904,nee,1,1
5905,needy,1,1
5906,negotiation,1,1
5907,neil,1,1
5908,netherlands,1,1
5909,networked,1,1
5910,networks,1,1
5911,neuroscience,1,1
5912,neuroscientist,1,1
5913,nevada,1,1
5914,newborn,1,1
5915,newfound,1,1
5916,nhs,1,1
5917,nian,1,1
5918,nicaragua,1,1
5919,nicole,1,1
5920,nine,1,1
5921,nod,1,1
5922,noel,1,1
5923,nonconventional,1,1
5924,nonjudgmental,1,1
5925,nonsense,1,1
5926,noor,1,1
5927,norfolk,1,1
5928,normality,1,1
5929,normalize,1,1
5930,northeastern,1,1
5931,northumbria,1,1
5932,northward,1,1
5933,nostalgia,1,1
5934,nosy,1,1
5935,notable,1,1
5936,notion,1,1
5937,nottingham,1,1
5938,noun,1,1
5939,nourishing,1,1
5940,nova,1,1
5941,novelty,1,1
5942,nu,1,1
5943,nuance,1,1
5944,numeric,1,1
5945,nutritionally,1,1
5946,nutritionist,1,1
5947,nuts,1,1
5948,nwnber,1,1
5949,o'clock,1,1
5950,oatmeal,1,1
5951,oats,1,1
5952,obamacare,1,1
5953,objectively,1,1
5954,obligation,1,1
5955,obligatory,1,1
5956,obliged,1,1
5957,occasionally,1,1
5958,occupied,1,1
5959,offence,1,1
5960,offender,1,1
5961,offering,1,1
5962,offormg,1,1
5963,offset,1,1
5964,oily,1,1
5965,olympians,1,1
5966,omit,1,1
5967,operator,1,1
5968,opposition,1,1
5969,optimise,1,1
5970,optimistically,1,1
5971,optimization,1,1
5972,optimum,1,1
5973,orbit,1,1
5974,ordinarily,1,1
5975,oregon,1,1
5976,organise,1,1
5977,organism,1,1
5978,ormond,1,1
5979,osteoporosis,1,1
5980,otherexiteriment,1,1
5981,otlture,1,1
5982,ouarzazate,1,1
5983,ounce,1,1
5984,ours,1,1
5985,outage,1,1
5986,outbreak,1,1
5987,outcompeting,1,1
5988,outdate,1,1
5989,outdo,1,1
5990,outfit,1,1
5991,outnumber,1,1
5992,outscore,1,1
5993,outten,1,1
5994,outweigh,1,1
5995,overactive,1,1
5996,overconfident,1,1
5997,overestimate,1,1
5998,overfishe,1,1
5999,overflow,1,1
6000,overlap,1,1
6001,overload,1,1
6002,overprotect,1,1
6003,overrate,1,1
6004,overrated,1,1
6005,oversight,1,1
6006,overspending,1,1
6007,overthrow,1,1
6008,overtime,1,1
6009,overturn,1,1
6010,overwatch,1,1
6011,overwhelmingly,1,1
6012,overwork,1,1
6013,overworked,1,1
6014,owning,1,1
6015,paced,1,1
6016,packed,1,1
6017,padraic,1,1
6018,painful,1,1
6019,painstaking,1,1
6020,pakistan,1,1
6021,pandas,1,1
6022,panel,1,1
6023,pant,1,1
6024,paperback,1,1
6025,para,1,1
6026,paradox,1,1
6027,paradoxica,1,1
6028,parasitic,1,1
6029,parcel,1,1
6030,partial,1,1
6031,particle,1,1
6032,passa,1,1
6033,passenger,1,1
6034,passerby,1,1
6035,patricia,1,1
6036,patronage,1,1
6037,patterson,1,1
6038,pause,1,1
6039,pavement,1,1
6040,pe,1,1
6041,peacefully,1,1
6042,peake,1,1
6043,pearl,1,1
6044,pedro,1,1
6045,peep,1,1
6046,penetrate,1,1
6047,pepper,1,1
6048,pepsico,1,1
6049,perceptive,1,1
6050,periodic,1,1
6051,permanence,1,1
6052,persuaders,1,1
6053,pest,1,1
6054,peterlee,1,1
6055,petrol,1,1
6056,phd,1,1
6057,philosopher,1,1
6058,photocopy,1,1
6059,photographer,1,1
6060,photon,1,1
6061,phyllis,1,1
6062,pianist,1,1
6063,picky,1,1
6064,pierce,1,1
6065,pietro,1,1
6066,pigs,1,1
6067,pin,1,1
6068,pinker,1,1
6069,pip,1,1
6070,pipeline,1,1
6071,piper,1,1
6072,pkff,1,1
6073,plain,1,1
6074,plainly,1,1
6075,playfighte,1,1
6076,playroom,1,1
6077,pleased,1,1
6078,pleasing,1,1
6079,plentiful,1,1
6080,plentifully,1,1
6081,plos,1,1
6082,pointing,1,1
6083,poland,1,1
6084,polish,1,1
6085,polite,1,1
6086,poll,1,1
6087,pollute,1,1
6088,populate,1,1
6089,pore,1,1
6090,portal,1,1
6091,positivity,1,1
6092,possibilities,1,1
6093,postcode,1,1
6094,postdoctoral,1,1
6095,postman,1,1
6096,potato,1,1
6097,potatoe,1,1
6098,potshot,1,1
6099,practicality,1,1
6100,practicing,1,1
6101,practitioner,1,1
6102,pray,1,1
6103,pre,1,1
6104,precede,1,1
6105,precision,1,1
6106,predictor,1,1
6107,preferable,1,1
6108,prejudice,1,1
6109,prejudiced,1,1
6110,prekindergarten,1,1
6111,preparatory,1,1
6112,preparedness,1,1
6113,presbyterian,1,1
6114,presenter,1,1
6115,preservation,1,1
6116,preservative,1,1
6117,preserved,1,1
6118,pressured,1,1
6119,presume,1,1
6120,prevalent,1,1
6121,prioritise,1,1
6122,prioritization,1,1
6123,prism,1,1
6124,privatized,1,1
6125,privileged,1,1
6126,priyanka,1,1
6127,probe,1,1
6128,proceed,1,1
6129,proceedings,1,1
6130,proclaim,1,1
6131,professionalism,1,1
6132,professorship,1,1
6133,profile,1,1
6134,profoundly,1,1
6135,profoundness,1,1
6136,programmer,1,1
6137,programming,1,1
6138,progression,1,1
6139,prohibit,1,1
6140,prohibitive,1,1
6141,prolong,1,1
6142,prominent,1,1
6143,prone,1,1
6144,pronounce,1,1
6145,pronunciation,1,1
6146,proposition,1,1
6147,propulsion,1,1
6148,prose,1,1
6149,prosper,1,1
6150,proverbial,1,1
6151,province,1,1
6152,provision,1,1
6153,psychiatrist,1,1
6154,psychiatry,1,1
6155,publicize,1,1
6156,publishing,1,1
6157,punch,1,1
6158,punctually,1,1
6159,puppet,1,1
6160,pushback,1,1
6161,pushy,1,1
6162,puzzled,1,1
6163,qingdao,1,1
6164,quaker,1,1
6165,qualify,1,1
6166,quantify,1,1
6167,queensland,1,1
6168,quentin,1,1
6169,quest,1,1
6170,queue,1,1
6171,quiz,1,1
6172,quotation,1,1
6173,rachel,1,1
6174,radically,1,1
6175,radiology,1,1
6176,radiotherapy,1,1
6177,rage,1,1
6178,raid,1,1
6179,railing,1,1
6180,rainfall,1,1
6181,ralph,1,1
6182,rapidity,1,1
6183,rapidly,1,1
6184,rationalization,1,1
6185,raw,1,1
6186,ray,1,1
6187,reaa,1,1
6188,readiness,1,1
6189,realisation,1,1
6190,realistically,1,1
6191,reappear,1,1
6192,rear,1,1
6193,reasonably,1,1
6194,rebellion,1,1
6195,recital,1,1
6196,reckless,1,1
6197,recognized,1,1
6198,recollect,1,1
6199,recollection,1,1
6200,reconnect,1,1
6201,recruiting,1,1
6202,redefine,1,1
6203,redirect,1,1
6204,redistribute,1,1
6205,reemploye,1,1
6206,reexamine,1,1
6207,ref,1,1
6208,refinement,1,1
6209,reframe,1,1
6210,refreshingly,1,1
6211,refund,1,1
6212,refusal,1,1
6213,regimented,1,1
6214,regretful,1,1
6215,regulator,1,1
6216,rehearsal,1,1
6217,reid,1,1
6218,reimagine,1,1
6219,reintroduce,1,1
6220,rejection,1,1
6221,related,1,1
6222,relationships,1,1
6223,relaxed,1,1
6224,reliance,1,1
6225,religious,1,1
6226,remainder,1,1
6227,remarkably,1,1
6228,reorganize,1,1
6229,repair,1,1
6230,reparable,1,1
6231,repetition,1,1
6232,replant,1,1
6233,replicate,1,1
6234,reporting,1,1
6235,reprioritise,1,1
6236,reproductive,1,1
6237,republic,1,1
6238,rescuer,1,1
6239,resent,1,1
6240,reservation,1,1
6241,reserved,1,1
6242,reside,1,1
6243,residential,1,1
6244,resignation,1,1
6245,resiliency,1,1
6246,resistant,1,1
6247,resold,1,1
6248,respectable,1,1
6249,respected,1,1
6250,responsibly,1,1
6251,restore,1,1
6252,restrictive,1,1
6253,resultant,1,1
6254,retailer,1,1
6255,rethink,1,1
6256,rethinking,1,1
6257,retired,1,1
6258,retiree,1,1
6259,retreat,1,1
6260,reunion,1,1
6261,revelation,1,1
6262,revenue,1,1
6263,revisit,1,1
6264,revive,1,1
6265,rewrappe,1,1
6266,reynoldstown,1,1
6267,ri,1,1
6268,ridicule,1,1
6269,ridiculous,1,1
6270,ridiculously,1,1
6271,righteous,1,1
6272,rightful,1,1
6273,rigid,1,1
6274,rigorous,1,1
6275,rio,1,1
6276,riot,1,1
6277,rip,1,1
6278,roadside,1,1
6279,robi,1,1
6280,robinson,1,1
6281,robotic,1,1
6282,rochester,1,1
6283,rollout,1,1
6284,rom,1,1
6285,roma,1,1
6286,roommate,1,1
6287,roomy,1,1
6288,rotondo,1,1
6289,rotterdam,1,1
6290,rough,1,1
6291,rounded,1,1
6292,rub,1,1
6293,rubbery,1,1
6294,rubbing,1,1
6295,rude,1,1
6296,ruling,1,1
6297,runway,1,1
6298,rust,1,1
6299,ryder,1,1
6300,sacrifice,1,1
6301,sadik,1,1
6302,sadly,1,1
6303,sadness,1,1
6304,sahara,1,1
6305,saharan,1,1
6306,sail,1,1
6307,sake,1,1
6308,salas,1,1
6309,saleswoman,1,1
6310,saliva,1,1
6311,salmon,1,1
6312,sampling,1,1
6313,samuel,1,1
6314,sanders,1,1
6315,sanity,1,1
6316,santa,1,1
6317,sara,1,1
6318,sarah,1,1
6319,sasha,1,1
6320,satellite,1,1
6321,satisfying,1,1
6322,saturate,1,1
6323,savanna,1,1
6324,savings,1,1
6325,scarcer,1,1
6326,scarcity,1,1
6327,scared,1,1
6328,scenario,1,1
6329,scenery,1,1
6330,scenic,1,1
6331,schengen,1,1
6332,scholarly,1,1
6333,schoolboy,1,1
6334,schoolgirl,1,1
6335,schoolwork,1,1
6336,scientifically,1,1
6337,scorn,1,1
6338,scott,1,1
6339,scottish,1,1
6340,scrabble,1,1
6341,screw,1,1
6342,seafront,1,1
6343,seal,1,1
6344,sean,1,1
6345,searching,1,1
6346,seasonally,1,1
6347,seaweed,1,1
6348,securely,1,1
6349,sedative,1,1
6350,segment,1,1
6351,selectively,1,1
6352,seop,1,1
6353,separation,1,1
6354,sequentially,1,1
6355,serving,1,1
6356,seventy,1,1
6357,sew,1,1
6358,shame,1,1
6359,shameful,1,1
6360,shandong,1,1
6361,sharpen,1,1
6362,shelf,1,1
6363,shelve,1,1
6364,shenzhen,1,1
6365,sherry,1,1
6366,shippensburg,1,1
6367,shit,1,1
6368,shockingly,1,1
6369,shooting,1,1
6370,shoreditch,1,1
6371,shorten,1,1
6372,shortlist,1,1
6373,shortsighted,1,1
6374,shower,1,1
6375,shrug,1,1
6376,sickness,1,1
6377,sightseeing,1,1
6378,silent,1,1
6379,silicon,1,1
6380,silicone,1,1
6381,silverstone,1,1
6382,silvia,1,1
6383,similarity,1,1
6384,simulation,1,1
6385,simulator,1,1
6386,simultaneously,1,1
6387,simvastatin,1,1
6388,sincere,1,1
6389,singapore,1,1
6390,sink,1,1
6391,sir,1,1
6392,sizable,1,1
6393,sized,1,1
6394,skateboard,1,1
6395,skateboarding,1,1
6396,skillful,1,1
6397,skillfully,1,1
6398,skip,1,1
6399,sky,1,1
6400,slate,1,1
6401,sleeping,1,1
6402,slideshow,1,1
6403,slight,1,1
6404,slowdown,1,1
6405,slower,1,1
6406,slowing,1,1
6407,slum,1,1
6408,smile,1,1
6409,smithfield,1,1
6410,snacking,1,1
6411,snakeskin,1,1
6412,snap,1,1
6413,snapchat,1,1
6414,snapshot,1,1
6415,snobby,1,1
6416,snowball,1,1
6417,snowboarding,1,1
6418,snowman,1,1
6419,soak,1,1
6420,socialising,1,1
6421,socialized,1,1
6422,socializing,1,1
6423,socioeconomically,1,1
6424,sociological,1,1
6425,sodastream,1,1
6426,sodium,1,1
6427,soldier,1,1
6428,solemn,1,1
6429,solving,1,1
6430,someday,1,1
6431,somehow,1,1
6432,sometime,1,1
6433,sony,1,1
6434,sophie,1,1
6435,sorrentino,1,1
6436,soulful,1,1
6437,southwest,1,1
6438,souvenir,1,1
6439,sow,1,1
6440,spacc,1,1
6441,spaceship,1,1
6442,spacex,1,1
6443,spaghetti,1,1
6444,spar,1,1
6445,sparkle,1,1
6446,sparkling,1,1
6447,spatial,1,1
6448,specialize,1,1
6449,specially,1,1
6450,specimen,1,1
6451,speeding,1,1
6452,spicy,1,1
6453,spill,1,1
6454,spin,1,1
6455,spoilage,1,1
6456,spokeswoman,1,1
6457,spoon,1,1
6458,sportsman,1,1
6459,spreadsheet,1,1
6460,spy,1,1
6461,stain,1,1
6462,stake,1,1
6463,standardisation,1,1
6464,standardization,1,1
6465,standpoint,1,1
6466,starlet,1,1
6467,starter,1,1
6468,startup,1,1
6469,starve,1,1
6470,statutory,1,1
6471,steadily,1,1
6472,steam,1,1
6473,steel,1,1
6474,steep,1,1
6475,stephens,1,1
6476,stereotype,1,1
6477,stiff,1,1
6478,stigma,1,1
6479,stimulation,1,1
6480,sting,1,1
6481,stomach,1,1
6482,stoneville,1,1
6483,stool,1,1
6484,storeowner,1,1
6485,storyline,1,1
6486,straightaway,1,1
6487,strained,1,1
6488,straw,1,1
6489,stray,1,1
6490,stream,1,1
6491,streetsblog,1,1
6492,streetview,1,1
6493,stricken,1,1
6494,stricter,1,1
6495,strikingly,1,1
6496,strip,1,1
6497,stubbornness,1,1
6498,stuck,1,1
6499,studies,1,1
6500,stuffy,1,1
6501,stupid,1,1
6502,subsidized,1,1
6503,subsidy,1,1
6504,substantially,1,1
6505,suburb,1,1
6506,suburban,1,1
6507,successively,1,1
6508,successor,1,1
6509,sufferer,1,1
6510,sufficiently,1,1
6511,summarize,1,1
6512,summary,1,1
6513,sunlight,1,1
6514,superhuman,1,1
6515,supermom,1,1
6516,supervised,1,1
6517,supplemental,1,1
6518,suppress,1,1
6519,surfing,1,1
6520,surpass,1,1
6521,surrey,1,1
6522,suspend,1,1
6523,sustainability,1,1
6524,suv,1,1
6525,swarm,1,1
6526,sway,1,1
6527,swift,1,1
6528,swiftly,1,1
6529,sydenham,1,1
6530,sydney,1,1
6531,symbolically,1,1
6532,symbolize,1,1
6533,sympathetic,1,1
6534,synthetic,1,1
6535,systematically,1,1
6536,systems,1,1
6537,taboo,1,1
6538,tack,1,1
6539,tail,1,1
6540,takashi,1,1
6541,takato,1,1
6542,talentsmart,1,1
6543,tarah,1,1
6544,tarod,1,1
6545,taxation,1,1
6546,tearful,1,1
6547,technically,1,1
6548,technologically,1,1
6549,technologies,1,1
6550,telstra,1,1
6551,ten,1,1
6552,tension,1,1
6553,terminology,1,1
6554,terribly,1,1
6555,terrific,1,1
6556,terrify,1,1
6557,texter,1,1
6558,textile,1,1
6559,texture,1,1
6560,theoretical,1,1
6561,thep,1,1
6562,therapist,1,1
6563,thick,1,1
6564,thickening,1,1
6565,thief,1,1
6566,thieve,1,1
6567,thinker,1,1
6568,thinnest,1,1
6569,thirdly,1,1
6570,thompson,1,1
6571,thorough,1,1
6572,thoughtful,1,1
6573,thread,1,1
6574,threatening,1,1
6575,threefold,1,1
6576,throwing,1,1
6577,thumb,1,1
6578,thumby,1,1
6579,thumping,1,1
6580,thundersnow,1,1
6581,tide,1,1
6582,tier,1,1
6583,tiger,1,1
6584,tighten,1,1
6585,timidity,1,1
6586,tinkerer,1,1
6587,tipping,1,1
6588,tj,1,1
6589,tliem,1,1
6590,tmnker,1,1
6591,toa,1,1
6592,toast,1,1
6593,todd,1,1
6594,tolerable,1,1
6595,tolerance,1,1
6596,toni,1,1
6597,tonight,1,1
6598,tony,1,1
6599,toronto,1,1
6600,toughness,1,1
6601,tourism,1,1
6602,tournament,1,1
6603,toyota,1,1
6604,tracker,1,1
6605,trader,1,1
6606,traditionalist,1,1
6607,traditions,1,1
6608,tragic,1,1
6609,trammg,1,1
6610,trance,1,1
6611,transactions,1,1
6612,transcribe,1,1
6613,transformative,1,1
6614,transmit,1,1
6615,transplant,1,1
6616,trauma,1,1
6617,travis,1,1
6618,treasured,1,1
6619,tremendously,1,1
6620,triangular,1,1
6621,trifle,1,1
6622,trite,1,1
6623,tropical,1,1
6624,troublesome,1,1
6625,trouser,1,1
6626,trump,1,1
6627,trusted,1,1
6628,trustee,1,1
6629,trusting,1,1
6630,truthful,1,1
6631,ttr,1,1
6632,tucson,1,1
6633,tum,1,1
6634,tumour,1,1
6635,tunnel,1,1
6636,turning,1,1
6637,turnover,1,1
6638,twitter,1,1
6639,two,1,1
6640,ucla,1,1
6641,udemy,1,1
6642,unaffected,1,1
6643,unalterable,1,1
6644,unattainable,1,1
6645,unattractive,1,1
6646,unauthorised,1,1
6647,unavailable,1,1
6648,unavoidable,1,1
6649,unbelievable,1,1
6650,unbelievably,1,1
6651,unbiased,1,1
6652,unchangeable,1,1
6653,uncle,1,1
6654,unconditionally,1,1
6655,uncontrollable,1,1
6656,uncover,1,1
6657,undamaged,1,1
6658,underestimate,1,1
6659,underhill,1,1
6660,underlying,1,1
6661,underneath,1,1
6662,undernutrition,1,1
6663,underpaid,1,1
6664,underprivileged,1,1
6665,underserved,1,1
6666,understood,1,1
6667,underuse,1,1
6668,undervalue,1,1
6669,undoubtedly,1,1
6670,uneasy,1,1
6671,unedited,1,1
6672,unexpectedly,1,1
6673,unfamiliar,1,1
6674,unforgiving,1,1
6675,unfounded,1,1
6676,unfriendly,1,1
6677,unfruitful,1,1
6678,unheale,1,1
6679,unhelpful,1,1
6680,uniformly,1,1
6681,unify,1,1
6682,uninhabitable,1,1
6683,unintended,1,1
6684,unite,1,1
6685,universe,1,1
6686,universities,1,1
6687,unjustifiable,1,1
6688,unknowingly,1,1
6689,unlimited,1,1
6690,unlovely,1,1
6691,unmarried,1,1
6692,unmask,1,1
6693,unmatched,1,1
6694,unmotivated,1,1
6695,unnamed,1,1
6696,unobservable,1,1
6697,unplanned,1,1
6698,unpopular,1,1
6699,unprocessed,1,1
6700,unpunished,1,1
6701,unrealistically,1,1
6702,unreasonable,1,1
6703,unreliable,1,1
6704,unrested,1,1
6705,unsafe,1,1
6706,unsatisfyingly,1,1
6707,unsettled,1,1
6708,unsettling,1,1
6709,unskilled,1,1
6710,unsophisticate,1,1
6711,unstated,1,1
6712,unsubsidized,1,1
6713,unsuitable,1,1
6714,unsustainable,1,1
6715,untrue,1,1
6716,unwise,1,1
6717,upload,1,1
6718,upsetting,1,1
6719,upstate,1,1
6720,uptake,1,1
6721,upwards,1,1
6722,urgently,1,1
6723,usa,1,1
6724,usability,1,1
6725,usda,1,1
6726,usefully,1,1
6727,utah,1,1
6728,utmost,1,1
6729,utrecht,1,1
6730,utter,1,1
6731,utterance,1,1
6732,utterly,1,1
6733,uwe,1,1
6734,vacant,1,1
6735,vaclav,1,1
6736,vaguely,1,1
6737,vain,1,1
6738,valley,1,1
6739,valtorta,1,1
6740,variability,1,1
6741,variant,1,1
6742,variation,1,1
6743,varied,1,1
6744,vastly,1,1
6745,vegas,1,1
6746,vegetarians,1,1
6747,vendors,1,1
6748,verbally,1,1
6749,vice,1,1
6750,vicky,1,1
6751,victor,1,1
6752,victory,1,1
6753,vigour,1,1
6754,villain,1,1
6755,villas,1,1
6756,virus,1,1
6757,vitality,1,1
6758,vivo,1,1
6759,vocational,1,1
6760,voluntary,1,1
6761,voyage,1,1
6762,waistline,1,1
6763,waiting,1,1
6764,wales,1,1
6765,walkman,1,1
6766,warcraft,1,1
6767,warehouse,1,1
6768,warmth,1,1
6769,wary,1,1
6770,watchful,1,1
6771,watt,1,1
6772,wayside,1,1
6773,weapon,1,1
6774,wearing,1,1
6775,weary,1,1
6776,weave,1,1
6777,wechat,1,1
6778,welcomed,1,1
6779,welfare,1,1
6780,wellbee,1,1
6781,wenwang,1,1
6782,wet,1,1
6783,wetland,1,1
6784,wheelchair,1,1
6785,wheelchairs,1,1
6786,whereby,1,1
6787,whilst,1,1
6788,whisper,1,1
6789,whispering,1,1
6790,widely,1,1
6791,widen,1,1
6792,wili,1,1
6793,william,1,1
6794,wiltermuth,1,1
6795,wilton,1,1
6796,wimbledon,1,1
6797,windy,1,1
6798,winning,1,1
6799,wipe,1,1
6800,wisconsin,1,1
6801,wishful,1,1
6802,withdrawal,1,1
6803,withstand,1,1
6804,witty,1,1
6805,wolfram,1,1
6806,women,1,1
6807,won,1,1
6808,wording,1,1
6809,wordy,1,1
6810,workday,1,1
6811,worldly,1,1
6812,worryingly,1,1
6813,worse,1,1
6814,worship,1,1
6815,worthy,1,1
6816,wrapper,1,1
6817,wrongdoer,1,1
6818,wrongdoing,1,1
6819,xishuangbanna,1,1
6820,ya,1,1
6821,yahoo,1,1
6822,yakutsk,1,1
6823,yale,1,1
6824,yell,1,1
6825,yellow,1,1
6826,yogurt,1,1
6827,yours,1,1
6828,youtube,1,1
6829,yung,1,1
6830,zentech,1,1
6831,zero,1,1
6832,zimmerman,1,1
6833,zoological,1,1
