rank,word,count
1,the,7084
2,to,4954
3,a,3544
4,of,3437
5,and,2938
6,in,2594
7,it,1896
8,is,1867
9,you,1633
10,are,1610
11,that,1597
12,for,1418
13,on,1385
14,they,1335
15,with,1053
16,not,1024
17,have,1012
18,their,990
19,be,899
20,more,837
21,as,781
22,from,743
23,people,708
24,can,697
25,by,687
26,i,686
27,what,667
28,this,666
29,but,618
30,we,605
31,at,597
32,or,567
33,will,560
34,questions,544
35,about,510
36,was,510
37,do,494
38,passage,482
39,an,467
40,he,463
41,than,457
42,just,448
43,has,426
44,your,412
45,there,397
46,when,393
47,based,383
48,section,376
49,may,350
50,each,343
51,who,339
52,them,336
53,some,324
54,were,321
55,new,320
56,time,318
57,how,309
58,so,304
59,if,302
60,all,300
61,our,300
62,students,299
63,work,289
64,does,275
65,answer,273
66,heard,270
67,should,266
68,his,264
69,she,261
70,through,258
71,many,253
72,also,248
73,most,242
74,other,240
75,part,231
76,up,231
77,said,228
78,been,225
79,no,224
80,letter,224
81,make,220
82,like,219
83,news,215
84,which,215
85,after,209
86,would,209
87,out,208
88,only,206
89,school,206
90,these,205
91,hear,204
92,report,204
93,her,203
94,then,195
95,directions,194
96,much,194
97,food,188
98,us,188
99,research,186
100,its,185
101,could,184
102,found,183
103,help,182
104,study,182
105,had,182
106,best,180
107,choices,180
108,year,177
109,those,174
110,children,170
111,minutes,169
112,even,169
113,get,168
114,once,167
115,into,165
116,way,165
117,good,164
118,over,164
119,social,163
120,too,162
121,sheet,161
122,because,161
123,life,161
124,my,161
125,think,159
126,use,158
127,health,158
128,take,158
129,well,157
130,being,156
131,corresponding,154
132,conversation,146
133,years,146
134,different,145
135,words,143
136,both,143
137,less,143
138,making,141
139,single,140
140,long,139
141,now,139
142,information,137
143,say,137
144,line,136
145,world,136
146,did,134
147,day,134
148,why,133
149,first,132
150,around,131
151,says,130
152,employees,129
153,mark,127
154,choose,126
155,women,126
156,find,125
157,skills,125
158,learn,125
159,marked,124
160,any,123
161,need,122
162,centre,121
163,following,120
164,going,119
165,while,118
166,such,117
167,write,116
168,often,116
169,high,116
170,author,116
171,end,115
172,bank,115
173,researchers,115
174,before,114
175,likely,114
176,job,113
177,same,112
178,want,112
179,important,112
180,read,111
181,better,110
182,own,109
183,must,108
184,something,108
185,still,108
186,very,107
187,made,107
188,given,106
189,things,105
190,change,103
191,between,102
192,where,101
193,online,100
194,business,100
195,comprehension,99
196,paragraph,98
197,working,98
198,might,97
199,learning,96
200,home,94
201,see,93
202,last,93
203,others,92
204,according,90
205,university,90
206,feel,89
207,know,88
208,studies,87
209,question,87
210,choice,87
211,money,87
212,become,86
213,public,85
214,company,85
215,kids,85
216,number,84
217,off,83
218,healthy,82
219,however,82
220,great,81
221,problem,81
222,self,81
223,actually,80
224,lot,79
225,reading,79
226,go,79
227,one,79
228,family,79
229,education,79
230,doing,78
231,participants,78
232,spoken,77
233,back,77
234,least,76
235,getting,76
236,word,76
237,companies,76
238,me,76
239,experience,75
240,future,75
241,down,75
242,success,75
243,another,75
244,means,75
245,men,75
246,really,74
247,listening,72
248,come,72
249,whether,72
250,right,72
251,city,72
252,every,72
253,parents,71
254,place,71
255,him,70
256,media,70
257,water,70
258,name,70
259,financial,70
260,technology,69
261,stress,69
262,taking,69
263,little,69
264,countries,69
265,local,68
266,using,68
267,used,68
268,car,67
269,human,67
270,themselves,67
271,today,67
272,old,67
273,without,66
274,example,66
275,give,65
276,show,65
277,keep,64
278,benefits,64
279,person,64
280,during,64
281,look,63
282,among,63
283,brain,62
284,statements,62
285,ability,61
286,far,61
287,physical,61
288,writing,60
289,friends,59
290,young,59
291,workers,59
292,problems,58
293,team,58
294,understand,58
295,away,58
296,course,58
297,fruit,57
298,recent,57
299,design,57
300,age,57
301,thinking,57
302,days,57
303,yes,57
304,scientists,56
305,diet,56
306,able,56
307,tend,56
308,few,55
309,times,55
310,possible,55
311,book,55
312,eating,55
313,passages,54
314,animals,54
315,early,54
316,pay,54
317,since,54
318,space,53
319,under,53
320,teachers,53
321,simply,53
322,adults,53
323,greater,53
324,music,53
325,spend,52
326,control,52
327,data,52
328,man,52
329,lives,51
330,lead,51
331,average,51
332,americans,51
333,care,50
334,please,50
335,having,50
336,games,50
337,risk,50
338,living,50
339,similar,50
340,meat,50
341,personal,50
342,protein,50
343,identify,49
344,poor,49
345,customers,49
346,increase,49
347,ways,49
348,exercise,49
349,american,49
350,process,49
351,career,49
352,big,48
353,provide,48
354,schools,48
355,cost,48
356,rather,48
357,natural,48
358,hard,48
359,sure,48
360,decision,48
361,building,47
362,popular,47
363,ideas,47
364,longer,47
365,quality,47
366,office,47
367,traffic,47
368,enough,47
369,always,47
370,someone,47
371,environment,47
372,busy,47
373,plastic,47
374,free,46
375,student,46
376,results,46
377,shows,46
378,instead,46
379,try,46
380,reduce,46
381,leave,46
382,language,46
383,foods,46
384,idea,46
385,books,46
386,class,45
387,list,45
388,performance,45
389,higher,45
390,costs,45
391,disease,45
392,done,45
393,play,45
394,traditional,45
395,fact,45
396,sense,45
397,ago,45
398,attention,45
399,believe,45
400,comes,45
401,current,45
402,decisions,45
403,asked,44
404,open,44
405,difficult,44
406,science,44
407,large,44
408,percent,44
409,improve,44
410,left,44
411,never,44
412,eat,44
413,week,44
414,real,43
415,restaurant,43
416,required,43
417,across,43
418,next,43
419,small,43
420,sports,43
421,avoid,43
422,support,42
423,body,42
424,decide,42
425,training,42
426,energy,42
427,relationships,42
428,group,42
429,term,41
430,behavior,41
431,red,41
432,certain,41
433,thought,41
434,already,41
435,though,41
436,lack,41
437,makes,40
438,put,40
439,followed,40
440,low,40
441,products,40
442,power,40
443,knowledge,40
444,bring,39
445,buy,39
446,got,39
447,cause,39
448,state,39
449,carefully,39
450,identified,39
451,start,39
452,impact,39
453,emotional,39
454,mental,39
455,lower,39
456,task,39
457,interest,39
458,goals,39
459,taken,39
460,trying,39
461,mean,39
462,interesting,39
463,teens,39
464,college,38
465,past,38
466,culture,38
467,key,38
468,playing,38
469,effects,38
470,numbers,38
471,yet,38
472,decades,38
473,increasing,38
474,here,38
475,saying,38
476,set,37
477,goal,37
478,enjoy,37
479,several,37
480,almost,37
481,thing,37
482,needs,37
483,create,37
484,obesity,37
485,tell,37
486,heart,37
487,against,37
488,statement,36
489,police,36
490,america,36
491,item,36
492,month,36
493,simple,36
494,including,36
495,especially,36
496,system,36
497,started,36
498,practice,36
499,stay,36
500,anything,36
501,dogs,36
502,gender,36
503,form,36
504,phone,36
505,essay,35
506,together,35
507,whole,35
508,easy,35
509,successful,35
510,attached,35
511,classes,35
512,half,35
513,ask,35
514,weight,35
515,suggest,35
516,probably,35
517,juice,35
518,love,35
519,sounds,35
520,months,35
521,diets,35
522,reports,34
523,helps,34
524,develop,34
525,contains,34
526,nearly,34
527,industry,34
528,activities,34
529,bad,34
530,consumers,34
531,effect,34
532,looking,34
533,habits,34
534,hours,34
535,professor,34
536,coming,33
537,close,33
538,second,33
539,consider,33
540,showed,33
541,levels,33
542,positive,33
543,experts,33
544,animal,33
545,child,33
546,activity,33
547,stop,33
548,worth,33
549,handed,33
550,took,33
551,groups,33
552,access,33
553,select,32
554,derived,32
555,growth,32
556,came,32
557,findings,32
558,potential,32
559,achieve,32
560,risks,32
561,born,32
562,negative,32
563,live,32
564,point,32
565,states,32
566,balance,32
567,growing,32
568,behind,32
569,face,32
570,suppose,32
571,internet,32
572,order,32
573,seen,32
574,waste,32
575,communication,31
576,common,31
577,blanks,31
578,blank,31
579,society,31
580,result,31
581,daily,31
582,told,31
583,reported,31
584,unfinished,31
585,encourage,31
586,survey,31
587,wrong,31
588,let,31
589,suggests,31
590,diversity,31
591,present,31
592,york,31
593,medical,31
594,per,31
595,government,31
596,amount,31
597,employers,31
598,fish,31
599,house,30
600,paragraphs,30
601,academic,30
602,jobs,30
603,development,30
604,managers,30
605,wanted,30
606,areas,30
607,compared,30
608,ever,30
609,true,30
610,causes,30
611,later,30
612,view,30
613,male,30
614,weather,30
615,due,30
616,bit,30
617,action,30
618,lion,30
619,service,29
620,importance,29
621,race,29
622,math,29
623,terms,29
624,creative,29
625,finding,29
626,effort,29
627,national,29
628,driving,29
629,sometimes,29
630,factors,29
631,affect,29
632,sugar,29
633,paid,29
634,focus,29
635,value,29
636,considered,29
637,members,29
638,relationship,29
639,sleep,29
640,genetic,29
641,hour,29
642,oh,29
643,expensive,29
644,teenagers,29
645,room,28
646,conversations,28
647,quite,28
648,hand,28
649,cars,28
650,wild,28
651,price,28
652,kind,28
653,benefit,28
654,move,28
655,changed,28
656,called,28
657,blood,28
658,economic,28
659,follow,28
660,published,28
661,offer,28
662,include,28
663,share,28
664,known,28
665,usually,28
666,level,28
667,pets,28
668,climate,28
669,behaviors,28
670,yourself,28
671,everyone,28
672,difference,27
673,spent,27
674,marking,27
675,global,27
676,economy,27
677,tasks,27
678,grow,27
679,major,27
680,sign,27
681,individuals,27
682,written,27
683,within,27
684,reason,27
685,scientific,27
686,maybe,27
687,connections,27
688,effective,27
689,calories,27
690,bike,27
691,jams,27
692,snake,27
693,variety,26
694,electronic,26
695,summer,26
696,challenges,26
697,intelligence,26
698,specific,26
699,expected,26
700,changes,26
701,businesses,26
702,professional,26
703,serious,26
704,united,26
705,perhaps,26
706,workplace,26
707,community,26
708,fashion,26
709,rate,26
710,either,26
711,game,26
712,tests,26
713,eggs,26
714,turn,26
715,increased,26
716,digital,26
717,dog,25
718,deal,25
719,case,25
720,travel,25
721,market,25
722,computer,25
723,matter,25
724,seem,25
725,needed,25
726,soon,25
727,desire,25
728,anxiety,25
729,extra,25
730,strong,25
731,huge,25
732,normal,25
733,seems,25
734,humans,25
735,generally,25
736,built,25
737,role,25
738,top,25
739,formula,25
740,mind,25
741,remember,25
742,program,25
743,despite,25
744,special,25
745,devices,25
746,woman,25
747,driver,25
748,lanes,25
749,helping,24
750,starting,24
751,easily,24
752,remote,24
753,species,24
754,damage,24
755,changing,24
756,reasons,24
757,older,24
758,various,24
759,reach,24
760,uk,24
761,involved,24
762,mother,24
763,policy,24
764,brains,24
765,differences,24
766,save,24
767,although,24
768,ourselves,24
769,experiences,24
770,private,24
771,website,24
772,feelings,24
773,running,24
774,stories,24
775,management,24
776,strategies,24
777,labor,23
778,famous,23
779,perfect,23
780,type,23
781,begin,23
782,cases,23
783,front,23
784,call,23
785,harm,23
786,along,23
787,trouble,23
788,particular,23
789,paying,23
790,clear,23
791,build,23
792,consumption,23
793,else,23
794,until,23
795,increasingly,23
796,staff,23
797,air,23
798,conditions,23
799,previous,23
800,night,23
801,earth,23
802,pet,22
803,security,22
804,meals,22
805,fewer,22
806,heat,22
807,helped,22
808,grade,22
809,organization,22
810,productivity,22
811,main,22
812,succeed,22
813,resources,22
814,leaders,22
815,developing,22
816,century,22
817,whatever,22
818,allow,22
819,middle,22
820,regular,22
821,emotions,22
822,evidence,22
823,talk,22
824,individual,22
825,affected,22
826,message,22
827,progress,22
828,near,22
829,habit,22
830,owner,22
831,situations,22
832,owners,22
833,movie,22
834,morning,22
835,opportunities,22
836,degree,22
837,began,22
838,classroom,22
839,aid,22
840,rights,22
841,drivers,22
842,bottled,22
843,phantom,22
844,becoming,21
845,anyone,21
846,easier,21
847,requires,21
848,earlier,21
849,coffee,21
850,light,21
851,homes,21
852,extreme,21
853,meet,21
854,maintain,21
855,felt,21
856,further,21
857,types,21
858,solve,21
859,colleagues,21
860,powerful,21
861,confidence,21
862,enable,21
863,issues,21
864,cats,21
865,contribute,21
866,sales,21
867,mostly,21
868,country,21
869,account,21
870,full,21
871,center,21
872,asking,21
873,included,21
874,determine,21
875,thus,21
876,continue,21
877,parts,21
878,added,21
879,head,21
880,run,21
881,nothing,21
882,classical,21
883,patients,21
884,teacher,21
885,creating,21
886,snow,21
887,associated,21
888,caused,21
889,income,21
890,event,21
891,phones,21
892,crops,21
893,claim,20
894,send,20
895,nature,20
896,supply,20
897,environmental,20
898,diseases,20
899,giving,20
900,everything,20
901,english,20
902,total,20
903,happen,20
904,overall,20
905,available,20
906,satisfaction,20
907,chinese,20
908,cat,20
909,towards,20
910,aware,20
911,require,20
912,takes,20
913,story,20
914,chance,20
915,lost,20
916,struggling,20
917,status,20
918,outside,20
919,short,20
920,medicine,20
921,gold,20
922,movies,20
923,exactly,20
924,approach,20
925,text,20
926,contact,20
927,expect,20
928,british,20
929,credit,20
930,happy,20
931,international,20
932,retirement,20
933,horn,20
934,video,19
935,side,19
936,offers,19
937,became,19
938,consequences,19
939,speech,19
940,mistakes,19
941,adapt,19
942,reality,19
943,subject,19
944,critical,19
945,ones,19
946,non,19
947,designed,19
948,ahead,19
949,led,19
950,appear,19
951,understanding,19
952,instincts,19
953,funded,19
954,focused,19
955,productive,19
956,rates,19
957,stick,19
958,plane,19
959,babies,19
960,dreams,19
961,curiosity,19
962,general,19
963,interact,19
964,card,19
965,late,19
966,wants,19
967,fun,19
968,notes,19
969,rules,19
970,healthier,19
971,villa,19
972,prices,19
973,cheating,19
974,housing,19
975,entrepreneurs,19
976,supermarket,19
977,active,19
978,shop,19
979,selves,19
980,gaming,19
981,completely,18
982,quickly,18
983,unique,18
984,husband,18
985,interested,18
986,keeping,18
987,tiny,18
988,mindset,18
989,teaching,18
990,situation,18
991,engineering,18
992,employee,18
993,fit,18
994,boost,18
995,glasgow,18
996,size,18
997,beyond,18
998,awareness,18
999,assume,18
1000,product,18
1001,walking,18
1002,history,18
1003,worked,18
1004,itself,18
1005,response,18
1006,rich,18
1007,impossible,18
1008,significant,18
1009,consume,18
1010,options,18
1011,complex,18
1012,forward,18
1013,cooking,18
1014,recently,18
1015,search,18
1016,connection,18
1017,voice,18
1018,condition,18
1019,department,18
1020,fathers,18
1021,express,18
1022,vegetables,18
1023,add,18
1024,plant,18
1025,websites,18
1026,weeks,18
1027,harmful,18
1028,kelli,18
1029,policies,18
1030,vision,18
1031,carey,18
1032,corn,18
1033,okay,18
1034,allowed,17
1035,area,17
1036,drinks,17
1037,prepare,17
1038,beans,17
1039,went,17
1040,looked,17
1041,families,17
1042,lose,17
1043,related,17
1044,kinds,17
1045,third,17
1046,issue,17
1047,hit,17
1048,carbon,17
1049,allows,17
1050,shopping,17
1051,remain,17
1052,meaning,17
1053,limited,17
1054,hot,17
1055,organizations,17
1056,replace,17
1057,option,17
1058,competitive,17
1059,paper,17
1060,failure,17
1061,boredom,17
1062,prevent,17
1063,rise,17
1064,ensure,17
1065,difficulty,17
1066,remains,17
1067,sport,17
1068,learned,17
1069,majority,17
1070,london,17
1071,pressure,17
1072,believes,17
1073,doctors,17
1074,programs,17
1075,raise,17
1076,decline,17
1077,african,17
1078,produce,17
1079,worry,17
1080,toward,17
1081,tourists,17
1082,educational,17
1083,events,17
1084,plan,17
1085,cash,17
1086,bus,17
1087,happened,17
1088,fans,17
1089,chocolate,17
1090,zoo,17
1091,opera,17
1092,post,16
1093,distance,16
1094,drive,16
1095,receive,16
1096,village,16
1097,studied,16
1098,examined,16
1099,smart,16
1100,technologies,16
1101,skill,16
1102,sound,16
1103,hospital,16
1104,necessary,16
1105,talent,16
1106,smartphones,16
1107,wear,16
1108,loneliness,16
1109,friendly,16
1110,exist,16
1111,cultures,16
1112,indeed,16
1113,teams,16
1114,display,16
1115,narrow,16
1116,shown,16
1117,equal,16
1118,innovative,16
1119,feeling,16
1120,land,16
1121,africa,16
1122,farming,16
1123,cover,16
1124,moving,16
1125,harder,16
1126,improving,16
1127,realize,16
1128,gap,16
1129,inside,16
1130,sharing,16
1131,cities,16
1132,fully,16
1133,prefer,16
1134,heavy,16
1135,range,16
1136,talking,16
1137,afford,16
1138,childhood,16
1139,spending,16
1140,improved,16
1141,places,16
1142,opportunity,16
1143,concerns,16
1144,safety,16
1145,opinions,16
1146,cheese,16
1147,win,16
1148,visit,16
1149,sustainable,16
1150,refugees,16
1151,saw,16
1152,manufacturers,16
1153,dance,16
1154,parental,16
1155,multitasking,16
1156,rum,16
1157,drug,15
1158,club,15
1159,art,15
1160,background,15
1161,birthday,15
1162,plans,15
1163,town,15
1164,walk,15
1165,friend,15
1166,universities,15
1167,protection,15
1168,turned,15
1169,loss,15
1170,explore,15
1171,relevant,15
1172,engage,15
1173,missing,15
1174,goes,15
1175,forms,15
1176,concept,15
1177,funding,15
1178,institutions,15
1179,scale,15
1180,twice,15
1181,hiring,15
1182,eventually,15
1183,values,15
1184,act,15
1185,achievements,15
1186,linked,15
1187,reflect,15
1188,surveyed,15
1189,proposal,15
1190,aim,15
1191,sea,15
1192,beach,15
1193,returned,15
1194,check,15
1195,extremely,15
1196,responsibilities,15
1197,savings,15
1198,setting,15
1199,cold,15
1200,member,15
1201,behaviour,15
1202,period,15
1203,definitely,15
1204,modern,15
1205,concern,15
1206,campus,15
1207,treat,15
1208,finally,15
1209,willing,15
1210,vegetable,15
1211,cheaper,15
1212,recommended,15
1213,advantage,15
1214,series,15
1215,luxury,15
1216,evil,15
1217,residents,15
1218,ambitious,15
1219,bottles,15
1220,keynes,15
1221,south,15
1222,vehicle,15
1223,clothes,15
1224,grit,15
1225,saturday,14
1226,native,14
1227,break,14
1228,ninth,14
1229,additional,14
1230,depression,14
1231,believed,14
1232,struggle,14
1233,larger,14
1234,enter,14
1235,hands,14
1236,creativity,14
1237,again,14
1238,showing,14
1239,systems,14
1240,project,14
1241,user,14
1242,homeless,14
1243,consuming,14
1244,alone,14
1245,languages,14
1246,birds,14
1247,influence,14
1248,upon,14
1249,model,14
1250,won,14
1251,winners,14
1252,manage,14
1253,psychological,14
1254,latest,14
1255,journal,14
1256,chances,14
1257,turns,14
1258,conflict,14
1259,intake,14
1260,works,14
1261,reveal,14
1262,brought,14
1263,style,14
1264,decided,14
1265,suffer,14
1266,symptoms,14
1267,leading,14
1268,agree,14
1269,interests,14
1270,farm,14
1271,rule,14
1272,details,14
1273,table,14
1274,essential,14
1275,population,14
1276,entirely,14
1277,lifestyle,14
1278,diabetes,14
1279,debate,14
1280,roles,14
1281,racing,14
1282,fear,14
1283,containing,14
1284,currently,14
1285,biggest,14
1286,rest,14
1287,seeking,14
1288,region,14
1289,closed,14
1290,fall,14
1291,directly,14
1292,white,14
1293,constantly,14
1294,law,14
1295,sit,14
1296,particularly,14
1297,largely,14
1298,bill,14
1299,am,14
1300,competition,14
1301,return,14
1302,received,14
1303,adopt,14
1304,immigrants,14
1305,tradition,14
1306,recycled,14
1307,web,14
1308,spaces,14
1309,store,14
1310,museum,14
1311,friedman,14
1312,persuasion,14
1313,engineers,14
1314,bilateral,14
1315,yeah,14
1316,seek,13
1317,advice,13
1318,protect,13
1319,responses,13
1320,worse,13
1321,ultimately,13
1322,enormous,13
1323,enhance,13
1324,faster,13
1325,employer,13
1326,field,13
1327,crucial,13
1328,expectations,13
1329,boring,13
1330,italian,13
1331,prove,13
1332,britain,13
1333,cut,13
1334,happens,13
1335,harvard,13
1336,function,13
1337,gain,13
1338,drink,13
1339,executive,13
1340,platform,13
1341,force,13
1342,surveys,13
1343,laws,13
1344,figure,13
1345,losing,13
1346,tried,13
1347,suggested,13
1348,leads,13
1349,passion,13
1350,los,13
1351,angeles,13
1352,female,13
1353,hundreds,13
1354,attack,13
1355,production,13
1356,genes,13
1357,shape,13
1358,thousands,13
1359,planning,13
1360,hold,13
1361,bone,13
1362,methods,13
1363,april,13
1364,direction,13
1365,identity,13
1366,interaction,13
1367,analysis,13
1368,meanwhile,13
1369,attitudes,13
1370,context,13
1371,ages,13
1372,multiple,13
1373,hi,13
1374,oil,13
1375,golden,13
1376,flexible,13
1377,challenge,13
1378,quick,13
1379,email,13
1380,helpful,13
1381,answers,13
1382,eye,13
1383,courses,13
1384,artificial,13
1385,plants,13
1386,millions,13
1387,kept,13
1388,booking,13
1389,agent,13
1390,secure,13
1391,budget,13
1392,buying,13
1393,software,13
1394,former,13
1395,test,13
1396,standard,13
1397,caught,13
1398,perform,13
1399,allowing,13
1400,exercises,13
1401,fast,13
1402,expenses,13
1403,images,13
1404,saving,13
1405,theory,13
1406,island,13
1407,fine,13
1408,farmers,13
1409,attachment,13
1410,houses,13
1411,elephant,13
1412,practicing,13
1413,ventura,13
1414,pandas,13
1415,officials,13
1416,paint,12
1417,court,12
1418,regularly,12
1419,searching,12
1420,degrees,12
1421,lunch,12
1422,removed,12
1423,fail,12
1424,grades,12
1425,adult,12
1426,beliefs,12
1427,belief,12
1428,held,12
1429,experiment,12
1430,factor,12
1431,facing,12
1432,facilities,12
1433,source,12
1434,match,12
1435,rely,12
1436,confident,12
1437,jimmy,12
1438,unable,12
1439,color,12
1440,vary,12
1441,material,12
1442,beauty,12
1443,contrast,12
1444,unusual,12
1445,tools,12
1446,cultural,12
1447,efforts,12
1448,nutrition,12
1449,gets,12
1450,purpose,12
1451,corporate,12
1452,father,12
1453,services,12
1454,finds,12
1455,star,12
1456,australia,12
1457,emails,12
1458,customer,12
1459,authors,12
1460,actual,12
1461,road,12
1462,met,12
1463,interactions,12
1464,driven,12
1465,airport,12
1466,manager,12
1467,legal,12
1468,furniture,12
1469,involves,12
1470,reduced,12
1471,highly,12
1472,responsibility,12
1473,link,12
1474,pain,12
1475,vital,12
1476,becomes,12
1477,shift,12
1478,negatively,12
1479,dangerous,12
1480,created,12
1481,collection,12
1482,baby,12
1483,trust,12
1484,necessarily,12
1485,surprised,12
1486,enjoying,12
1487,john,12
1488,promote,12
1489,responsible,12
1490,matters,12
1491,careers,12
1492,grown,12
1493,safe,12
1494,developed,12
1495,dream,12
1496,interview,12
1497,proves,12
1498,trade,12
1499,teach,12
1500,cholesterol,12
1501,ride,12
1502,slightly,12
1503,welcome,12
1504,actions,12
1505,park,12
1506,bought,12
1507,gym,12
1508,debt,12
1509,meal,12
1510,feels,12
1511,colour,12
1512,speed,12
1513,blue,12
1514,clothing,12
1515,trash,12
1516,aged,12
1517,county,12
1518,regarding,12
1519,dna,12
1520,michelin,12
1521,numerous,11
1522,addiction,11
1523,round,11
1524,frequently,11
1525,enables,11
1526,carry,11
1527,nation,11
1528,cope,11
1529,graduate,11
1530,typically,11
1531,greatest,11
1532,personalities,11
1533,fixed,11
1534,predicted,11
1535,complete,11
1536,gave,11
1537,threat,11
1538,educators,11
1539,argue,11
1540,solving,11
1541,efficiency,11
1542,tech,11
1543,meeting,11
1544,widespread,11
1545,reducing,11
1546,street,11
1547,accident,11
1548,pounds,11
1549,formal,11
1550,doctor,11
1551,largest,11
1552,transform,11
1553,peers,11
1554,truly,11
1555,concluded,11
1556,senior,11
1557,valuable,11
1558,qualities,11
1559,capable,11
1560,stars,11
1561,completed,11
1562,screen,11
1563,measures,11
1564,motivate,11
1565,innovation,11
1566,trend,11
1567,board,11
1568,hunting,11
1569,cultivate,11
1570,ideal,11
1571,treated,11
1572,intelligent,11
1573,association,11
1574,suffered,11
1575,noticed,11
1576,apart,11
1577,depends,11
1578,brings,11
1579,expert,11
1580,novel,11
1581,exercising,11
1582,pretty,11
1583,date,11
1584,useful,11
1585,political,11
1586,sort,11
1587,favorite,11
1588,outcomes,11
1589,drugs,11
1590,providing,11
1591,newspaper,11
1592,comfortable,11
1593,provides,11
1594,solutions,11
1595,named,11
1596,highest,11
1597,door,11
1598,accounts,11
1599,spot,11
1600,aspects,11
1601,assignments,11
1602,attend,11
1603,flavors,11
1604,strange,11
1605,turning,11
1606,names,11
1607,fraudsters,11
1608,demand,11
1609,hidden,11
1610,path,11
1611,vegetarian,11
1612,amounts,11
1613,smith,11
1614,boys,11
1615,guess,11
1616,image,11
1617,wonderful,11
1618,federal,11
1619,contributing,11
1620,explained,11
1621,typical,11
1622,happiness,11
1623,record,11
1624,solution,11
1625,thomas,11
1626,apply,11
1627,crisis,11
1628,habitat,11
1629,ambition,11
1630,jeans,11
1631,wearing,11
1632,vehicles,11
1633,sitting,11
1634,forced,11
1635,schooling,11
1636,streets,11
1637,intensity,11
1638,movement,11
1639,jj,10
1640,joe,10
1641,dining,10
1642,walls,10
1643,pictures,10
1644,bringing,10
1645,reward,10
1646,charity,10
1647,party,10
1648,north,10
1649,pigs,10
1650,taste,10
1651,silver,10
1652,dollars,10
1653,addition,10
1654,demands,10
1655,worldwide,10
1656,abilities,10
1657,taught,10
1658,diverse,10
1659,wonder,10
1660,cognitive,10
1661,principles,10
1662,basic,10
1663,train,10
1664,gone,10
1665,application,10
1666,adequate,10
1667,users,10
1668,badly,10
1669,tour,10
1670,pass,10
1671,affects,10
1672,rare,10
1673,seating,10
1674,conscious,10
1675,anumeric,10
1676,remove,10
1677,watching,10
1678,track,10
1679,reasoning,10
1680,smaller,10
1681,speak,10
1682,thoughts,10
1683,fat,10
1684,placed,10
1685,conducted,10
1686,depend,10
1687,feed,10
1688,retire,10
1689,bridge,10
1690,causing,10
1691,nice,10
1692,bigger,10
1693,accepted,10
1694,convinced,10
1695,fire,10
1696,strategy,10
1697,greatly,10
1698,definition,10
1699,ate,10
1700,calorie,10
1701,snacks,10
1702,flights,10
1703,newly,10
1704,ducks,10
1705,review,10
1706,emphasis,10
1707,personality,10
1708,traits,10
1709,presence,10
1710,clearly,10
1711,obviously,10
1712,note,10
1713,impacts,10
1714,guide,10
1715,infants,10
1716,forget,10
1717,union,10
1718,nearby,10
1719,menu,10
1720,wellbeing,10
1721,birth,10
1722,daughter,10
1723,appropriate,10
1724,ordinary,10
1725,journey,10
1726,california,10
1727,vulnerable,10
1728,tv,10
1729,england,10
1730,adopting,10
1731,recommend,10
1732,dreaming,10
1733,cycle,10
1734,messages,10
1735,deep,10
1736,printed,10
1737,perceived,10
1738,unemployed,10
1739,knew,10
1740,boy,10
1741,amazing,10
1742,differently,10
1743,seriously,10
1744,inner,10
1745,immediately,10
1746,obvious,10
1747,offered,10
1748,meant,10
1749,analytical,10
1750,chief,10
1751,citizens,10
1752,explain,10
1753,affordable,10
1754,tablets,10
1755,parent,10
1756,harding,10
1757,tuition,10
1758,fuel,10
1759,rabbits,10
1760,conventional,10
1761,committed,10
1762,discount,10
1763,fees,10
1764,grand,10
1765,winning,10
1766,closely,10
1767,households,10
1768,jam,10
1769,foreign,10
1770,kate,10
1771,medal,10
1772,engineer,10
1773,nap,10
1774,putting,10
1775,primary,10
1776,annual,10
1777,throughout,10
1778,base,10
1779,supermarkets,10
1780,harmony,10
1781,article,10
1782,abstract,10
1783,rewards,10
1784,officers,10
1785,tap,10
1786,jake,10
1787,rooms,9
1788,suffering,9
1789,investigation,9
1790,district,9
1791,connect,9
1792,reliable,9
1793,deciding,9
1794,farms,9
1795,ran,9
1796,winter,9
1797,married,9
1798,instance,9
1799,rising,9
1800,contributed,9
1801,possibilities,9
1802,beneficial,9
1803,imagination,9
1804,industries,9
1805,materials,9
1806,partner,9
1807,engaging,9
1808,challenging,9
1809,machines,9
1810,technological,9
1811,damaged,9
1812,volunteer,9
1813,rescue,9
1814,join,9
1815,operation,9
1816,prioritize,9
1817,standards,9
1818,official,9
1819,quantities,9
1820,exact,9
1821,researcher,9
1822,black,9
1823,principle,9
1824,handle,9
1825,fill,9
1826,introduced,9
1827,basis,9
1828,passed,9
1829,dietary,9
1830,systematic,9
1831,director,9
1832,rarely,9
1833,recommendations,9
1834,ignore,9
1835,massive,9
1836,barely,9
1837,asks,9
1838,economist,9
1839,setbacks,9
1840,sciences,9
1841,qualified,9
1842,measured,9
1843,grants,9
1844,regard,9
1845,request,9
1846,receiving,9
1847,step,9
1848,snack,9
1849,statistics,9
1850,obese,9
1851,regardless,9
1852,partly,9
1853,hire,9
1854,flight,9
1855,above,9
1856,picture,9
1857,sold,9
1858,environmentally,9
1859,discuss,9
1860,homework,9
1861,campaigns,9
1862,commitment,9
1863,romantic,9
1864,severe,9
1865,writer,9
1866,charge,9
1867,includes,9
1868,advised,9
1869,attending,9
1870,offices,9
1871,meaningful,9
1872,discussion,9
1873,patterns,9
1874,conclude,9
1875,incredible,9
1876,concerned,9
1877,alike,9
1878,breathing,9
1879,sad,9
1880,death,9
1881,pilot,9
1882,moment,9
1883,associate,9
1884,audience,9
1885,tool,9
1886,conducting,9
1887,motivation,9
1888,opposed,9
1889,considering,9
1890,afraid,9
1891,complicated,9
1892,leisure,9
1893,moved,9
1894,imagine,9
1895,limit,9
1896,decrease,9
1897,fields,9
1898,faces,9
1899,practical,9
1900,paintings,9
1901,logical,9
1902,tooth,9
1903,unlike,9
1904,casual,9
1905,spots,9
1906,pace,9
1907,accessible,9
1908,holiday,9
1909,property,9
1910,lots,9
1911,leadership,9
1912,washington,9
1913,passive,9
1914,pieces,9
1915,tended,9
1916,minute,9
1917,creates,9
1918,parks,9
1919,colleges,9
1920,necessity,9
1921,fruits,9
1922,delay,9
1923,meetings,9
1924,net,9
1925,china,9
1926,vast,9
1927,effectively,9
1928,tendency,9
1929,nursing,9
1930,japan,9
1931,aging,9
1932,traveling,9
1933,authorities,9
1934,rock,9
1935,dioxide,9
1936,gas,9
1937,bread,9
1938,rush,9
1939,concentrate,9
1940,german,9
1941,bride,9
1942,stuff,9
1943,push,9
1944,friday,9
1945,amazon,9
1946,sending,9
1947,square,9
1948,fancy,9
1949,chase,9
1950,mood,9
1951,dancing,9
1952,jump,9
1953,paternity,9
1954,venture,9
1955,reputation,9
1956,pupils,9
1957,dolphins,9
1958,adulthood,9
1959,roads,9
1960,dress,9
1961,fayetteville,9
1962,construction,9
1963,junk,9
1964,commercial,9
1965,cacao,9
1966,bodies,9
1967,fibre,9
1968,lane,9
1969,parking,9
1970,thank,9
1971,below,8
1972,football,8
1973,buildings,8
1974,kitchen,8
1975,offering,8
1976,surprise,8
1977,sells,8
1978,soft,8
1979,pollution,8
1980,fell,8
1981,attempt,8
1982,entire,8
1983,drop,8
1984,avoiding,8
1985,finish,8
1986,increases,8
1987,furthermore,8
1988,burden,8
1989,pays,8
1990,beginning,8
1991,determined,8
1992,permanent,8
1993,hope,8
1994,feature,8
1995,position,8
1996,experiments,8
1997,respond,8
1998,focusing,8
1999,makers,8
2000,youth,8
2001,inviting,8
2002,disadvantaged,8
2003,operating,8
2004,processes,8
2005,errors,8
2006,therefore,8
2007,adjust,8
2008,appeal,8
2009,deeply,8
2010,properly,8
2011,dependent,8
2012,suit,8
2013,computers,8
2014,ended,8
2015,target,8
2016,reduction,8
2017,schedule,8
2018,council,8
2019,invest,8
2020,sources,8
2021,firm,8
2022,borrow,8
2023,relatively,8
2024,isolation,8
2025,address,8
2026,quantitative,8
2027,shared,8
2028,seemingly,8
2029,eyes,8
2030,consistently,8
2031,recognize,8
2032,absence,8
2033,european,8
2034,generations,8
2035,minds,8
2036,differ,8
2037,drinking,8
2038,choosing,8
2039,wealth,8
2040,ease,8
2041,indicate,8
2042,purchase,8
2043,overcome,8
2044,fears,8
2045,truth,8
2046,stronger,8
2047,grant,8
2048,academy,8
2049,losers,8
2050,miss,8
2051,wang,8
2052,reasonable,8
2053,continuing,8
2054,produced,8
2055,likes,8
2056,define,8
2057,dinner,8
2058,falling,8
2059,confirmed,8
2060,accurate,8
2061,reluctant,8
2062,sent,8
2063,independently,8
2064,indicates,8
2065,advantages,8
2066,appears,8
2067,confused,8
2068,app,8
2069,psychologist,8
2070,familiar,8
2071,partners,8
2072,steps,8
2073,estate,8
2074,spirit,8
2075,gene,8
2076,stand,8
2077,regions,8
2078,northern,8
2079,chicken,8
2080,forest,8
2081,installed,8
2082,architect,8
2083,entrepreneur,8
2084,observed,8
2085,wrote,8
2086,establish,8
2087,nor,8
2088,authentic,8
2089,inspire,8
2090,points,8
2091,strongly,8
2092,influenced,8
2093,adds,8
2094,accept,8
2095,guidelines,8
2096,intended,8
2097,emphasize,8
2098,dark,8
2099,nightmares,8
2100,waking,8
2101,couple,8
2102,generation,8
2103,articles,8
2104,acceptable,8
2105,interpersonal,8
2106,french,8
2107,opposite,8
2108,arts,8
2109,existing,8
2110,employment,8
2111,knowing,8
2112,meats,8
2113,totally,8
2114,photos,8
2115,green,8
2116,connected,8
2117,mainly,8
2118,moral,8
2119,hurt,8
2120,absolutely,8
2121,afternoon,8
2122,co,8
2123,vacation,8
2124,applicants,8
2125,debates,8
2126,perception,8
2127,worried,8
2128,facts,8
2129,embrace,8
2130,speaking,8
2131,lab,8
2132,visiting,8
2133,combat,8
2134,host,8
2135,emotionally,8
2136,restaurants,8
2137,frequent,8
2138,respondents,8
2139,accomplishments,8
2140,accidents,8
2141,approval,8
2142,mobile,8
2143,trip,8
2144,applying,8
2145,younger,8
2146,happier,8
2147,explains,8
2148,replaced,8
2149,flexibility,8
2150,wall,8
2151,beautiful,8
2152,fee,8
2153,floor,8
2154,assistance,8
2155,ohio,8
2156,bills,8
2157,plenty,8
2158,rated,8
2159,ice,8
2160,mystery,8
2161,terrible,8
2162,mothers,8
2163,implications,8
2164,tough,8
2165,supplies,8
2166,wfp,8
2167,stopped,8
2168,convey,8
2169,hardly,8
2170,deviance,8
2171,behave,8
2172,literacy,8
2173,budgeting,8
2174,studying,8
2175,visa,8
2176,seat,8
2177,athletes,8
2178,marriage,8
2179,leaving,8
2180,bird,8
2181,player,8
2182,olympic,8
2183,napping,8
2184,cotton,8
2185,predict,8
2186,feet,8
2187,shorter,8
2188,slow,8
2189,solar,8
2190,continent,8
2191,king,8
2192,strengthen,8
2193,watch,8
2194,wife,8
2195,double,8
2196,strength,8
2197,panic,8
2198,readers,8
2199,ford,8
2200,anxious,8
2201,realistic,8
2202,recycling,8
2203,hearing,8
2204,designers,8
2205,designer,8
2206,poisonous,8
2207,arrived,8
2208,skillman,8
2209,gamers,8
2210,pair,8
2211,meters,8
2212,sorry,8
2213,inspiration,8
2214,pink,8
2215,newcastle,7
2216,realise,7
2217,chat,7
2218,opening,7
2219,arrive,7
2220,outer,7
2221,charged,7
2222,temperatures,7
2223,sun,7
2224,discover,7
2225,bottom,7
2226,shoes,7
2227,method,7
2228,staying,7
2229,moderate,7
2230,communities,7
2231,clinical,7
2232,treatment,7
2233,whose,7
2234,hormones,7
2235,exciting,7
2236,standing,7
2237,upper,7
2238,preparing,7
2239,ongoing,7
2240,perspective,7
2241,contributes,7
2242,workforce,7
2243,jet,7
2244,master,7
2245,suddenly,7
2246,initiatives,7
2247,timely,7
2248,minister,7
2249,ticket,7
2250,gift,7
2251,catch,7
2252,gradually,7
2253,secondary,7
2254,rid,7
2255,previously,7
2256,precise,7
2257,checking,7
2258,approximately,7
2259,conclusion,7
2260,prior,7
2261,quantity,7
2262,remarkable,7
2263,relatives,7
2264,capacity,7
2265,brand,7
2266,mail,7
2267,certainly,7
2268,raised,7
2269,plays,7
2270,confusion,7
2271,professionals,7
2272,recognition,7
2273,passionate,7
2274,specifically,7
2275,surely,7
2276,stayed,7
2277,schedules,7
2278,proud,7
2279,rating,7
2280,purchases,7
2281,cent,7
2282,measure,7
2283,decade,7
2284,performed,7
2285,promoted,7
2286,joining,7
2287,original,7
2288,yesterday,7
2289,happening,7
2290,organizing,7
2291,enjoyed,7
2292,facebook,7
2293,canada,7
2294,somewhere,7
2295,herself,7
2296,painting,7
2297,readily,7
2298,blog,7
2299,ready,7
2300,signs,7
2301,norm,7
2302,traditionally,7
2303,opinion,7
2304,consensus,7
2305,claimed,7
2306,tons,7
2307,emergency,7
2308,informed,7
2309,records,7
2310,chair,7
2311,update,7
2312,conflicts,7
2313,incredibly,7
2314,topics,7
2315,basketball,7
2316,starts,7
2317,television,7
2318,claims,7
2319,excess,7
2320,argues,7
2321,surgery,7
2322,learners,7
2323,attract,7
2324,nightmare,7
2325,possibly,7
2326,smartphone,7
2327,socialize,7
2328,touching,7
2329,surprisingly,7
2330,views,7
2331,sensitive,7
2332,pandemic,7
2333,psychology,7
2334,economics,7
2335,feasible,7
2336,beverages,7
2337,sick,7
2338,appearance,7
2339,learner,7
2340,ethical,7
2341,disadvantages,7
2342,agreements,7
2343,excited,7
2344,requirements,7
2345,vigorous,7
2346,anyway,7
2347,naturally,7
2348,processed,7
2349,yearly,7
2350,holidaymakers,7
2351,advertising,7
2352,pursue,7
2353,site,7
2354,relax,7
2355,deliver,7
2356,gathered,7
2357,advanced,7
2358,location,7
2359,travelers,7
2360,carrying,7
2361,communicate,7
2362,instant,7
2363,profession,7
2364,provided,7
2365,serving,7
2366,noise,7
2367,miles,7
2368,cutting,7
2369,patient,7
2370,looks,7
2371,unethical,7
2372,guard,7
2373,mine,7
2374,euros,7
2375,monthly,7
2376,markets,7
2377,unknown,7
2378,freshman,7
2379,remained,7
2380,significantly,7
2381,colors,7
2382,collect,7
2383,dolls,7
2384,telling,7
2385,nobody,7
2386,uses,7
2387,prevention,7
2388,wasted,7
2389,tonnes,7
2390,estimated,7
2391,raising,7
2392,stated,7
2393,arriving,7
2394,fox,7
2395,described,7
2396,alternative,7
2397,pleasant,7
2398,contrary,7
2399,dense,7
2400,circumstances,7
2401,theatre,7
2402,located,7
2403,discipline,7
2404,opened,7
2405,analysts,7
2406,bottle,7
2407,wildlife,7
2408,license,7
2409,appealing,7
2410,arguments,7
2411,blind,7
2412,blame,7
2413,introduce,7
2414,models,7
2415,preferences,7
2416,homelessness,7
2417,wage,7
2418,unfortunately,7
2419,marketing,7
2420,danger,7
2421,boxes,7
2422,dancer,7
2423,matous,7
2424,strengthened,7
2425,applied,7
2426,taxes,7
2427,besides,7
2428,depending,7
2429,hobby,7
2430,rivalry,7
2431,actively,7
2432,immediate,7
2433,instinctive,7
2434,scar,7
2435,skin,7
2436,willpower,7
2437,muscles,7
2438,alive,7
2439,concrete,7
2440,styles,7
2441,attractive,7
2442,nutrients,7
2443,outdoor,7
2444,juices,7
2445,chocolates,7
2446,fructose,7
2447,sugars,7
2448,spacing,7
2449,contain,7
2450,bikes,7
2451,hannah,7
2452,spokesperson,7
2453,humm,7
2454,passport,7
2455,addicted,6
2456,suspect,6
2457,volunteers,6
2458,chairs,6
2459,crowded,6
2460,speakers,6
2461,russian,6
2462,lived,6
2463,roast,6
2464,clean,6
2465,queen,6
2466,shade,6
2467,temperature,6
2468,cool,6
2469,eh,6
2470,stressful,6
2471,core,6
2472,passing,6
2473,crime,6
2474,poorly,6
2475,extent,6
2476,stuck,6
2477,topic,6
2478,intervention,6
2479,le,6
2480,stable,6
2481,tomorrow,6
2482,engaged,6
2483,involving,6
2484,advise,6
2485,fix,6
2486,functioning,6
2487,dull,6
2488,consideration,6
2489,influential,6
2490,mentally,6
2491,infrastructure,6
2492,rewarding,6
2493,heavily,6
2494,designing,6
2495,germany,6
2496,emissions,6
2497,gives,6
2498,fellow,6
2499,delivery,6
2500,damaging,6
2501,agreement,6
2502,transportation,6
2503,river,6
2504,window,6
2505,nuts,6
2506,straightforward,6
2507,organized,6
2508,represents,6
2509,foundation,6
2510,roughly,6
2511,tells,6
2512,reviews,6
2513,breakfast,6
2514,revealed,6
2515,focuses,6
2516,defined,6
2517,launching,6
2518,experienced,6
2519,engine,6
2520,talents,6
2521,calling,6
2522,feedback,6
2523,failures,6
2524,missed,6
2525,phenomenon,6
2526,wisdom,6
2527,risky,6
2528,papers,6
2529,maximum,6
2530,suggesting,6
2531,quit,6
2532,careful,6
2533,favor,6
2534,participate,6
2535,discussions,6
2536,bar,6
2537,drastically,6
2538,cargo,6
2539,mixed,6
2540,correct,6
2541,expand,6
2542,wooden,6
2543,posted,6
2544,tired,6
2545,indicator,6
2546,honest,6
2547,limits,6
2548,spouse,6
2549,surprising,6
2550,joyce,6
2551,nations,6
2552,expressed,6
2553,fly,6
2554,household,6
2555,profits,6
2556,purchasing,6
2557,estimates,6
2558,onto,6
2559,transfer,6
2560,atmosphere,6
2561,privacy,6
2562,tricky,6
2563,motivated,6
2564,exposure,6
2565,crash,6
2566,checked,6
2567,payment,6
2568,analyzed,6
2569,captured,6
2570,approaches,6
2571,neither,6
2572,examine,6
2573,essentially,6
2574,super,6
2575,listen,6
2576,somewhat,6
2577,himself,6
2578,richard,6
2579,autonomy,6
2580,overwhelmed,6
2581,salary,6
2582,commit,6
2583,socially,6
2584,medicines,6
2585,mechanical,6
2586,estimate,6
2587,pattern,6
2588,excessive,6
2589,interacting,6
2590,imply,6
2591,closeness,6
2592,affection,6
2593,loves,6
2594,attach,6
2595,unacceptable,6
2596,genders,6
2597,stolen,6
2598,beings,6
2599,contracts,6
2600,carried,6
2601,strictly,6
2602,seemed,6
2603,liked,6
2604,identifying,6
2605,grain,6
2606,describe,6
2607,urgent,6
2608,disadvantage,6
2609,sector,6
2610,rational,6
2611,textbooks,6
2612,smell,6
2613,counterparts,6
2614,fake,6
2615,warned,6
2616,frauds,6
2617,mix,6
2618,villas,6
2619,plus,6
2620,consumer,6
2621,season,6
2622,via,6
2623,tends,6
2624,era,6
2625,videos,6
2626,content,6
2627,permanently,6
2628,possibility,6
2629,shrinking,6
2630,cultivating,6
2631,absorb,6
2632,christmas,6
2633,scene,6
2634,respect,6
2635,coworkers,6
2636,evaluation,6
2637,scientist,6
2638,hopes,6
2639,fortune,6
2640,similarly,6
2641,useless,6
2642,kindness,6
2643,watched,6
2644,edge,6
2645,delivered,6
2646,sufficient,6
2647,institute,6
2648,interviewed,6
2649,cheated,6
2650,cheat,6
2651,trace,6
2652,achieving,6
2653,operations,6
2654,prepared,6
2655,hotel,6
2656,certificates,6
2657,dorm,6
2658,loans,6
2659,examples,6
2660,promising,6
2661,negotiate,6
2662,supposed,6
2663,pasternak,6
2664,japanese,6
2665,features,6
2666,bechtoldt,6
2667,gains,6
2668,bundles,6
2669,affluent,6
2670,station,6
2671,warm,6
2672,privilege,6
2673,distractions,6
2674,fishing,6
2675,volume,6
2676,raises,6
2677,maintaining,6
2678,prize,6
2679,hunger,6
2680,agriculture,6
2681,zone,6
2682,prison,6
2683,initial,6
2684,slower,6
2685,insecure,6
2686,enabling,6
2687,proposed,6
2688,africans,6
2689,butter,6
2690,crowds,6
2691,dishes,6
2692,contained,6
2693,freedom,6
2694,bags,6
2695,ceremony,6
2696,groom,6
2697,compromise,6
2698,hyphenate,6
2699,argument,6
2700,preserve,6
2701,react,6
2702,coursera,6
2703,wide,6
2704,improvements,6
2705,mars,6
2706,applications,6
2707,pop,6
2708,fossil,6
2709,assistants,6
2710,ring,6
2711,civil,6
2712,admit,6
2713,amenities,6
2714,closer,6
2715,survive,6
2716,foot,6
2717,ball,6
2718,brands,6
2719,hitting,6
2720,fan,6
2721,alter,6
2722,stores,6
2723,constant,6
2724,academics,6
2725,sets,6
2726,athletic,6
2727,orange,6
2728,heads,6
2729,kid,6
2730,compulsory,6
2731,submission,6
2732,selling,6
2733,keen,6
2734,figures,6
2735,optimistic,6
2736,walsh,6
2737,warming,6
2738,disappear,6
2739,sister,6
2740,bold,6
2741,shops,6
2742,hairdresser,6
2743,deceptive,6
2744,neutral,6
2745,achievement,6
2746,announced,6
2747,rivals,6
2748,independence,6
2749,horse,6
2750,guest,6
2751,camping,6
2752,calls,6
2753,unemployment,6
2754,structure,6
2755,anderson,6
2756,mission,6
2757,persuade,6
2758,pushed,6
2759,riders,6
2760,characters,6
2761,manufacturing,6
2762,heating,6
2763,army,6
2764,volleyball,6
2765,mice,6
2766,sell,6
2767,mountain,6
2768,ban,6
2769,banned,6
2770,dozens,6
2771,seedlings,6
2772,mention,6
2773,deficiency,6
2774,postal,6
2775,panda,6
2776,conservation,6
2777,duckworth,6
2778,secrets,6
2779,astronaut,6
2780,bicycles,6
2781,destroy,6
2782,argued,6
2783,timing,6
2784,rem,6
2785,wondering,6
2786,foulkes,6
2787,eleven,6
2788,madison,6
2789,vegan,6
2790,hungry,6
2791,takotna,6
2792,unclear,6
2793,girl,6
2794,bubbles,6
2795,clone,6
2796,branyas,6
2797,reference,5
2798,draw,5
2799,permission,5
2800,eliminate,5
2801,preparations,5
2802,weekend,5
2803,freely,5
2804,cook,5
2805,spanish,5
2806,victim,5
2807,dubai,5
2808,machine,5
2809,baking,5
2810,owned,5
2811,villagers,5
2812,pies,5
2813,compete,5
2814,underground,5
2815,ants,5
2816,reflects,5
2817,thrive,5
2818,explanation,5
2819,examining,5
2820,declining,5
2821,affairs,5
2822,difficulties,5
2823,hearts,5
2824,demanding,5
2825,oxygen,5
2826,ji,5
2827,sharply,5
2828,entering,5
2829,advance,5
2830,combination,5
2831,teamwork,5
2832,anywhere,5
2833,acquire,5
2834,instantly,5
2835,frustration,5
2836,swollen,5
2837,implement,5
2838,appreciate,5
2839,ensuring,5
2840,importantly,5
2841,limitations,5
2842,assess,5
2843,translation,5
2844,translate,5
2845,scotland,5
2846,scottishpower,5
2847,renewable,5
2848,fund,5
2849,fame,5
2850,resulted,5
2851,pocket,5
2852,aisles,5
2853,performing,5
2854,favored,5
2855,passports,5
2856,visibility,5
2857,produces,5
2858,supporting,5
2859,encouraged,5
2860,numberless,5
2861,precisely,5
2862,dramatically,5
2863,distinctions,5
2864,centuries,5
2865,impressed,5
2866,fed,5
2867,extensive,5
2868,served,5
2869,minority,5
2870,depth,5
2871,reaction,5
2872,shifted,5
2873,fighting,5
2874,consultant,5
2875,projects,5
2876,initiative,5
2877,desirable,5
2878,slowly,5
2879,continues,5
2880,illustrate,5
2881,regarded,5
2882,nowadays,5
2883,texts,5
2884,documented,5
2885,kill,5
2886,subjective,5
2887,referred,5
2888,recognized,5
2889,technique,5
2890,selected,5
2891,thinks,5
2892,apparently,5
2893,agents,5
2894,pile,5
2895,efficient,5
2896,motivating,5
2897,editing,5
2898,rejected,5
2899,respected,5
2900,luck,5
2901,quiet,5
2902,occur,5
2903,fundamental,5
2904,contribution,5
2905,noted,5
2906,puzzled,5
2907,reporting,5
2908,overweight,5
2909,fallen,5
2910,eaten,5
2911,duration,5
2912,kilograms,5
2913,duck,5
2914,droughts,5
2915,promptly,5
2916,behalf,5
2917,lay,5
2918,trait,5
2919,humble,5
2920,li,5
2921,realized,5
2922,myself,5
2923,merely,5
2924,stressed,5
2925,sleeping,5
2926,problematic,5
2927,backed,5
2928,desks,5
2929,convincing,5
2930,complexity,5
2931,gathering,5
2932,accomplish,5
2933,contest,5
2934,procedure,5
2935,cancer,5
2936,soup,5
2937,landing,5
2938,asian,5
2939,eager,5
2940,mere,5
2941,client,5
2942,shakespeare,5
2943,primarily,5
2944,son,5
2945,literature,5
2946,creatures,5
2947,routine,5
2948,andrea,5
2949,attraction,5
2950,reserved,5
2951,enjoyable,5
2952,affecting,5
2953,dictionary,5
2954,insurance,5
2955,updated,5
2956,lacks,5
2957,spread,5
2958,nationwide,5
2959,exposed,5
2960,assistant,5
2961,manhattan,5
2962,impacted,5
2963,prospective,5
2964,advancement,5
2965,filled,5
2966,disorder,5
2967,sites,5
2968,insisted,5
2969,cinema,5
2970,fits,5
2971,magazine,5
2972,pleasure,5
2973,separate,5
2974,norms,5
2975,intimacy,5
2976,belong,5
2977,cheek,5
2978,publicly,5
2979,concerning,5
2980,extend,5
2981,o'keefe,5
2982,disciplinary,5
2983,majors,5
2984,visual,5
2985,highway,5
2986,criminal,5
2987,lying,5
2988,childcare,5
2989,hometown,5
2990,grew,5
2991,india,5
2992,speaks,5
2993,memory,5
2994,organize,5
2995,ethics,5
2996,resulting,5
2997,reached,5
2998,teeth,5
2999,discomfort,5
3000,notice,5
3001,whereas,5
3002,solid,5
3003,thursday,5
3004,endless,5
3005,priority,5
3006,semester,5
3007,accommodate,5
3008,scheduled,5
3009,otherwise,5
3010,convenient,5
3011,arise,5
3012,conference,5
3013,reaching,5
3014,grocery,5
3015,flavor,5
3016,administration,5
3017,refer,5
3018,chemical,5
3019,perceive,5
3020,fraud,5
3021,victims,5
3022,tipton,5
3023,renting,5
3024,lie,5
3025,payments,5
3026,collaborate,5
3027,differs,5
3028,engagement,5
3029,advances,5
3030,gaining,5
3031,tastes,5
3032,delicious,5
3033,minerals,5
3034,impressions,5
3035,character,5
3036,bias,5
3037,competent,5
3038,bound,5
3039,incomes,5
3040,priorities,5
3041,rabbit,5
3042,kindergarten,5
3043,peace,5
3044,attracted,5
3045,columbia,5
3046,writes,5
3047,walked,5
3048,seeing,5
3049,classmates,5
3050,mentality,5
3051,consistent,5
3052,firms,5
3053,structures,5
3054,celebrating,5
3055,celebration,5
3056,dam,5
3057,promotion,5
3058,prefers,5
3059,breath,5
3060,ranging,5
3061,loan,5
3062,package,5
3063,opt,5
3064,mediterranean,5
3065,seasonal,5
3066,wine,5
3067,considerably,5
3068,anger,5
3069,greenland,5
3070,enjoys,5
3071,birthdays,5
3072,donations,5
3073,transport,5
3074,interior,5
3075,toys,5
3076,dads,5
3077,mums,5
3078,applies,5
3079,fight,5
3080,comparison,5
3081,steve,5
3082,pound,5
3083,cure,5
3084,farmed,5
3085,aquaculture,5
3086,beef,5
3087,existence,5
3088,planet,5
3089,teenage,5
3090,shocking,5
3091,guy,5
3092,informal,5
3093,educated,5
3094,autonomous,5
3095,elderly,5
3096,deeper,5
3097,mess,5
3098,recipes,5
3099,attitude,5
3100,stone,5
3101,grams,5
3102,seats,5
3103,waiting,5
3104,oldest,5
3105,distraction,5
3106,ordered,5
3107,doll,5
3108,mom,5
3109,coast,5
3110,mayor,5
3111,struck,5
3112,hyphenating,5
3113,legally,5
3114,achieved,5
3115,hyphenation,5
3116,supports,5
3117,officer,5
3118,protected,5
3119,athlete,5
3120,boom,5
3121,fresh,5
3122,siri,5
3123,dittoh,5
3124,mr,5
3125,wanting,5
3126,cloud,5
3127,robots,5
3128,automatically,5
3129,nowhere,5
3130,shut,5
3131,inspired,5
3132,basically,5
3133,highlight,5
3134,wave,5
3135,founded,5
3136,leader,5
3137,skilled,5
3138,deals,5
3139,admitted,5
3140,items,5
3141,wander,5
3142,calendar,5
3143,outdoors,5
3144,bones,5
3145,evening,5
3146,dancers,5
3147,imitate,5
3148,jumping,5
3149,safely,5
3150,dr,5
3151,collaboration,5
3152,organisations,5
3153,uncomfortable,5
3154,submissions,5
3155,edition,5
3156,zoos,5
3157,players,5
3158,communicative,5
3159,networking,5
3160,yields,5
3161,crop,5
3162,schlenker,5
3163,cocoa,5
3164,loud,5
3165,attributed,5
3166,compare,5
3167,kelly,5
3168,quarters,5
3169,organisation,5
3170,equality,5
3171,adjustments,5
3172,rival,5
3173,deliberate,5
3174,understood,5
3175,lucky,5
3176,characteristic,5
3177,title,5
3178,strive,5
3179,collapse,5
3180,festival,5
3181,war,5
3182,holds,5
3183,hourly,5
3184,loved,5
3185,puzzles,5
3186,incentive,5
3187,workout,5
3188,hershfield,5
3189,outcome,5
3190,robot,5
3191,modifications,5
3192,guarantee,5
3193,snowy,5
3194,closure,5
3195,absences,5
3196,packed,5
3197,fashions,5
3198,dressed,5
3199,influencing,5
3200,salaries,5
3201,functions,5
3202,suitable,5
3203,presented,5
3204,successfully,5
3205,southern,5
3206,agreed,5
3207,injuries,5
3208,sight,5
3209,cells,5
3210,plastics,5
3211,fuels,5
3212,additionally,5
3213,tax,5
3214,sugary,5
3215,independent,5
3216,vitamins,5
3217,dakota,5
3218,subway,5
3219,competitors,5
3220,sat,5
3221,curriculum,5
3222,sale,5
3223,mates,5
3224,mile,5
3225,ambassador,5
3226,helicopter,5
3227,unwanted,5
3228,switched,5
3229,meatless,5
3230,david,5
3231,fair,5
3232,airlines,5
3233,stretch,5
3234,ave,5
3235,cyclists,5
3236,pedestrian,5
3237,alzheimer,5
3238,instinct,5
3239,midcareer,5
3240,thanks,5
3241,hmm,5
3242,spacecraft,5
3243,um,5
3244,prickles,5
3245,kilometers,5
3246,commented,5
3247,sunshine,5
3248,handers,5
3249,kaios,5
3250,superhero,5
3251,hero,5
3252,mentioned,5
3253,wilbur,5
3254,dolphin,5
3255,listings,5
3256,tariq,5
3257,volunteering,5
3258,drawings,4
3259,contacted,4
3260,incident,4
3261,saves,4
3262,considerable,4
3263,spacious,4
3264,escaped,4
3265,sudden,4
3266,tank,4
3267,heated,4
3268,tasty,4
3269,jan,4
3270,adapted,4
3271,melt,4
3272,reflection,4
3273,protecting,4
3274,adapting,4
3275,literally,4
3276,shock,4
3277,refers,4
3278,psychologists,4
3279,unlikely,4
3280,friendships,4
3281,graders,4
3282,instability,4
3283,lifespan,4
3284,ties,4
3285,insight,4
3286,mindsets,4
3287,excluded,4
3288,investigating,4
3289,improvement,4
3290,losses,4
3291,enhanced,4
3292,combined,4
3293,patience,4
3294,olds,4
3295,enhancing,4
3296,basics,4
3297,stimulate,4
3298,worker,4
3299,frustrated,4
3300,desk,4
3301,relieve,4
3302,promised,4
3303,financially,4
3304,regulation,4
3305,zones,4
3306,conceal,4
3307,joy,4
3308,exists,4
3309,unaware,4
3310,isolated,4
3311,severely,4
3312,pushing,4
3313,tree,4
3314,bulk,4
3315,invention,4
3316,distinguish,4
3317,signal,4
3318,portion,4
3319,universal,4
3320,superior,4
3321,discrimination,4
3322,societies,4
3323,numerical,4
3324,none,4
3325,traditions,4
3326,infancy,4
3327,equipped,4
3328,refined,4
3329,distant,4
3330,fingers,4
3331,characteristics,4
3332,shocked,4
3333,scholar,4
3334,conclusions,4
3335,keeps,4
3336,coca,4
3337,cola,4
3338,battle,4
3339,released,4
3340,serve,4
3341,objective,4
3342,accumulate,4
3343,ultimate,4
3344,adaptability,4
3345,delivering,4
3346,clients,4
3347,platforms,4
3348,conduct,4
3349,emerging,4
3350,outstanding,4
3351,reform,4
3352,radical,4
3353,violent,4
3354,violence,4
3355,picking,4
3356,ratings,4
3357,click,4
3358,damn,4
3359,disasters,4
3360,genuine,4
3361,wins,4
3362,conflicting,4
3363,positions,4
3364,prospects,4
3365,border,4
3366,outperform,4
3367,establishment,4
3368,fatal,4
3369,professors,4
3370,bored,4
3371,unrealistic,4
3372,superficial,4
3373,genuinely,4
3374,obstacle,4
3375,originally,4
3376,suspicion,4
3377,proportion,4
3378,snacking,4
3379,recorded,4
3380,conswnption,4
3381,secret,4
3382,remind,4
3383,texas,4
3384,domestic,4
3385,complications,4
3386,popularity,4
3387,geese,4
3388,painted,4
3389,ignored,4
3390,percentage,4
3391,humility,4
3392,acknowledge,4
3393,unpaid,4
3394,housework,4
3395,overlooked,4
3396,sympathy,4
3397,apparent,4
3398,exhausting,4
3399,guilty,4
3400,fatigue,4
3401,physicians,4
3402,overwhelming,4
3403,colleague,4
3404,boss,4
3405,supportive,4
3406,unless,4
3407,advocates,4
3408,extended,4
3409,purposes,4
3410,compensation,4
3411,modest,4
3412,expense,4
3413,perfectly,4
3414,testing,4
3415,disaster,4
3416,failed,4
3417,curious,4
3418,lung,4
3419,injured,4
3420,questioned,4
3421,bars,4
3422,complaints,4
3423,exhausted,4
3424,treating,4
3425,behavioural,4
3426,extending,4
3427,slowing,4
3428,wait,4
3429,retired,4
3430,attended,4
3431,latin,4
3432,nevertheless,4
3433,arouse,4
3434,pirson,4
3435,everyday,4
3436,producer,4
3437,traveled,4
3438,sought,4
3439,relations,4
3440,listener,4
3441,requests,4
3442,impression,4
3443,entertainment,4
3444,considers,4
3445,recognise,4
3446,labelling,4
3447,pharmaceutical,4
3448,supported,4
3449,hug,4
3450,aims,4
3451,urgency,4
3452,collecting,4
3453,organizers,4
3454,collected,4
3455,doubt,4
3456,rose,4
3457,newspapers,4
3458,device,4
3459,sentences,4
3460,seniors,4
3461,touch,4
3462,classified,4
3463,friendship,4
3464,backgrounds,4
3465,established,4
3466,seekers,4
3467,adaptable,4
3468,divided,4
3469,library,4
3470,grandfather,4
3471,grandmother,4
3472,bears,4
3473,cape,4
3474,flat,4
3475,observing,4
3476,desired,4
3477,binding,4
3478,evolution,4
3479,regards,4
3480,mechanism,4
3481,layer,4
3482,sensitivity,4
3483,defense,4
3484,compatible,4
3485,page,4
3486,figuring,4
3487,hat,4
3488,doors,4
3489,copy,4
3490,direct,4
3491,mouth,4
3492,answered,4
3493,suggestions,4
3494,pizza,4
3495,generous,4
3496,lens,4
3497,laptop,4
3498,facilitate,4
3499,responding,4
3500,agencies,4
3501,settle,4
3502,breed,4
3503,arms,4
3504,appetite,4
3505,boosting,4
3506,holidays,4
3507,booked,4
3508,abta,4
3509,clever,4
3510,spain,4
3511,elsewhere,4
3512,availability,4
3513,keys,4
3514,detect,4
3515,traps,4
3516,block,4
3517,researching,4
3518,recognizing,4
3519,whom,4
3520,employ,4
3521,physically,4
3522,humanity,4
3523,balanced,4
3524,lorry,4
3525,witnessed,4
3526,routes,4
3527,throw,4
3528,barbecue,4
3529,honey,4
3530,encounter,4
3531,judge,4
3532,varies,4
3533,regulate,4
3534,assumed,4
3535,stands,4
3536,unhealthy,4
3537,talked,4
3538,genetics,4
3539,poverty,4
3540,ignoring,4
3541,exam,4
3542,classrooms,4
3543,attempts,4
3544,adopted,4
3545,supervision,4
3546,length,4
3547,finished,4
3548,destroyed,4
3549,trapped,4
3550,halt,4
3551,yoga,4
3552,deadline,4
3553,beijing,4
3554,submit,4
3555,aggressive,4
3556,interactive,4
3557,periods,4
3558,determining,4
3559,relative,4
3560,worries,4
3561,assured,4
3562,graduation,4
3563,unchanged,4
3564,regional,4
3565,components,4
3566,organic,4
3567,angry,4
3568,photographs,4
3569,judges,4
3570,baseline,4
3571,depressed,4
3572,pipe,4
3573,enrich,4
3574,pure,4
3575,landscape,4
3576,managing,4
3577,stage,4
3578,unwilling,4
3579,consumed,4
3580,remaining,4
3581,stocks,4
3582,sustain,4
3583,sums,4
3584,shrimp,4
3585,feeding,4
3586,nobel,4
3587,awarded,4
3588,programme,4
3589,shortages,4
3590,wealthy,4
3591,pull,4
3592,morally,4
3593,enjoyment,4
3594,controversial,4
3595,lecture,4
3596,monster,4
3597,insufficient,4
3598,explanations,4
3599,fourth,4
3600,controlled,4
3601,logic,4
3602,comfort,4
3603,ground,4
3604,everywhere,4
3605,nutrient,4
3606,nutritious,4
3607,costly,4
3608,inexpensive,4
3609,factory,4
3610,occasions,4
3611,cleaning,4
3612,mistakenly,4
3613,toy,4
3614,abandon,4
3615,jones,4
3616,accomplished,4
3617,ownership,4
3618,personally,4
3619,annoyed,4
3620,filling,4
3621,faith,4
3622,weaknesses,4
3623,practices,4
3624,joint,4
3625,asleep,4
3626,imaginative,4
3627,satisfied,4
3628,takers,4
3629,fabric,4
3630,apple,4
3631,cheap,4
3632,agricultural,4
3633,europe,4
3634,automatic,4
3635,interpret,4
3636,moves,4
3637,sam,4
3638,surfing,4
3639,detail,4
3640,occupied,4
3641,persistent,4
3642,reflected,4
3643,swimming,4
3644,pools,4
3645,hinders,4
3646,threaten,4
3647,burnout,4
3648,vanish,4
3649,misleading,4
3650,electricity,4
3651,specialist,4
3652,analyst,4
3653,agency,4
3654,ecclestone,4
3655,broadcasting,4
3656,tuesday,4
3657,launch,4
3658,broader,4
3659,glad,4
3660,racers,4
3661,distribution,4
3662,feared,4
3663,magic,4
3664,shoppers,4
3665,lessons,4
3666,welcomed,4
3667,lift,4
3668,breaks,4
3669,beat,4
3670,lunar,4
3671,february,4
3672,ending,4
3673,follows,4
3674,chan,4
3675,outlet,4
3676,networks,4
3677,interventions,4
3678,redesigned,4
3679,visible,4
3680,march,4
3681,ancestry,4
3682,flew,4
3683,deserted,4
3684,locals,4
3685,nephew,4
3686,excellent,4
3687,tennis,4
3688,retiring,4
3689,extinct,4
3690,wheat,4
3691,jarvis,4
3692,west,4
3693,installing,4
3694,launched,4
3695,devoted,4
3696,airfares,4
3697,trips,4
3698,exhibit,4
3699,reciprocity,4
3700,knows,4
3701,jeremy,4
3702,islands,4
3703,begun,4
3704,transactions,4
3705,bubble,4
3706,decreased,4
3707,limiting,4
3708,outcompete,4
3709,drives,4
3710,peril,4
3711,suffers,4
3712,frame,4
3713,capabilities,4
3714,judgment,4
3715,error,4
3716,lifelong,4
3717,strangers,4
3718,hurting,4
3719,switch,4
3720,beloved,4
3721,nearest,4
3722,excel,4
3723,relying,4
3724,criteria,4
3725,resolve,4
3726,episodes,4
3727,vegetarians,4
3728,closing,4
3729,snakes,4
3730,cycling,4
3731,tries,4
3732,economists,4
3733,risen,4
3734,earners,4
3735,terrified,4
3736,rats,4
3737,folks,4
3738,tricks,4
3739,imitating,4
3740,nervous,4
3741,justice,4
3742,signals,4
3743,register,4
3744,equivalent,4
3745,sponsored,4
3746,introduction,4
3747,film,4
3748,throwing,4
3749,deserve,4
3750,piece,4
3751,restrictions,4
3752,uniforms,4
3753,lacking,4
3754,budgeted,4
3755,calm,4
3756,score,4
3757,motor,4
3758,vocabulary,4
3759,lupu,4
3760,substitute,4
3761,fulfillment,4
3762,trees,4
3763,chips,4
3764,championships,4
3765,indoor,4
3766,enrollment,4
3767,campaigners,4
3768,killing,4
3769,bans,4
3770,fountains,4
3771,australian,4
3772,distress,4
3773,hey,4
3774,rows,4
3775,palace,4
3776,conditioning,4
3777,johnny,4
3778,noticeable,4
3779,endangered,4
3780,royal,4
3781,strategically,4
3782,fascinating,4
3783,catholic,4
3784,hourican,4
3785,bonus,4
3786,spring,4
3787,habitats,4
3788,sweet,4
3789,lawrence,4
3790,resolution,4
3791,suppliers,4
3792,producers,4
3793,removing,4
3794,cruise,4
3795,throughput,4
3796,bats,4
3797,swiss,4
3798,environments,4
3799,camp,4
3800,queens,4
3801,susan,4
3802,covid,4
3803,commute,4
3804,guesses,4
3805,obtained,4
3806,asmr,4
3807,films,4
3808,resume,4
3809,iceland,4
3810,flaw,4
3811,kirsteen,4
3812,gained,4
3813,celsius,4
3814,buddy,4
3815,monday,4
3816,discovered,4
3817,hello,4
3818,jog,4
3819,rugby,4
3820,bangalore,4
3821,palmdor,4
3822,electric,4
3823,honestly,4
3824,borders,4
3825,kawamura,4
3826,lag,4
3827,jax,4
3828,morera,4
3829,titled,3
3830,il,3
3831,yon,3
3832,hired,3
3833,clock,3
3834,paul,3
3835,guests,3
3836,discounts,3
3837,dish,3
3838,trusted,3
3839,miami,3
3840,convenience,3
3841,weekends,3
3842,dealer,3
3843,attacks,3
3844,strain,3
3845,bean,3
3846,pressurised,3
3847,float,3
3848,evenly,3
3849,distributed,3
3850,roasted,3
3851,abandoned,3
3852,idaho,3
3853,soar,3
3854,hair,3
3855,firefighters,3
3856,dramatic,3
3857,observations,3
3858,calculated,3
3859,avoided,3
3860,dependence,3
3861,broken,3
3862,transition,3
3863,forever,3
3864,academically,3
3865,investigated,3
3866,bullied,3
3867,laboratory,3
3868,vessels,3
3869,pumped,3
3870,sharp,3
3871,ooo,3
3872,stem,3
3873,fashioned,3
3874,tinker,3
3875,mathematical,3
3876,projector,3
3877,funds,3
3878,fault,3
3879,surge,3
3880,transformation,3
3881,reversed,3
3882,occurs,3
3883,substantial,3
3884,jt,3
3885,gps,3
3886,pledged,3
3887,shelters,3
3888,equipment,3
3889,invite,3
3890,injury,3
3891,donation,3
3892,dealing,3
3893,replacement,3
3894,packaging,3
3895,addictive,3
3896,uniform,3
3897,endure,3
3898,poses,3
3899,campaign,3
3900,lonely,3
3901,quarter,3
3902,sparked,3
3903,debating,3
3904,exclusively,3
3905,recall,3
3906,demonstrate,3
3907,surroundings,3
3908,dominated,3
3909,banks,3
3910,continually,3
3911,unsurprising,3
3912,letters,3
3913,ancestors,3
3914,realization,3
3915,manual,3
3916,seconds,3
3917,concepts,3
3918,verbal,3
3919,uncommon,3
3920,tremendous,3
3921,linguistic,3
3922,cross,3
3923,drawn,3
3924,aspect,3
3925,spotlight,3
3926,marion,3
3927,nestle,3
3928,associations,3
3929,runs,3
3930,counter,3
3931,honor,3
3932,cafes,3
3933,providers,3
3934,reinforces,3
3935,gig,3
3936,accumulated,3
3937,viewed,3
3938,delete,3
3939,apps,3
3940,jason,3
3941,nuclear,3
3942,announce,3
3943,fascinated,3
3944,expression,3
3945,qualifications,3
3946,chosen,3
3947,richer,3
3948,matthew,3
3949,awards,3
3950,tracked,3
3951,subsequent,3
3952,loser,3
3953,van,3
3954,de,3
3955,selecting,3
3956,selection,3
3957,completion,3
3958,daydream,3
3959,belonging,3
3960,fulfilled,3
3961,resolved,3
3962,ought,3
3963,posts,3
3964,vague,3
3965,description,3
3966,categories,3
3967,eats,3
3968,unnoticed,3
3969,destinations,3
3970,mistake,3
3971,charter,3
3972,weighs,3
3973,monitored,3
3974,deck,3
3975,wedding,3
3976,bushfires,3
3977,tackle,3
3978,handwriting,3
3979,foundations,3
3980,genius,3
3981,possess,3
3982,developer,3
3983,strike,3
3984,caring,3
3985,dismiss,3
3986,claiming,3
3987,fulfilling,3
3988,southeastern,3
3989,surface,3
3990,prime,3
3991,spoke,3
3992,duties,3
3993,dismissed,3
3994,labeled,3
3995,insights,3
3996,discovering,3
3997,undergo,3
3998,compensated,3
3999,realm,3
4000,speculation,3
4001,loyalty,3
4002,proven,3
4003,component,3
4004,motivates,3
4005,continued,3
4006,proficient,3
4007,undertake,3
4008,conjunction,3
4009,coughing,3
4010,surgical,3
4011,alice,3
4012,gray,3
4013,lovely,3
4014,fencing,3
4015,monitor,3
4016,sheep,3
4017,disappearance,3
4018,diamonds,3
4019,precious,3
4020,metal,3
4021,airplane,3
4022,crew,3
4023,inquire,3
4024,forgot,3
4025,issued,3
4026,reconsider,3
4027,download,3
4028,desires,3
4029,circulation,3
4030,struggled,3
4031,hill,3
4032,preserved,3
4033,copies,3
4034,designs,3
4035,commonly,3
4036,dramatist,3
4037,stratford,3
4038,church,3
4039,extensively,3
4040,emergence,3
4041,generated,3
4042,routines,3
4043,predictable,3
4044,unexpected,3
4045,headlines,3
4046,amusing,3
4047,michael,3
4048,spends,3
4049,visited,3
4050,viewers,3
4051,shy,3
4052,wilding,3
4053,biology,3
4054,chronic,3
4055,concludes,3
4056,healthcare,3
4057,shortage,3
4058,varieties,3
4059,reich,3
4060,shapiro,3
4061,resistance,3
4062,acknowledged,3
4063,elementary,3
4064,recruitment,3
4065,broadening,3
4066,pressured,3
4067,recruiting,3
4068,occasional,3
4069,screens,3
4070,grows,3
4071,assigned,3
4072,scores,3
4073,sophisticated,3
4074,solved,3
4075,connecting,3
4076,citizen,3
4077,schoolers,3
4078,wondered,3
4079,asia,3
4080,relational,3
4081,kissing,3
4082,restricted,3
4083,acquaintances,3
4084,arabian,3
4085,consent,3
4086,prompt,3
4087,customs,3
4088,boundaries,3
4089,combining,3
4090,computational,3
4091,drew,3
4092,chemistry,3
4093,integrated,3
4094,pressing,3
4095,disciplines,3
4096,suggestion,3
4097,artist,3
4098,settlers,3
4099,originated,3
4100,relief,3
4101,sessions,3
4102,messy,3
4103,arrange,3
4104,religion,3
4105,intentions,3
4106,violation,3
4107,corporations,3
4108,perspectives,3
4109,practicability,3
4110,contract,3
4111,seldom,3
4112,ensures,3
4113,worn,3
4114,tissue,3
4115,nerves,3
4116,implies,3
4117,satisfy,3
4118,valued,3
4119,clues,3
4120,insider,3
4121,salt,3
4122,hanging,3
4123,burning,3
4124,accepting,3
4125,applicant,3
4126,expectation,3
4127,seize,3
4128,enrolled,3
4129,amongst,3
4130,restructured,3
4131,absent,3
4132,constitutes,3
4133,incorrectly,3
4134,voices,3
4135,validity,3
4136,noisy,3
4137,disputes,3
4138,hinder,3
4139,debated,3
4140,enriching,3
4141,milk,3
4142,groceries,3
4143,warning,3
4144,seaside,3
4145,engines,3
4146,flag,3
4147,leaves,3
4148,founder,3
4149,giants,3
4150,peak,3
4151,o'shaughnessy,3
4152,advertise,3
4153,suspected,3
4154,reportedly,3
4155,misguided,3
4156,retention,3
4157,openness,3
4158,dilemma,3
4159,neutralize,3
4160,external,3
4161,explored,3
4162,budgets,3
4163,teaches,3
4164,harsh,3
4165,render,3
4166,immature,3
4167,rural,3
4168,cheeses,3
4169,recruited,3
4170,equally,3
4171,pose,3
4172,enthusiasm,3
4173,interviews,3
4174,dropped,3
4175,parenting,3
4176,dignity,3
4177,nonprofit,3
4178,exams,3
4179,aids,3
4180,undergraduate,3
4181,expectancy,3
4182,centered,3
4183,holding,3
4184,george,3
4185,flowers,3
4186,relieved,3
4187,jackets,3
4188,blessed,3
4189,dishonesty,3
4190,listed,3
4191,alert,3
4192,behaviours,3
4193,acts,3
4194,misuse,3
4195,procedures,3
4196,output,3
4197,minimal,3
4198,lights,3
4199,organizational,3
4200,maximize,3
4201,manner,3
4202,evaluate,3
4203,invited,3
4204,posed,3
4205,earthquakes,3
4206,except,3
4207,destination,3
4208,beaches,3
4209,registered,3
4210,entitled,3
4211,spinning,3
4212,cancel,3
4213,rent,3
4214,presentation,3
4215,receipts,3
4216,sweating,3
4217,sides,3
4218,coronary,3
4219,strokes,3
4220,questionnaires,3
4221,proved,3
4222,bathrooms,3
4223,anticipate,3
4224,packages,3
4225,chose,3
4226,advocate,3
4227,blindly,3
4228,grains,3
4229,olive,3
4230,nutritional,3
4231,cereal,3
4232,prevailing,3
4233,myriam,3
4234,finance,3
4235,displayed,3
4236,troubles,3
4237,band,3
4238,indifferent,3
4239,fuss,3
4240,deaf,3
4241,cupboards,3
4242,hang,3
4243,ceiling,3
4244,nelson,3
4245,superiors,3
4246,accounted,3
4247,tim,3
4248,retain,3
4249,authority,3
4250,pick,3
4251,threshold,3
4252,reminded,3
4253,marine,3
4254,oceans,3
4255,freshwater,3
4256,southeast,3
4257,disastrous,3
4258,continuously,3
4259,prosperity,3
4260,poorer,3
4261,rendered,3
4262,continuous,3
4263,pew,3
4264,rideout,3
4265,absorbed,3
4266,usage,3
4267,discussing,3
4268,destroying,3
4269,replacing,3
4270,comprehend,3
4271,murder,3
4272,deviates,3
4273,linking,3
4274,stimulates,3
4275,capability,3
4276,lectures,3
4277,tested,3
4278,inevitable,3
4279,phase,3
4280,bedrooms,3
4281,wind,3
4282,shifting,3
4283,disappointed,3
4284,revolutionary,3
4285,economically,3
4286,volcanic,3
4287,burying,3
4288,processing,3
4289,theatres,3
4290,brother,3
4291,wash,3
4292,windows,3
4293,canceled,3
4294,ashore,3
4295,delight,3
4296,maiden,3
4297,hopefully,3
4298,partially,3
4299,professionally,3
4300,sorts,3
4301,bradberry,3
4302,answering,3
4303,partnership,3
4304,profit,3
4305,ryan,3
4306,obtaining,3
4307,barriers,3
4308,moocs,3
4309,consequence,3
4310,benefited,3
4311,forum,3
4312,neighbors,3
4313,accused,3
4314,violating,3
4315,resembling,3
4316,martian,3
4317,goto,3
4318,covered,3
4319,burdened,3
4320,stock,3
4321,strict,3
4322,longest,3
4323,digitally,3
4324,regulations,3
4325,rents,3
4326,bosses,3
4327,laziness,3
4328,shirt,3
4329,geographic,3
4330,typing,3
4331,predictions,3
4332,clint,3
4333,lee,3
4334,edit,3
4335,intimate,3
4336,completing,3
4337,determinedly,3
4338,emerges,3
4339,recover,3
4340,lesson,3
4341,unnecessary,3
4342,staffers,3
4343,scream,3
4344,morocco,3
4345,east,3
4346,insist,3
4347,grab,3
4348,sporting,3
4349,acquired,3
4350,fierce,3
4351,renovate,3
4352,audiences,3
4353,nascar,3
4354,monaco,3
4355,italy,3
4356,fold,3
4357,negotiating,3
4358,virtual,3
4359,viewing,3
4360,evolve,3
4361,cite,3
4362,cup,3
4363,mainstream,3
4364,translated,3
4365,smells,3
4366,giant,3
4367,layout,3
4368,implemented,3
4369,summers,3
4370,june,3
4371,identical,3
4372,approved,3
4373,lions,3
4374,studio,3
4375,masks,3
4376,drum,3
4377,fong,3
4378,performs,3
4379,chinatown,3
4380,requirement,3
4381,scared,3
4382,creature,3
4383,guided,3
4384,borrowed,3
4385,extraordinary,3
4386,frightening,3
4387,descriptions,3
4388,divorce,3
4389,scary,3
4390,brothers,3
4391,airplanes,3
4392,practically,3
4393,natives,3
4394,ankle,3
4395,planners,3
4396,hates,3
4397,investing,3
4398,anticipated,3
4399,judged,3
4400,racial,3
4401,therapy,3
4402,staples,3
4403,crossing,3
4404,hits,3
4405,central,3
4406,storage,3
4407,knee,3
4408,busyness,3
4409,tickets,3
4410,divide,3
4411,pages,3
4412,receptionist,3
4413,fond,3
4414,everybody,3
4415,sandwiches,3
4416,photo,3
4417,stairs,3
4418,opponent,3
4419,acquaintance,3
4420,casually,3
4421,harrington,3
4422,caregiving,3
4423,demonstrated,3
4424,illegally,3
4425,legislation,3
4426,ruin,3
4427,refraining,3
4428,multitasker,3
4429,coin,3
4430,fitness,3
4431,network,3
4432,discourage,3
4433,texting,3
4434,ton,3
4435,settings,3
4436,traces,3
4437,essays,3
4438,sample,3
4439,false,3
4440,historically,3
4441,successive,3
4442,shortly,3
4443,myth,3
4444,likelihood,3
4445,resource,3
4446,reduces,3
4447,forces,3
4448,apartments,3
4449,smoke,3
4450,cloning,3
4451,reviewing,3
4452,hall,3
4453,vendors,3
4454,campers,3
4455,lifestyles,3
4456,anaerobic,3
4457,burn,3
4458,lifting,3
4459,clearer,3
4460,notified,3
4461,benjamin,3
4462,socializing,3
4463,inequality,3
4464,prevented,3
4465,longing,3
4466,height,3
4467,route,3
4468,genetically,3
4469,worrying,3
4470,wishing,3
4471,squeezed,3
4472,threatened,3
4473,pedestrians,3
4474,chores,3
4475,deposit,3
4476,pension,3
4477,drawing,3
4478,abstraction,3
4479,attaining,3
4480,unsurprisingly,3
4481,convince,3
4482,visually,3
4483,gratification,3
4484,delayed,3
4485,persistence,3
4486,enabled,3
4487,sticking,3
4488,associating,3
4489,reap,3
4490,threatening,3
4491,consequently,3
4492,escape,3
4493,benefiting,3
4494,buses,3
4495,theme,3
4496,carolina,3
4497,indiana,3
4498,supporters,3
4499,tom,3
4500,wilson,3
4501,adam,3
4502,depriving,3
4503,codes,3
4504,thesis,3
4505,underlying,3
4506,targets,3
4507,simplest,3
4508,girls,3
4509,evolved,3
4510,spare,3
4511,alongside,3
4512,pursuing,3
4513,cycles,3
4514,bombs,3
4515,explosions,3
4516,military,3
4517,rail,3
4518,favorable,3
4519,participation,3
4520,begins,3
4521,postings,3
4522,format,3
4523,morrison,3
4524,died,3
4525,masterpieces,3
4526,weaken,3
4527,lechner,3
4528,ruiz,3
4529,castro,3
4530,assumptions,3
4531,alternatives,3
4532,mit,3
4533,redesign,3
4534,weakening,3
4535,weigh,3
4536,songs,3
4537,gardens,3
4538,producing,3
4539,planting,3
4540,responded,3
4541,ugly,3
4542,urban,3
4543,taker,3
4544,crane,3
4545,badminton,3
4546,reused,3
4547,packet,3
4548,frequencies,3
4549,auditory,3
4550,kanold,3
4551,litre,3
4552,cleverly,3
4553,chetan,3
4554,soda,3
4555,reusable,3
4556,judging,3
4557,shipping,3
4558,finances,3
4559,cooler,3
4560,mountainous,3
4561,modify,3
4562,drier,3
4563,warmer,3
4564,tougher,3
4565,executives,3
4566,intention,3
4567,motion,3
4568,contributions,3
4569,proof,3
4570,buyers,3
4571,represent,3
4572,seller,3
4573,retail,3
4574,stole,3
4575,incentivize,3
4576,regulatory,3
4577,remembered,3
4578,fascination,3
4579,attributes,3
4580,federation,3
4581,catching,3
4582,finchley,3
4583,entry,3
4584,attracts,3
4585,ritman,3
4586,wallet,3
4587,subjects,3
4588,survival,3
4589,fragmentation,3
4590,sillero,3
4591,shed,3
4592,release,3
4593,counts,3
4594,perfection,3
4595,lets,3
4596,atlanta,3
4597,loyal,3
4598,indoors,3
4599,worthwhile,3
4600,entertained,3
4601,symbolic,3
4602,juicing,3
4603,insulin,3
4604,substances,3
4605,surplus,3
4606,anytime,3
4607,orchestras,3
4608,frustrating,3
4609,adaptive,3
4610,sensors,3
4611,souls,3
4612,burger,3
4613,bite,3
4614,imitation,3
4615,reunited,3
4616,manufacturer,3
4617,gloomy,3
4618,headteacher,3
4619,scattered,3
4620,henry,3
4621,treatments,3
4622,abraham,3
4623,mature,3
4624,celebrated,3
4625,piano,3
4626,instructors,3
4627,instructor,3
4628,confirms,3
4629,diagnoses,3
4630,eve,3
4631,links,3
4632,exploits,3
4633,afterwards,3
4634,ok,3
4635,ageism,3
4636,retraining,3
4637,daniel,3
4638,row,3
4639,grateful,3
4640,dad,3
4641,deer,3
4642,switzerland,3
4643,dry,3
4644,western,3
4645,indian,3
4646,cry,3
4647,runners,3
4648,constructed,3
4649,criticism,3
4650,signed,3
4651,taxi,3
4652,dams,3
4653,melted,3
4654,melting,3
4655,discovery,3
4656,apartment,3
4657,miller,3
4658,capture,3
4659,karen,3
4660,cube,3
4661,three,3
4662,reporters,3
4663,nights,3
4664,bins,3
4665,embarrassed,3
4666,potentially,3
4667,alan,3
4668,walter,3
4669,dan,3
4670,pendry,3
4671,males,3
4672,sizes,3
4673,tents,3
4674,dychtwald,3
4675,cares,3
4676,projected,3
4677,hydrogen,3
4678,goodman,3
4679,girlfriend,3
4680,egypt,3
4681,tavern,3
4682,harris,3
4683,mexico,3
4684,workbook,2
4685,decorate,2
4686,supervise,2
4687,donates,2
4688,killed,2
4689,hunted,2
4690,explorers,2
4691,chain,2
4692,eagles,2
4693,burned,2
4694,oven,2
4695,branch,2
4696,collaborated,2
4697,iditarod,2
4698,trail,2
4699,contestants,2
4700,newton,2
4701,alaska,2
4702,desert,2
4703,ant,2
4704,nests,2
4705,brutal,2
4706,joined,2
4707,tracking,2
4708,digging,2
4709,microscope,2
4710,willot,2
4711,knife,2
4712,reflective,2
4713,crawling,2
4714,hunt,2
4715,thirds,2
4716,coursework,2
4717,hopelessness,2
4718,failing,2
4719,policymakers,2
4720,lifetime,2
4721,earnings,2
4722,signaling,2
4723,striking,2
4724,riding,2
4725,yielded,2
4726,referring,2
4727,biological,2
4728,dropping,2
4729,solely,2
4730,worsening,2
4731,hopeless,2
4732,smartness,2
4733,contracted,2
4734,experiencing,2
4735,decisive,2
4736,sibm,2
4737,proving,2
4738,builders,2
4739,optimism,2
4740,blocks,2
4741,geometry,2
4742,secondly,2
4743,foster,2
4744,handy,2
4745,blending,2
4746,stimulating,2
4747,familiarizing,2
4748,ss,2
4749,tolerate,2
4750,reliant,2
4751,dissatisfaction,2
4752,deteriorating,2
4753,existent,2
4754,swells,2
4755,repetitive,2
4756,efficiencies,2
4757,exert,2
4758,crashes,2
4759,envied,2
4760,implementing,2
4761,lazy,2
4762,pope,2
4763,ambulance,2
4764,nicola,2
4765,sturgeon,2
4766,transforming,2
4767,emission,2
4768,overpopulated,2
4769,yen,2
4770,unsure,2
4771,apology,2
4772,parked,2
4773,whenever,2
4774,wherever,2
4775,classify,2
4776,brown,2
4777,barran,2
4778,strained,2
4779,song,2
4780,splitting,2
4781,hunter,2
4782,amazonia,2
4783,branches,2
4784,historical,2
4785,representing,2
4786,utilize,2
4787,reshaped,2
4788,piraha,2
4789,stressing,2
4790,outsiders,2
4791,acquiring,2
4792,mammals,2
4793,refine,2
4794,unnatural,2
4795,fingertips,2
4796,decimal,2
4797,tongue,2
4798,proto,2
4799,decimally,2
4800,oriented,2
4801,represented,2
4802,inclination,2
4803,indirect,2
4804,upright,2
4805,yield,2
4806,nonexistent,2
4807,culturally,2
4808,depths,2
4809,emphasizes,2
4810,mankind,2
4811,inborn,2
4812,grasp,2
4813,squarely,2
4814,welch,2
4815,grape,2
4816,liebman,2
4817,pro,2
4818,doubtful,2
4819,irrelevant,2
4820,ladder,2
4821,consulting,2
4822,artists,2
4823,writers,2
4824,rewarded,2
4825,enterprises,2
4826,fuller,2
4827,terminal,2
4828,sends,2
4829,provider,2
4830,closest,2
4831,routinely,2
4832,shining,2
4833,misses,2
4834,merit,2
4835,biomedical,2
4836,narrowly,2
4837,barabasi,2
4838,penalty,2
4839,communications,2
4840,northwestern,2
4841,sociologist,2
4842,comparable,2
4843,weakest,2
4844,winner,2
4845,rijt,2
4846,distribute,2
4847,riches,2
4848,taxpayers,2
4849,dividing,2
4850,recalled,2
4851,submitted,2
4852,version,2
4853,preparation,2
4854,contradictory,2
4855,minor,2
4856,trendy,2
4857,tedious,2
4858,impressive,2
4859,valid,2
4860,facilitates,2
4861,count,2
4862,relate,2
4863,devote,2
4864,handful,2
4865,deception,2
4866,final,2
4867,conveyed,2
4868,accurately,2
4869,recalling,2
4870,fattening,2
4871,orientation,2
4872,checkup,2
4873,smooth,2
4874,sue,2
4875,tygielski,2
4876,frequented,2
4877,weds,2
4878,anniversary,2
4879,declined,2
4880,repainted,2
4881,oversee,2
4882,hardest,2
4883,impractical,2
4884,inconsistent,2
4885,unmanageable,2
4886,unfair,2
4887,punish,2
4888,deficiencies,2
4889,denying,2
4890,strengths,2
4891,shortcomings,2
4892,deny,2
4893,asset,2
4894,initiate,2
4895,thoroughly,2
4896,san,2
4897,francisco,2
4898,sleeplessness,2
4899,complain,2
4900,sum,2
4901,underlines,2
4902,erin,2
4903,prevalence,2
4904,disorders,2
4905,pressures,2
4906,scope,2
4907,assumption,2
4908,preventing,2
4909,acting,2
4910,forcing,2
4911,wholly,2
4912,invisible,2
4913,circumstantial,2
4914,enduring,2
4915,overworked,2
4916,extends,2
4917,disturbed,2
4918,die,2
4919,wellness,2
4920,broad,2
4921,disrespectful,2
4922,ideally,2
4923,triple,2
4924,dedicated,2
4925,maintained,2
4926,montreal,2
4927,calculations,2
4928,absorbing,2
4929,lively,2
4930,sooner,2
4931,temporary,2
4932,thirst,2
4933,covers,2
4934,crawlers,2
4935,inuit,2
4936,arctic,2
4937,climates,2
4938,landscapes,2
4939,destined,2
4940,damages,2
4941,goldmine,2
4942,cooperate,2
4943,locate,2
4944,regulating,2
4945,blueprints,2
4946,timber,2
4947,brick,2
4948,poet,2
4949,customary,2
4950,twins,2
4951,separated,2
4952,outlined,2
4953,planned,2
4954,brighten,2
4955,tactics,2
4956,conversationalist,2
4957,expertise,2
4958,hagy,2
4959,instruction,2
4960,persistently,2
4961,protective,2
4962,veteran,2
4963,morrissey,2
4964,individuality,2
4965,signature,2
4966,fountain,2
4967,parties,2
4968,sided,2
4969,disclose,2
4970,sparkling,2
4971,relatable,2
4972,storytelling,2
4973,bore,2
4974,meets,2
4975,induced,2
4976,pointing,2
4977,physician,2
4978,harmless,2
4979,forming,2
4980,mindi,2
4981,paths,2
4982,targeting,2
4983,comment,2
4984,persuading,2
4985,participated,2
4986,sheets,2
4987,sweat,2
4988,killer,2
4989,unpleasant,2
4990,fundamentally,2
4991,doubled,2
4992,scholars,2
4993,trends,2
4994,disturbing,2
4995,magazines,2
4996,lowest,2
4997,comprehending,2
4998,latter,2
4999,fiction,2
5000,youngsters,2
5001,nonverbal,2
5002,haptics,2
5003,persons,2
5004,tactile,2
5005,offensive,2
5006,communicators,2
5007,preference,2
5008,dynamic,2
5009,spark,2
5010,cultivated,2
5011,integrative,2
5012,instructed,2
5013,analyzing,2
5014,pointed,2
5015,devise,2
5016,varied,2
5017,profound,2
5018,witnessing,2
5019,innovations,2
5020,walks,2
5021,originals,2
5022,motionless,2
5023,freezing,2
5024,unconscious,2
5025,zealand,2
5026,worksheets,2
5027,workload,2
5028,folder,2
5029,disorganized,2
5030,interpreted,2
5031,code,2
5032,misunderstanding,2
5033,assumes,2
5034,undesirable,2
5035,fails,2
5036,diversified,2
5037,doubts,2
5038,appropriately,2
5039,honored,2
5040,memos,2
5041,spite,2
5042,layers,2
5043,swallow,2
5044,triggered,2
5045,preferred,2
5046,watchers,2
5047,evaluating,2
5048,luckily,2
5049,familiarize,2
5050,costume,2
5051,launches,2
5052,linkedin,2
5053,armed,2
5054,stare,2
5055,interviewer,2
5056,trap,2
5057,slim,2
5058,recipe,2
5059,popularized,2
5060,advertised,2
5061,fulfil,2
5062,inconvenient,2
5063,acquisition,2
5064,halls,2
5065,observe,2
5066,discussed,2
5067,disagreement,2
5068,misplaced,2
5069,restraints,2
5070,transparent,2
5071,formulate,2
5072,restrain,2
5073,ingredients,2
5074,trained,2
5075,chemicals,2
5076,fda,2
5077,farmer,2
5078,extracted,2
5079,coastal,2
5080,disappeared,2
5081,sounding,2
5082,legitimate,2
5083,amateur,2
5084,phrases,2
5085,trustworthy,2
5086,colored,2
5087,neate,2
5088,maps,2
5089,theirs,2
5090,russia,2
5091,threats,2
5092,nick,2
5093,cooper,2
5094,comparing,2
5095,emailed,2
5096,googled,2
5097,admits,2
5098,cautious,2
5099,steal,2
5100,kills,2
5101,positively,2
5102,improves,2
5103,temptation,2
5104,overnight,2
5105,jobless,2
5106,revolutionize,2
5107,cater,2
5108,clinic,2
5109,drunk,2
5110,turkeys,2
5111,trailer,2
5112,superstars,2
5113,hurry,2
5114,slices,2
5115,distracted,2
5116,generates,2
5117,garbage,2
5118,radiation,2
5119,accelerates,2
5120,formation,2
5121,excitement,2
5122,cared,2
5123,prioritized,2
5124,missions,2
5125,workplaces,2
5126,ranked,2
5127,moments,2
5128,weekly,2
5129,comforting,2
5130,majoring,2
5131,earn,2
5132,literate,2
5133,possessions,2
5134,gifted,2
5135,singular,2
5136,newcomer,2
5137,amid,2
5138,medicaid,2
5139,crowd,2
5140,fixes,2
5141,hospitals,2
5142,neighborhoods,2
5143,abuse,2
5144,storm,2
5145,overhead,2
5146,wastes,2
5147,praise,2
5148,engel,2
5149,distinguishes,2
5150,literary,2
5151,josephson,2
5152,formulas,2
5153,crimes,2
5154,anti,2
5155,innocent,2
5156,guilt,2
5157,curb,2
5158,supervisors,2
5159,rank,2
5160,bundle,2
5161,assessing,2
5162,urging,2
5163,unconventional,2
5164,graduates,2
5165,organizer,2
5166,invitation,2
5167,collapsed,2
5168,gases,2
5169,miners,2
5170,beds,2
5171,sixth,2
5172,unspoiled,2
5173,architecture,2
5174,coaches,2
5175,wise,2
5176,registration,2
5177,investments,2
5178,amsterdam,2
5179,earl,2
5180,map,2
5181,dating,2
5182,reactions,2
5183,protects,2
5184,bacteria,2
5185,paced,2
5186,tied,2
5187,stroke,2
5188,observational,2
5189,boasts,2
5190,scholarships,2
5191,exception,2
5192,gate,2
5193,thankfully,2
5194,billed,2
5195,admission,2
5196,charges,2
5197,depressing,2
5198,rises,2
5199,voted,2
5200,vote,2
5201,scheme,2
5202,desperately,2
5203,receives,2
5204,embarrassing,2
5205,inquiries,2
5206,cards,2
5207,portions,2
5208,locally,2
5209,nordic,2
5210,okinawan,2
5211,dose,2
5212,bearer,2
5213,relation,2
5214,stresses,2
5215,manipulated,2
5216,melts,2
5217,usual,2
5218,lasted,2
5219,finder,2
5220,echo,2
5221,fairly,2
5222,anxieties,2
5223,saved,2
5224,jogging,2
5225,interpreter,2
5226,mistaken,2
5227,colours,2
5228,fashionable,2
5229,frames,2
5230,frameworks,2
5231,describing,2
5232,parenthood,2
5233,depressive,2
5234,philosophy,2
5235,reply,2
5236,collaborating,2
5237,element,2
5238,considerations,2
5239,quote,2
5240,peter,2
5241,efficiently,2
5242,aquatic,2
5243,plate,2
5244,bullet,2
5245,reminds,2
5246,somebody,2
5247,coordinator,2
5248,nationally,2
5249,undernourishment,2
5250,repayment,2
5251,poorest,2
5252,misery,2
5253,starvation,2
5254,ensured,2
5255,occurring,2
5256,representative,2
5257,label,2
5258,scooby,2
5259,cartoons,2
5260,gang,2
5261,neighborhood,2
5262,monsters,2
5263,deviating,2
5264,heroes,2
5265,expose,2
5266,poison,2
5267,unethically,2
5268,controlling,2
5269,matrixes,2
5270,unrelated,2
5271,bowl,2
5272,deviant,2
5273,box,2
5274,flexibly,2
5275,liar,2
5276,philip,2
5277,zimbardo,2
5278,stanford,2
5279,heroism,2
5280,outliers,2
5281,abnormal,2
5282,conform,2
5283,illegal,2
5284,garden,2
5285,patch,2
5286,encourages,2
5287,speaker,2
5288,residences,2
5289,truck,2
5290,wheelchairs,2
5291,disruption,2
5292,acted,2
5293,indication,2
5294,insecurity,2
5295,strongest,2
5296,determinant,2
5297,seminar,2
5298,capturing,2
5299,pumping,2
5300,seasons,2
5301,hats,2
5302,incorporates,2
5303,pens,2
5304,purple,2
5305,constructive,2
5306,dreamed,2
5307,unusually,2
5308,intense,2
5309,colorful,2
5310,congratulations,2
5311,understands,2
5312,earned,2
5313,respecting,2
5314,hyphenated,2
5315,remembering,2
5316,reads,2
5317,adopts,2
5318,brightest,2
5319,president,2
5320,silly,2
5321,graciously,2
5322,overachieving,2
5323,irrational,2
5324,ignorance,2
5325,catalog,2
5326,obtain,2
5327,migrant,2
5328,intensifies,2
5329,press,2
5330,certificate,2
5331,afterward,2
5332,lovers,2
5333,rat,2
5334,astronauts,2
5335,dune,2
5336,alpha,2
5337,houston,2
5338,potatoes,2
5339,apologized,2
5340,miu,2
5341,softball,2
5342,medalist,2
5343,committee,2
5344,treasures,2
5345,stickers,2
5346,induces,2
5347,overuse,2
5348,cartoon,2
5349,singer,2
5350,sensible,2
5351,impose,2
5352,battery,2
5353,touchscreen,2
5354,keypad,2
5355,mass,2
5356,rapid,2
5357,petroleum,2
5358,pointless,2
5359,liters,2
5360,blowing,2
5361,globe,2
5362,abundant,2
5363,chatting,2
5364,denied,2
5365,francis,2
5366,meteo,2
5367,tamale,2
5368,ghana,2
5369,rain,2
5370,seeds,2
5371,converts,2
5372,praised,2
5373,commands,2
5374,proper,2
5375,tone,2
5376,liberties,2
5377,dictate,2
5378,surf,2
5379,wheel,2
5380,inadequate,2
5381,recreation,2
5382,swim,2
5383,purchased,2
5384,recovery,2
5385,bitten,2
5386,toilet,2
5387,dresses,2
5388,posting,2
5389,garment,2
5390,weaving,2
5391,pricey,2
5392,superstar,2
5393,solidify,2
5394,recite,2
5395,listeners,2
5396,installment,2
5397,generate,2
5398,imports,2
5399,arab,2
5400,taylor,2
5401,dictator,2
5402,liberty,2
5403,elements,2
5404,tracks,2
5405,remotely,2
5406,broadcast,2
5407,bloom,2
5408,framing,2
5409,lasting,2
5410,indicated,2
5411,competitions,2
5412,advisor,2
5413,investment,2
5414,patrick,2
5415,anymore,2
5416,tight,2
5417,harbor,2
5418,motorbike,2
5419,commerce,2
5420,gather,2
5421,kullen,2
5422,chickens,2
5423,clouds,2
5424,imitated,2
5425,fordist,2
5426,revolution,2
5427,maryland,2
5428,tempted,2
5429,random,2
5430,goods,2
5431,slide,2
5432,detached,2
5433,bonds,2
5434,neglect,2
5435,administered,2
5436,sections,2
5437,repeated,2
5438,density,2
5439,electronics,2
5440,accompany,2
5441,clearing,2
5442,reaping,2
5443,root,2
5444,canal,2
5445,circle,2
5446,celebrations,2
5447,comprise,2
5448,parade,2
5449,beating,2
5450,beast,2
5451,firecrackers,2
5452,versions,2
5453,rooster,2
5454,teng,2
5455,collections,2
5456,shoulders,2
5457,shake,2
5458,ears,2
5459,inspect,2
5460,ship,2
5461,exchange,2
5462,waist,2
5463,ceilings,2
5464,legacy,2
5465,pride,2
5466,serves,2
5467,origin,2
5468,elders,2
5469,organisational,2
5470,nuisance,2
5471,revealing,2
5472,formed,2
5473,relocated,2
5474,vulnerability,2
5475,implicitly,2
5476,disclosure,2
5477,propose,2
5478,strengthening,2
5479,caution,2
5480,collective,2
5481,annoying,2
5482,deem,2
5483,guiding,2
5484,richest,2
5485,acute,2
5486,november,2
5487,deprivation,2
5488,weakness,2
5489,ill,2
5490,pulling,2
5491,ashamed,2
5492,steady,2
5493,ethnic,2
5494,resembles,2
5495,adoption,2
5496,refused,2
5497,kilometer,2
5498,deed,2
5499,unfit,2
5500,cages,2
5501,postponing,2
5502,foresee,2
5503,reaches,2
5504,counsel,2
5505,arbitrarily,2
5506,opposing,2
5507,outsider,2
5508,candy,2
5509,sectors,2
5510,forge,2
5511,longevity,2
5512,foodstuffs,2
5513,probability,2
5514,resurrection,2
5515,farrant,2
5516,fortunately,2
5517,cease,2
5518,corner,2
5519,statistical,2
5520,soybeans,2
5521,soil,2
5522,declines,2
5523,expansion,2
5524,drought,2
5525,confined,2
5526,commodity,2
5527,rice,2
5528,indirectly,2
5529,blow,2
5530,breeding,2
5531,tolerant,2
5532,diversification,2
5533,interestingly,2
5534,mobility,2
5535,generator,2
5536,satisfying,2
5537,airfare,2
5538,inclined,2
5539,avoidance,2
5540,unfairly,2
5541,variable,2
5542,airline,2
5543,multinational,2
5544,existed,2
5545,skeletons,2
5546,hardens,2
5547,visits,2
5548,diner,2
5549,sandwich,2
5550,camden,2
5551,brigette,2
5552,clark,2
5553,waitress,2
5554,boat,2
5555,negotiators,2
5556,renders,2
5557,stranger,2
5558,inches,2
5559,hobbies,2
5560,faculty,2
5561,interfere,2
5562,scratch,2
5563,shaped,2
5564,boston,2
5565,jpmorgan,2
5566,fraction,2
5567,percentages,2
5568,ceos,2
5569,historic,2
5570,settlement,2
5571,allegedly,2
5572,objection,2
5573,willingness,2
5574,intently,2
5575,outperforming,2
5576,integrity,2
5577,eagerness,2
5578,impulsive,2
5579,insensible,2
5580,analyses,2
5581,inducing,2
5582,endanger,2
5583,resort,2
5584,successes,2
5585,achievable,2
5586,handling,2
5587,fluid,2
5588,favour,2
5589,quicker,2
5590,concentration,2
5591,span,2
5592,illness,2
5593,puzzle,2
5594,supposedly,2
5595,videogames,2
5596,provoke,2
5597,radio,2
5598,lenhart,2
5599,rebecca,2
5600,eynon,2
5601,oxford,2
5602,photograph,2
5603,instagram,2
5604,drama,2
5605,overly,2
5606,virtually,2
5607,naomi,2
5608,boosted,2
5609,cable,2
5610,dangers,2
5611,eu,2
5612,horses,2
5613,trainer,2
5614,ginger,2
5615,trainers,2
5616,steeplechases,2
5617,firsts,2
5618,grace,2
5619,charm,2
5620,leagues,2
5621,headed,2
5622,racecourse,2
5623,owed,2
5624,acknowledges,2
5625,definitive,2
5626,constraints,2
5627,instances,2
5628,trusting,2
5629,alarm,2
5630,flames,2
5631,businessmen,2
5632,lesser,2
5633,feasibility,2
5634,coworker,2
5635,organisers,2
5636,campsites,2
5637,wilderness,2
5638,mythical,2
5639,resemble,2
5640,alarmingly,2
5641,infection,2
5642,astonishing,2
5643,defines,2
5644,aerobic,2
5645,weights,2
5646,appeals,2
5647,prediction,2
5648,median,2
5649,darker,2
5650,reaped,2
5651,lao,2
5652,zi,2
5653,prisoner,2
5654,unproductive,2
5655,abandonment,2
5656,validation,2
5657,regret,2
5658,peoples,2
5659,desperate,2
5660,workings,2
5661,geoffrey,2
5662,raisman,2
5663,pathways,2
5664,durability,2
5665,refresh,2
5666,desiring,2
5667,enhances,2
5668,takeoff,2
5669,crazy,2
5670,automobiles,2
5671,openly,2
5672,citing,2
5673,bestseller,2
5674,proposals,2
5675,remedies,2
5676,complaining,2
5677,inability,2
5678,repeatedly,2
5679,instrumental,2
5680,relied,2
5681,visualize,2
5682,communicating,2
5683,logically,2
5684,comfortably,2
5685,scanned,2
5686,funny,2
5687,arises,2
5688,versus,2
5689,namely,2
5690,inaction,2
5691,procrastination,2
5692,disconnect,2
5693,woolley,2
5694,directed,2
5695,persist,2
5696,determination,2
5697,muscle,2
5698,mastered,2
5699,sponsorship,2
5700,pockets,2
5701,collectors,2
5702,biases,2
5703,favoring,2
5704,safeguards,2
5705,corrected,2
5706,supervised,2
5707,intensive,2
5708,minimize,2
5709,contradicts,2
5710,disruptions,2
5711,flooding,2
5712,arrives,2
5713,operate,2
5714,officially,2
5715,loaded,2
5716,rolled,2
5717,closures,2
5718,september,2
5719,superintendent,2
5720,resisting,2
5721,roth,2
5722,blizzard,2
5723,attainment,2
5724,tackling,2
5725,dfe,2
5726,arguing,2
5727,authorised,2
5728,disengagement,2
5729,owing,2
5730,nobility,2
5731,fabrics,2
5732,ornaments,2
5733,reader,2
5734,humor,2
5735,intellectual,2
5736,deliberation,2
5737,imposed,2
5738,intolerable,2
5739,presenting,2
5740,persuasive,2
5741,proclamation,2
5742,significance,2
5743,claps,2
5744,wasteful,2
5745,regrets,2
5746,lies,2
5747,minimum,2
5748,companions,2
5749,appeared,2
5750,meanings,2
5751,unit,2
5752,analysed,2
5753,attain,2
5754,encouraging,2
5755,pursuit,2
5756,moen,2
5757,split,2
5758,explicitly,2
5759,craziness,2
5760,unsuccessful,2
5761,adjusted,2
5762,wood,2
5763,parliament,2
5764,sustainably,2
5765,faced,2
5766,footing,2
5767,dominance,2
5768,discouraged,2
5769,coldest,2
5770,wandering,2
5771,jungle,2
5772,impulse,2
5773,burgers,2
5774,soccer,2
5775,scholarship,2
5776,odds,2
5777,burns,2
5778,burnt,2
5779,expendable,2
5780,ozone,2
5781,aloud,2
5782,favourite,2
5783,inform,2
5784,resourceful,2
5785,neurons,2
5786,manipulating,2
5787,sensory,2
5788,cortex,2
5789,wire,2
5790,narration,2
5791,greenpeace,2
5792,seas,2
5793,lined,2
5794,quitting,2
5795,recyclable,2
5796,eco,2
5797,adding,2
5798,shot,2
5799,packets,2
5800,recommendation,2
5801,realised,2
5802,heartbroken,2
5803,dying,2
5804,rainforests,2
5805,bio,2
5806,refrigerated,2
5807,greenhouses,2
5808,cheer,2
5809,ruined,2
5810,mask,2
5811,reminding,2
5812,sterner,2
5813,passively,2
5814,instructions,2
5815,donate,2
5816,hide,2
5817,prevents,2
5818,repeating,2
5819,requiring,2
5820,eulas,2
5821,warnings,2
5822,automakers,2
5823,liability,2
5824,driverless,2
5825,blend,2
5826,publicity,2
5827,liver,2
5828,fats,2
5829,managed,2
5830,nourishment,2
5831,honorary,2
5832,broke,2
5833,urge,2
5834,carriages,2
5835,fortunate,2
5836,telephone,2
5837,covering,2
5838,uniqueness,2
5839,defects,2
5840,string,2
5841,markedly,2
5842,disciplined,2
5843,selfish,2
5844,cooperative,2
5845,royalty,2
5846,punt,2
5847,identities,2
5848,strategic,2
5849,ups,2
5850,outward,2
5851,samples,2
5852,technical,2
5853,architects,2
5854,roots,2
5855,powered,2
5856,entries,2
5857,participating,2
5858,expecting,2
5859,deutsche,2
5860,transferable,2
5861,tutoring,2
5862,memories,2
5863,khan,2
5864,cleaver,2
5865,geography,2
5866,marvelous,2
5867,trigger,2
5868,entrepreneurship,2
5869,challenged,2
5870,environmentalists,2
5871,michigan,2
5872,guardian,2
5873,goldilocks,2
5874,developmental,2
5875,reproduction,2
5876,infer,2
5877,overrated,2
5878,opens,2
5879,marathon,2
5880,pine,2
5881,exceptional,2
5882,visitors,2
5883,batteries,2
5884,played,2
5885,delivers,2
5886,hitchcock,2
5887,suspense,2
5888,filmmakers,2
5889,robbery,2
5890,plot,2
5891,principal,2
5892,critics,2
5893,punished,2
5894,freshly,2
5895,profitable,2
5896,intact,2
5897,sievenpiper,2
5898,applicable,2
5899,isolate,2
5900,ripe,2
5901,roger,2
5902,clemens,2
5903,puts,2
5904,dressing,2
5905,sayings,2
5906,assign,2
5907,tailored,2
5908,assessment,2
5909,fade,2
5910,granted,2
5911,indicators,2
5912,beats,2
5913,subtle,2
5914,symphonic,2
5915,relevance,2
5916,expressive,2
5917,caters,2
5918,justify,2
5919,magical,2
5920,compensate,2
5921,transformed,2
5922,massachusetts,2
5923,flow,2
5924,slows,2
5925,spreads,2
5926,halfway,2
5927,tailgating,2
5928,highways,2
5929,flying,2
5930,densely,2
5931,distances,2
5932,resentment,2
5933,bitter,2
5934,battles,2
5935,connects,2
5936,spiritual,2
5937,sees,2
5938,joan,2
5939,solsman,2
5940,longtime,2
5941,alternate,2
5942,substitutes,2
5943,kent,2
5944,neighbour,2
5945,grandson,2
5946,medalists,2
5947,olympics,2
5948,methodist,2
5949,tent,2
5950,triumph,2
5951,wrapping,2
5952,commodities,2
5953,boyfriend,2
5954,torture,2
5955,jetlag,2
5956,coburn,2
5957,merchants,2
5958,greenhouse,2
5959,towns,2
5960,fights,2
5961,hughes,2
5962,grabar,2
5963,weird,2
5964,wars,2
5965,opponents,2
5966,emotion,2
5967,crises,2
5968,rhythm,2
5969,proteins,2
5970,midazolam,2
5971,internal,2
5972,determines,2
5973,prescribing,2
5974,comply,2
5975,pensions,2
5976,occupations,2
5977,baily,2
5978,delaying,2
5979,flu,2
5980,forbidden,2
5981,inspection,2
5982,millionaire,2
5983,westwood,2
5984,relies,2
5985,promotional,2
5986,properties,2
5987,blackboard,2
5988,scored,2
5989,inspires,2
5990,dementia,2
5991,tower,2
5992,acceptance,2
5993,coordinate,2
5994,gardner,2
5995,barr,2
5996,gamer,2
5997,barrie,2
5998,ricci,2
5999,fictional,2
6000,canadian,2
6001,credits,2
6002,physicist,2
6003,linear,2
6004,surrounding,2
6005,organs,2
6006,wasting,2
6007,rebelliousness,2
6008,manipulative,2
6009,biscuits,2
6010,avenue,2
6011,temporarily,2
6012,roused,2
6013,upset,2
6014,confirm,2
6015,activism,2
6016,senator,2
6017,hayes,2
6018,forth,2
6019,hires,2
6020,candidates,2
6021,switchers,2
6022,famed,2
6023,tea,2
6024,gamble,2
6025,chefs,2
6026,culinary,2
6027,hereditary,2
6028,multi,2
6029,factorial,2
6030,bases,2
6031,weighing,2
6032,straight,2
6033,talented,2
6034,wednesday,2
6035,breakfasts,2
6036,owns,2
6037,invasive,2
6038,rubbing,2
6039,frogs,2
6040,craft,2
6041,re,2
6042,roaster,2
6043,rome,2
6044,pensioner,2
6045,fukuda,2
6046,ito,2
6047,egg,2
6048,characterized,2
6049,mathematics,2
6050,achievers,2
6051,aviation,2
6052,tokyo,2
6053,denver,2
6054,occurred,2
6055,semba,2
6056,pregnancy,2
6057,smoothly,2
6058,slipped,2
6059,krivoy,2
6060,bright,2
6061,cents,2
6062,bear,2
6063,session,2
6064,mexican,2
6065,warn,2
6066,canteen,2
6067,penalized,2
6068,cough,2
6069,recovered,2
6070,spotted,2
6071,cameras,2
6072,aircraft,2
6073,siberia,2
6074,seimon,2
6075,logged,2
6076,hamburgers,2
6077,creamy,2
6078,vietnamese,2
6079,clips,2
6080,brief,2
6081,cologne,2
6082,karla,2
6083,survived,2
6084,attribute,2
6085,france,2
6086,arrested,2
6087,categorization,2
6088,mining,2
6089,carol,2
6090,stopover,2
6091,metro,2
6092,rental,2
6093,notebook,2
6094,overrepresented,2
6095,fighters,2
6096,fighter,2
6097,illustrations,2
6098,fastest,2
6099,baseball,2
6100,pm,2
6101,shuttle,2
6102,durham,2
6103,breathe,2
6104,horrible,2
6105,ear,2
6106,cupboard,2
6107,arrival,2
6108,loaf,2
6109,millers,2
6110,cited,2
6111,carriage,2
6112,factories,2
6113,hate,2
6114,clicked,2
6115,politicians,2
6116,tendencies,2
6117,rhode,2
6118,nasa,2
6119,biting,2
6120,neck,2
6121,gently,2
6122,coverage,2
6123,incentives,2
6124,sunday,2
6125,gown,2
6126,bin,2
6127,leftover,2
6128,morris,2
6129,jane,2
6130,adventure,2
6131,succeeding,2
6132,varying,2
6133,matching,2
6134,matched,2
6135,recommending,2
6136,observer,2
6137,workshops,2
6138,july,2
6139,pubs,2
6140,visitor,2
6141,norwalk,2
6142,markowitz,2
6143,declared,2
6144,december,2
6145,clones,2
6146,august,2
6147,rivers,2
6148,jetblue,2
6149,palm,2
6150,deadly,2
6151,downtown,2
6152,jacksonville,2
6153,cumber,2
6154,introducing,2
6155,skateboarding,2
6156,transit,2
6157,appreciation,2
6158,christian,2
6159,thunder,2
6160,lightning,2
6161,trains,2
6162,bob,2
6163,mary,2
6164,coordination,2
6165,listing,2
6166,udell,2
6167,inflation,2
6168,aimed,2
6169,wandered,2
6170,withdraw,2
6171,falcon,2
6172,spaceflight,2
6173,greener,2
6174,companion,2
6175,mathews,2
6176,thefts,2
6177,possession,2
6178,investigators,2
6179,ah,2
6180,gestures,2
6181,vacations,2
6182,florida,2
6183,bursa,2
6184,division,2
6185,january,2
6186,bobo,2
6187,battleships,2
6188,elysia,2
6189,kowalczyk,2
6190,bow,2
6191,bell,2
6192,wow,2
6193,lakeview,2
6194,eff,1
6195,ect,1
6196,enrolhim,1
6197,forbid,1
6198,renovated,1
6199,beg,1
6200,cafe,1
6201,hostess,1
6202,tables,1
6203,wines,1
6204,remarks,1
6205,commuting,1
6206,compact,1
6207,peacefully,1
6208,reproduced,1
6209,brew,1
6210,manufacture,1
6211,roasters,1
6212,spacc,1
6213,sightseeing,1
6214,passes,1
6215,annually,1
6216,scenery,1
6217,sahara,1
6218,fahrenheit,1
6219,saharan,1
6220,rays,1
6221,belgian,1
6222,belgium,1
6223,triangular,1
6224,prism,1
6225,metallic,1
6226,awful,1
6227,quentin,1
6228,lamp,1
6229,jumped,1
6230,consciously,1
6231,specimens,1
6232,thick,1
6233,reaa,1
6234,ibtimately,1
6235,transitioning,1
6236,preparatory,1
6237,completes,1
6238,welfare,1
6239,eighth,1
6240,emerge,1
6241,aaolescence,1
6242,adolescents,1
6243,assessed,1
6244,defeat,1
6245,speeches,1
6246,replicate,1
6247,counselors,1
6248,unchangeable,1
6249,partnering,1
6250,nasa's,1
6251,propulsion,1
6252,solvers,1
6253,tinkerers,1
6254,tearing,1
6255,spatial,1
6256,architectural,1
6257,creators,1
6258,fostering,1
6259,resourced,1
6260,tinkering,1
6261,maker,1
6262,curriculums,1
6263,gadgets,1
6264,mastering,1
6265,calculators,1
6266,envy,1
6267,tempers,1
6268,penetrates,1
6269,triggers,1
6270,popped,1
6271,eliminates,1
6272,programming,1
6273,ip,1
6274,fj,1
6275,practitioners,1
6276,adjusting,1
6277,offormg,1
6278,tliem,1
6279,trammg,1
6280,ml,1
6281,ff,1
6282,ffi,1
6283,ri,1
6284,distract,1
6285,tmnkers,1
6286,urged,1
6287,stricter,1
6288,permits,1
6289,tremendously,1
6290,wili,1
6291,sincere,1
6292,speeding,1
6293,fillb,1
6294,regain,1
6295,counselling,1
6296,bordering,1
6297,tear,1
6298,identifiable,1
6299,smoking,1
6300,cigarettes,1
6301,brigham,1
6302,thep,1
6303,silent,1
6304,fa,1
6305,appointed,1
6306,baroness,1
6307,disconnected,1
6308,benches,1
6309,fifth,1
6310,unmarried,1
6311,loneliest,1
6312,abruptly,1
6313,appointments,1
6314,hindered,1
6315,idiom,1
6316,implication,1
6317,dimensions,1
6318,touches,1
6319,bas,1
6320,gatherers,1
6321,governed,1
6322,otltures,1
6323,nwnbers,1
6324,munduruku,1
6325,nicaragua,1
6326,otherexiteriments,1
6327,hav,1
6328,toa,1
6329,cognitively,1
6330,maici,1
6331,ecology,1
6332,counting,1
6333,coconuts,1
6334,blurry,1
6335,echoed,1
6336,industrialized,1
6337,spoon,1
6338,discriminate,1
6339,painstaking,1
6340,initially,1
6341,sequentially,1
6342,successor,1
6343,cognition,1
6344,skillfully,1
6345,instinctual,1
6346,mammalian,1
6347,invent,1
6348,ttr,1
6349,evidenced,1
6350,ancestral,1
6351,indo,1
6352,gateway,1
6353,momentary,1
6354,fixation,1
6355,er,1
6356,numeric,1
6357,ruled,1
6358,representations,1
6359,ancient,1
6360,mesopotamia,1
6361,reside,1
6362,artifacts,1
6363,inherit,1
6364,conceptually,1
6365,distinguishing,1
6366,fallowed,1
6367,describes,1
6368,revelations,1
6369,informally,1
6370,sponsor,1
6371,concord,1
6372,quaker,1
6373,oats,1
6374,oatmeal,1
6375,promoting,1
6376,detailing,1
6377,bonnie,1
6378,beskeptical,1
6379,analyze,1
6380,funders,1
6381,intuition,1
6382,freelancer,1
6383,lb,1
6384,jfr,1
6385,freelancing,1
6386,badge,1
6387,tier,1
6388,ventures,1
6389,programmers,1
6390,marketplace,1
6391,freelancers,1
6392,disrupted,1
6393,treasured,1
6394,solver,1
6395,xishuangbanna,1
6396,jjli,1
6397,fp,1
6398,ref,1
6399,ere,1
6400,nee,1
6401,aggressively,1
6402,eil,1
6403,pkff,1
6404,correspondirtg,1
6405,eftpos,1
6406,j'j,1
6407,telstra,1
6408,parcel,1
6409,lq,1
6410,murphy,1
6411,modem,1
6412,basing,1
6413,fabrications,1
6414,mouse,1
6415,cursor,1
6416,commonplace,1
6417,confess,1
6418,showering,1
6419,voyage,1
6420,wound,1
6421,screw,1
6422,scientifically,1
6423,probed,1
6424,arbitrary,1
6425,proceedings,1
6426,netherlands,1
6427,professorship,1
6428,institutes,1
6429,fellowships,1
6430,ilie,1
6431,bible's,1
6432,diaf,1
6433,fo,1
6434,there's,1
6435,albert,1
6436,laszlo,1
6437,disproportionate,1
6438,weaker,1
6439,dashun,1
6440,authored,1
6441,citations,1
6442,attrition,1
6443,culled,1
6444,deemed,1
6445,persevering,1
6446,proverbial,1
6447,kick,1
6448,pants,1
6449,utrecht,1
6450,arnout,1
6451,bang,1
6452,buck,1
6453,distributing,1
6454,culling,1
6455,unedited,1
6456,disappointments,1
6457,fate,1
6458,rejection,1
6459,loses,1
6460,persevere,1
6461,awarders,1
6462,persisted,1
6463,fruitful,1
6464,passa,1
6465,ges,1
6466,associative,1
6467,stimulation,1
6468,painful,1
6469,ijt,1
6470,khl,1
6471,buildinn,1
6472,seop,1
6473,mindful,1
6474,emptiness,1
6475,provokes,1
6476,validated,1
6477,expanding,1
6478,confront,1
6479,worthy,1
6480,wishful,1
6481,conswned,1
6482,measurement,1
6483,waistlines,1
6484,verified,1
6485,overlook,1
6486,kat,1
6487,tj,1
6488,ikjlj,1
6489,freshmen,1
6490,planes,1
6491,celebrate,1
6492,domesticate,1
6493,poisoned,1
6494,calculate,1
6495,slimmest,1
6496,fatter,1
6497,bonuses,1
6498,disabled,1
6499,specially,1
6500,distinctive,1
6501,discriminating,1
6502,admirable,1
6503,meng,1
6504,unrested,1
6505,woke,1
6506,ridicule,1
6507,couples,1
6508,therapist,1
6509,laborious,1
6510,silvia,1
6511,federici,1
6512,nova,1
6513,calmness,1
6514,jess,1
6515,zimmerman,1
6516,thread,1
6517,metafilter,1
6518,socialized,1
6519,unattainable,1
6520,supermom,1
6521,sanity,1
6522,realizations,1
6523,integrate,1
6524,normalized,1
6525,shrug,1
6526,chest,1
6527,disconnecting,1
6528,chalk,1
6529,undermining,1
6530,dismissive,1
6531,equitable,1
6532,utilized,1
6533,variant,1
6534,parasitic,1
6535,capitalism,1
6536,whereby,1
6537,extracting,1
6538,generating,1
6539,chorus,1
6540,inefficiencies,1
6541,dedicate,1
6542,cleaned,1
6543,illustration,1
6544,rough,1
6545,expropriation,1
6546,rapidity,1
6547,acclimatization,1
6548,shelve,1
6549,yahoo,1
6550,oppose,1
6551,discourages,1
6552,invades,1
6553,undermines,1
6554,exemplify,1
6555,transferring,1
6556,downfalls,1
6557,pinning,1
6558,intrinsically,1
6559,makeup,1
6560,gigantic,1
6561,novelty,1
6562,stakes,1
6563,milestone,1
6564,modes,1
6565,tens,1
6566,pushes,1
6567,underlies,1
6568,harshness,1
6569,stemming,1
6570,pierced,1
6571,bushfire,1
6572,rebuilt,1
6573,replanting,1
6574,camera,1
6575,upload,1
6576,oily,1
6577,spicy,1
6578,picky,1
6579,sampling,1
6580,easiest,1
6581,ageing,1
6582,accelerating,1
6583,inquired,1
6584,restored,1
6585,william,1
6586,avon,1
6587,baptized,1
6588,baptizing,1
6589,surviving,1
6590,biographical,1
6591,noble,1
6592,leather,1
6593,trader,1
6594,grammar,1
6595,anne,1
6596,hathaway,1
6597,hamnet,1
6598,judith,1
6599,contemporary,1
6600,ben,1
6601,jonson,1
6602,conclusively,1
6603,precision,1
6604,scarcity,1
6605,systematically,1
6606,auto,1
6607,boringly,1
6608,ordinarily,1
6609,tournament,1
6610,hesitation,1
6611,backfired,1
6612,mindfulness,1
6613,humanistic,1
6614,tune,1
6615,pray,1
6616,miracles,1
6617,jessica,1
6618,roadside,1
6619,monument,1
6620,attractions,1
6621,gear,1
6622,audrey,1
6623,nbc,1
6624,enthusiast,1
6625,embracing,1
6626,shorten,1
6627,santa,1
6628,barbara,1
6629,disclosing,1
6630,actuality,1
6631,miraculously,1
6632,attentively,1
6633,utter,1
6634,adversely,1
6635,recognising,1
6636,stigma,1
6637,disagrees,1
6638,removes,1
6639,overwhelm,1
6640,disempowering,1
6641,robbing,1
6642,intrinsic,1
6643,enabler,1
6644,warns,1
6645,neglected,1
6646,discriminated,1
6647,inclusive,1
6648,clarity,1
6649,classifying,1
6650,accelerate,1
6651,rapidly,1
6652,youngest,1
6653,stereotypes,1
6654,borough,1
6655,representation,1
6656,mentoring,1
6657,exposes,1
6658,horizons,1
6659,awkward,1
6660,hugging,1
6661,prejudiced,1
6662,damp,1
6663,chased,1
6664,unsettling,1
6665,haunting,1
6666,dreamers,1
6667,lucid,1
6668,therapies,1
6669,rachel,1
6670,salas,1
6671,johns,1
6672,hopkins,1
6673,baltimore,1
6674,depart,1
6675,rigorous,1
6676,timidity,1
6677,reveals,1
6678,periodic,1
6679,themes,1
6680,accidentally,1
6681,chapters,1
6682,restriction,1
6683,dies,1
6684,offend,1
6685,indifference,1
6686,terminology,1
6687,classification,1
6688,custom,1
6689,greetings,1
6690,greeting,1
6691,brotherhood,1
6692,sexes,1
6693,beforehand,1
6694,warmth,1
6695,civilized,1
6696,unfamiliar,1
6697,yale,1
6698,inherent,1
6699,coding,1
6700,undergoing,1
6701,interdisciplinary,1
6702,multidisciplinary,1
6703,imitations,1
6704,flee,1
6705,searched,1
6706,rescued,1
6707,consult,1
6708,advisors,1
6709,terribly,1
6710,restructure,1
6711,natured,1
6712,grasped,1
6713,disappearing,1
6714,signing,1
6715,laying,1
6716,unalterable,1
6717,renegotiated,1
6718,strengthens,1
6719,partnerships,1
6720,knives,1
6721,forks,1
6722,crocodiles,1
6723,innermost,1
6724,chew,1
6725,mammal,1
6726,dental,1
6727,underneath,1
6728,downward,1
6729,stocked,1
6730,rigid,1
6731,collaborative,1
6732,plainly,1
6733,dotted,1
6734,detective,1
6735,conversational,1
6736,humorous,1
6737,outlets,1
6738,barbeque,1
6739,halloween,1
6740,announcements,1
6741,glassdoor,1
6742,scorned,1
6743,heading,1
6744,blankly,1
6745,gossip,1
6746,cookies,1
6747,tips,1
6748,dislikes,1
6749,graded,1
6750,infrequent,1
6751,impersonal,1
6752,unmotivated,1
6753,irregular,1
6754,cultivation,1
6755,aroused,1
6756,spurs,1
6757,discourse,1
6758,gatherings,1
6759,frontier,1
6760,honorably,1
6761,correcting,1
6762,textbook,1
6763,deliberations,1
6764,distrust,1
6765,transmitted,1
6766,extracurricular,1
6767,chemically,1
6768,flavorists,1
6769,additives,1
6770,preservatives,1
6771,soul,1
6772,stirring,1
6773,pool,1
6774,offset,1
6775,defrauded,1
6776,sean,1
6777,ballooned,1
6778,keywords,1
6779,rentals,1
6780,unsophisticated,1
6781,rip,1
6782,actor,1
6783,exceeds,1
6784,ranges,1
6785,arousing,1
6786,giveaway,1
6787,unlimited,1
6788,professionalism,1
6789,glasses,1
6790,tony,1
6791,googling,1
6792,google,1
6793,streetview,1
6794,landline,1
6795,mobiles,1
6796,straightaway,1
6797,barclays,1
6798,jodie,1
6799,gilbert,1
6800,neighbor,1
6801,alerts,1
6802,cyber,1
6803,dishonest,1
6804,uncovered,1
6805,accommodation,1
6806,carla,1
6807,sydenham,1
6808,majorca,1
6809,believable,1
6810,logging,1
6811,recalls,1
6812,fraudster,1
6813,alerted,1
6814,occurrence,1
6815,twitter,1
6816,blogs,1
6817,withdrawal,1
6818,turnover,1
6819,influences,1
6820,promotions,1
6821,cuts,1
6822,simultaneously,1
6823,interacts,1
6824,moreover,1
6825,counseling,1
6826,flourish,1
6827,rooted,1
6828,nutritionally,1
6829,elevate,1
6830,managerial,1
6831,examines,1
6832,interrupted,1
6833,folk,1
6834,indians,1
6835,symbolizes,1
6836,prominent,1
6837,upgraded,1
6838,emits,1
6839,exhaustion,1
6840,incorrect,1
6841,judgments,1
6842,mistrust,1
6843,impracticable,1
6844,breeds,1
6845,spur,1
6846,todd,1
6847,prioritization,1
6848,prioritizes,1
6849,accordingly,1
6850,bothered,1
6851,ex,1
6852,stir,1
6853,reappear,1
6854,resiliencies,1
6855,pavement,1
6856,roomy,1
6857,ralph,1
6858,nader,1
6859,congressional,1
6860,interns,1
6861,exceptions,1
6862,americorps,1
6863,homebound,1
6864,berkeley,1
6865,transformative,1
6866,rochester,1
6867,psychiatrist,1
6868,presbyterian,1
6869,psychiatry,1
6870,irving,1
6871,touched,1
6872,padraic,1
6873,atria,1
6874,groundbreaking,1
6875,flowing,1
6876,confessional,1
6877,prose,1
6878,scholarly,1
6879,ideals,1
6880,remarkably,1
6881,woodlands,1
6882,cloggings,1
6883,arteries,1
6884,handled,1
6885,petted,1
6886,obamacare,1
6887,medicare,1
6888,thieving,1
6889,simpler,1
6890,dimension,1
6891,relates,1
6892,assembly,1
6893,flesh,1
6894,clinically,1
6895,recovering,1
6896,sickest,1
6897,fixing,1
6898,potshots,1
6899,biomedicine,1
6900,consultation,1
6901,holistic,1
6902,hospitalized,1
6903,engels,1
6904,hardings,1
6905,totals,1
6906,participant,1
6907,prolonged,1
6908,cheaters,1
6909,knowingly,1
6910,uneasy,1
6911,insides,1
6912,aisle,1
6913,whispering,1
6914,districts,1
6915,adequately,1
6916,conveniently,1
6917,interviewees,1
6918,overprotect,1
6919,unknowingly,1
6920,palms,1
6921,overusing,1
6922,appropriateness,1
6923,rethinking,1
6924,unobservable,1
6925,objectively,1
6926,unintended,1
6927,revisited,1
6928,rethink,1
6929,fundamentals,1
6930,reexamine,1
6931,watchful,1
6932,earthquake,1
6933,ample,1
6934,instruments,1
6935,checkups,1
6936,tourist,1
6937,seafood,1
6938,coastline,1
6939,unmatched,1
6940,membership,1
6941,reserve,1
6942,picnic,1
6943,endurance,1
6944,pooled,1
6945,depended,1
6946,nicole,1
6947,valtorta,1
6948,demonstrates,1
6949,formats,1
6950,submitting,1
6951,inevitably,1
6952,pack,1
6953,countless,1
6954,ends,1
6955,federally,1
6956,subsidized,1
6957,unsubsidized,1
6958,mini,1
6959,fridge,1
6960,roommates,1
6961,elevators,1
6962,bed,1
6963,railing,1
6964,geared,1
6965,supplemental,1
6966,snap,1
6967,invalid,1
6968,appointment,1
6969,prescription,1
6970,medications,1
6971,upwards,1
6972,rust,1
6973,belt,1
6974,comprehensive,1
6975,checklist,1
6976,wary,1
6977,knowledgeable,1
6978,bureaucracies,1
6979,advocacy,1
6980,embarrassment,1
6981,capital,1
6982,nutritionist,1
6983,harley,1
6984,healthiest,1
6985,nourishing,1
6986,seaweeds,1
6987,starters,1
6988,seasonally,1
6989,thickening,1
6990,ethos,1
6991,appearances,1
6992,reverse,1
6993,glass,1
6994,hastily,1
6995,wolfing,1
6996,handfuls,1
6997,sink,1
6998,unifying,1
6999,overlapping,1
7000,thinner,1
7001,characterizes,1
7002,naturalness,1
7003,unprocessed,1
7004,punctually,1
7005,two,1
7006,uniformly,1
7007,frankfurt,1
7008,disgust,1
7009,talks,1
7010,facial,1
7011,expressions,1
7012,concentrations,1
7013,saliva,1
7014,hinting,1
7015,perceptive,1
7016,implied,1
7017,manipulate,1
7018,sadness,1
7019,cleverness,1
7020,burdening,1
7021,worldly,1
7022,concert,1
7023,entertain,1
7024,villager,1
7025,policemen,1
7026,cooperated,1
7027,delighted,1
7028,presents,1
7029,trusts,1
7030,occasion,1
7031,cheerful,1
7032,fare,1
7033,katherine,1
7034,coffey,1
7035,connectedness,1
7036,moods,1
7037,interfered,1
7038,composing,1
7039,obligations,1
7040,occasionally,1
7041,rude,1
7042,unhelpful,1
7043,essentialism,1
7044,greg,1
7045,mckeown,1
7046,neglecting,1
7047,deprioritize,1
7048,straining,1
7049,outweighs,1
7050,gracious,1
7051,favors,1
7052,hearted,1
7053,meaningfully,1
7054,magnitudes,1
7055,harford,1
7056,retains,1
7057,investor,1
7058,pedro,1
7059,sorrentino,1
7060,embodied,1
7061,ounce,1
7062,inefficiently,1
7063,elimination,1
7064,optimization,1
7065,drucker,1
7066,polite,1
7067,grasping,1
7068,refusal,1
7069,refusing,1
7070,leveled,1
7071,overfished,1
7072,tenths,1
7073,tenth,1
7074,heavier,1
7075,catchings,1
7076,salmon,1
7077,sustainability,1
7078,cattle,1
7079,carp,1
7080,ecosystems,1
7081,seafoods,1
7082,reproduce,1
7083,enlarge,1
7084,assisted,1
7085,hazard,1
7086,imagining,1
7087,philosopher,1
7088,addressing,1
7089,widens,1
7090,sustains,1
7091,hazardous,1
7092,combating,1
7093,needy,1
7094,stricken,1
7095,undernutrition,1
7096,unsatisfyingly,1
7097,worryingly,1
7098,vicky,1
7099,suck,1
7100,summary,1
7101,inseparable,1
7102,vaguely,1
7103,criminology,1
7104,contextualize,1
7105,lecturer,1
7106,cliche,1
7107,dehumanizing,1
7108,deviate,1
7109,substantially,1
7110,doo,1
7111,terrorizing,1
7112,unmask,1
7113,marvelously,1
7114,theft,1
7115,violations,1
7116,villains,1
7117,soldier,1
7118,orders,1
7119,civilian,1
7120,wrongdoings,1
7121,deviation,1
7122,creatively,1
7123,weapons,1
7124,behavioral,1
7125,francesca,1
7126,gino,1
7127,scott,1
7128,wiltermuth,1
7129,associates,1
7130,peep,1
7131,dust,1
7132,hole,1
7133,breaking,1
7134,involve,1
7135,scrabble,1
7136,untrue,1
7137,compulsive,1
7138,heroically,1
7139,lest,1
7140,disappoint,1
7141,liberating,1
7142,disappointing,1
7143,behaving,1
7144,transferred,1
7145,upstate,1
7146,regimented,1
7147,hunch,1
7148,hens,1
7149,multitude,1
7150,flower,1
7151,prescriptions,1
7152,eden,1
7153,erases,1
7154,preaching,1
7155,navigating,1
7156,guitar,1
7157,honoring,1
7158,duty,1
7159,advocating,1
7160,miserable,1
7161,heatedly,1
7162,accompanied,1
7163,presume,1
7164,constrained,1
7165,predictor,1
7166,barrier,1
7167,prohibitive,1
7168,socioeconomically,1
7169,underprivileged,1
7170,formulating,1
7171,prioritizing,1
7172,provision,1
7173,summarize,1
7174,permit,1
7175,deficits,1
7176,cooling,1
7177,storing,1
7178,loaves,1
7179,bake,1
7180,exit,1
7181,yellow,1
7182,queue,1
7183,baggage,1
7184,deficit,1
7185,londoners,1
7186,enforce,1
7187,attends,1
7188,fantasy,1
7189,lands,1
7190,washes,1
7191,langeoog,1
7192,invasion,1
7193,freighter,1
7194,worst,1
7195,northeastern,1
7196,littlest,1
7197,uwe,1
7198,garrel,1
7199,washed,1
7200,afar,1
7201,wore,1
7202,overthrown,1
7203,merging,1
7204,taboo,1
7205,eyebrows,1
7206,legalities,1
7207,certifications,1
7208,publicized,1
7209,omitted,1
7210,yours,1
7211,snobby,1
7212,irritating,1
7213,disrespect,1
7214,traditionalists,1
7215,insisting,1
7216,epitome,1
7217,happily,1
7218,staring,1
7219,legalese,1
7220,combines,1
7221,travis,1
7222,talentsmart,1
7223,stupid,1
7224,prone,1
7225,overconfident,1
7226,undervalue,1
7227,believing,1
7228,admired,1
7229,shit,1
7230,offended,1
7231,administrative,1
7232,posing,1
7233,evan,1
7234,secretary,1
7235,lila,1
7236,ibrahim,1
7237,kinks,1
7238,translations,1
7239,migration,1
7240,vocational,1
7241,intend,1
7242,briefly,1
7243,summarizing,1
7244,mistreating,1
7245,unpunished,1
7246,scratching,1
7247,apologize,1
7248,repaired,1
7249,symbols,1
7250,decorated,1
7251,broker,1
7252,iphones,1
7253,boast,1
7254,huffington,1
7255,abstracts,1
7256,reckoning,1
7257,conscience,1
7258,sew,1
7259,shrink,1
7260,textile,1
7261,mend,1
7262,alexa,1
7263,microsoft,1
7264,cortana,1
7265,sighted,1
7266,converters,1
7267,interface,1
7268,adapts,1
7269,usages,1
7270,searches,1
7271,clicking,1
7272,illiterate,1
7273,underpaid,1
7274,complaint,1
7275,rainfall,1
7276,forefathers,1
7277,sow,1
7278,irrigate,1
7279,grass,1
7280,converting,1
7281,workshop,1
7282,guabuligah,1
7283,forecast,1
7284,recording,1
7285,dagbani,1
7286,savanna,1
7287,isn't,1
7288,domains,1
7289,pronounce,1
7290,stiffer,1
7291,phrase,1
7292,intentional,1
7293,hackers,1
7294,witty,1
7295,tapping,1
7296,keyboard,1
7297,nuance,1
7298,dukinfield,1
7299,manchester,1
7300,enters,1
7301,recordings,1
7302,transcribed,1
7303,secretaries,1
7304,delays,1
7305,ipad,1
7306,convert,1
7307,pronunciations,1
7308,advertisers,1
7309,ads,1
7310,abound,1
7311,diligence,1
7312,garages,1
7313,cleaners,1
7314,privatized,1
7315,municipal,1
7316,luxurious,1
7317,comforts,1
7318,industriousness,1
7319,absolute,1
7320,exploit,1
7321,laborers,1
7322,unjustifiable,1
7323,deprive,1
7324,entrepreneurial,1
7325,cursed,1
7326,competitor,1
7327,straying,1
7328,departure,1
7329,materialistically,1
7330,stubbornness,1
7331,nonconventional,1
7332,para,1
7333,endeavor,1
7334,awaken,1
7335,infected,1
7336,amuse,1
7337,popularize,1
7338,longs,1
7339,artistic,1
7340,biased,1
7341,shootings,1
7342,intuitive,1
7343,insightful,1
7344,outnumber,1
7345,noor,1
7346,ouarzazate,1
7347,watts,1
7348,forerunner,1
7349,ali,1
7350,hajji,1
7351,sunlight,1
7352,ancestor,1
7353,pioneer,1
7354,bernie,1
7355,motorcycle,1
7356,backroom,1
7357,operator,1
7358,filter,1
7359,chasing,1
7360,americanize,1
7361,realistically,1
7362,americanization,1
7363,motorsport,1
7364,technologically,1
7365,magnificent,1
7366,malaysia,1
7367,singapore,1
7368,emirates,1
7369,silverstone,1
7370,monza,1
7371,austin,1
7372,las,1
7373,vegas,1
7374,scenes,1
7375,underserved,1
7376,shippensburg,1
7377,narrative,1
7378,motorsports,1
7379,crossover,1
7380,elite,1
7381,wimbledon,1
7382,ryder,1
7383,awe,1
7384,channel,1
7385,directv,1
7386,positioned,1
7387,satellite,1
7388,crakes,1
7389,vivo,1
7390,hooked,1
7391,charmed,1
7392,rocketed,1
7393,tunnel,1
7394,screaming,1
7395,awed,1
7396,viewer,1
7397,inward,1
7398,guys,1
7399,preceding,1
7400,intends,1
7401,thinnest,1
7402,margined,1
7403,blamed,1
7404,technically,1
7405,clerk,1
7406,fetch,1
7407,mud,1
7408,flies,1
7409,nasty,1
7410,bargaining,1
7411,standardization,1
7412,reimagined,1
7413,marvels,1
7414,elizabeth,1
7415,impromptu,1
7416,suburban,1
7417,freshness,1
7418,multiplied,1
7419,persuaders,1
7420,hypnoidal,1
7421,trance,1
7422,bumping,1
7423,shelves,1
7424,bankruptcy,1
7425,modernized,1
7426,revolutionized,1
7427,induce,1
7428,unplanned,1
7429,lagging,1
7430,camps,1
7431,lagged,1
7432,satisfies,1
7433,grounded,1
7434,outdated,1
7435,reminder,1
7436,sufferers,1
7437,osteoporosis,1
7438,disabilities,1
7439,bearing,1
7440,steam,1
7441,bond,1
7442,inactive,1
7443,occurrences,1
7444,staircase,1
7445,thumping,1
7446,entrance,1
7447,twisting,1
7448,practiced,1
7449,victor,1
7450,freemasons,1
7451,marching,1
7452,haven,1
7453,alvin,1
7454,chau,1
7455,shaking,1
7456,nian,1
7457,terrorize,1
7458,banded,1
7459,drums,1
7460,marks,1
7461,symbol,1
7462,positivity,1
7463,ya,1
7464,yung,1
7465,hopeful,1
7466,roosters,1
7467,tail,1
7468,operated,1
7469,controls,1
7470,movements,1
7471,aggressiveness,1
7472,sits,1
7473,manipulates,1
7474,strings,1
7475,karlin,1
7476,fireworks,1
7477,buys,1
7478,travels,1
7479,container,1
7480,sara,1
7481,pore,1
7482,competence,1
7483,rehearsal,1
7484,justin,1
7485,ribbon,1
7486,ribbons,1
7487,noting,1
7488,uncle,1
7489,wishes,1
7490,compares,1
7491,resent,1
7492,bonding,1
7493,sydney,1
7494,cohesion,1
7495,intervening,1
7496,intrusive,1
7497,nosy,1
7498,voluntary,1
7499,differing,1
7500,rearranged,1
7501,reintroduced,1
7502,cohesive,1
7503,invariably,1
7504,intrusion,1
7505,arranging,1
7506,prioritise,1
7507,cautiously,1
7508,tragic,1
7509,multibillion,1
7510,dollar,1
7511,slums,1
7512,rio,1
7513,janeiro,1
7514,sizable,1
7515,evicted,1
7516,fled,1
7517,abusive,1
7518,unforgiving,1
7519,shameful,1
7520,disgusted,1
7521,compassion,1
7522,resignation,1
7523,addicts,1
7524,compelled,1
7525,forgive,1
7526,supplying,1
7527,falls,1
7528,pilots,1
7529,littering,1
7530,cleanup,1
7531,spoiled,1
7532,passerby,1
7533,workmates,1
7534,tending,1
7535,concentrating,1
7536,retirees,1
7537,attracting,1
7538,experimenter,1
7539,capacities,1
7540,venturing,1
7541,fresher,1
7542,safer,1
7543,coordinates,1
7544,populated,1
7545,bbc,1
7546,jill,1
7547,exploring,1
7548,alarmist,1
7549,unaffected,1
7550,margaret,1
7551,extras,1
7552,decreases,1
7553,wolfram,1
7554,soybean,1
7555,steep,1
7556,iowa,1
7557,glacial,1
7558,cutoffs,1
7559,croplands,1
7560,forecasted,1
7561,horticulture,1
7562,andrew,1
7563,brazil,1
7564,unsuitable,1
7565,jumps,1
7566,standardisation,1
7567,globally,1
7568,homogeneity,1
7569,pests,1
7570,worsen,1
7571,soften,1
7572,aiming,1
7573,resistant,1
7574,jury,1
7575,endeavours,1
7576,monsanto,1
7577,usda,1
7578,fruition,1
7579,fertiliser,1
7580,irrigation,1
7581,machinery,1
7582,spoilage,1
7583,easing,1
7584,diversifying,1
7585,northward,1
7586,unsettled,1
7587,georgetown,1
7588,attributions,1
7589,skip,1
7590,righteous,1
7591,emailing,1
7592,compels,1
7593,distorts,1
7594,utterances,1
7595,engages,1
7596,disappears,1
7597,plug,1
7598,morale,1
7599,manifest,1
7600,bookings,1
7601,readiness,1
7602,counterproductive,1
7603,duly,1
7604,competitiveness,1
7605,headaches,1
7606,loosens,1
7607,brightens,1
7608,softens,1
7609,seeks,1
7610,pub,1
7611,homemade,1
7612,cooks,1
7613,dine,1
7614,landlady,1
7615,saleswoman,1
7616,gallery,1
7617,sympathize,1
7618,measurable,1
7619,ciara,1
7620,hobbyists,1
7621,dissimilar,1
7622,climber,1
7623,climbing,1
7624,prevalent,1
7625,persists,1
7626,notion,1
7627,statutory,1
7628,brad,1
7629,lauder,1
7630,downturn,1
7631,childbirth,1
7632,arrangements,1
7633,featured,1
7634,aclu,1
7635,outten,1
7636,llp,1
7637,derek,1
7638,rotondo,1
7639,filed,1
7640,hr,1
7641,caregivers,1
7642,columbus,1
7643,investigator,1
7644,domino,1
7645,unstated,1
7646,indispensable,1
7647,lawsuits,1
7648,outcompeting,1
7649,stain,1
7650,viewpoints,1
7651,attentive,1
7652,competing,1
7653,criticizing,1
7654,performances,1
7655,monitoring,1
7656,realms,1
7657,execute,1
7658,neuroscience,1
7659,powers,1
7660,executing,1
7661,multitaskers,1
7662,neuroscientists,1
7663,sufficiently,1
7664,multitask,1
7665,expanded,1
7666,impresses,1
7667,plos,1
7668,tracker,1
7669,measurements,1
7670,eagerly,1
7671,preached,1
7672,quantified,1
7673,sphere,1
7674,generational,1
7675,irresistible,1
7676,sony,1
7677,walkman,1
7678,inventive,1
7679,amanda,1
7680,texters,1
7681,socialising,1
7682,expands,1
7683,ambivalent,1
7684,snapchat,1
7685,minimise,1
7686,messiness,1
7687,nostalgia,1
7688,lunsford,1
7689,composition,1
7690,blossomed,1
7691,vastly,1
7692,fluidly,1
7693,linguist,1
7694,baron,1
7695,messaging,1
7696,grammatical,1
7697,paperbacks,1
7698,bookish,1
7699,publish,1
7700,haunt,1
7701,minors,1
7702,erase,1
7703,urgently,1
7704,schoolwork,1
7705,moderation,1
7706,verify,1
7707,racehorses,1
7708,noel,1
7709,legendary,1
7710,donald,1
7711,mccain,1
7712,greatness,1
7713,reynoldstown,1
7714,lengths,1
7715,heels,1
7716,engagements,1
7717,pre,1
7718,parades,1
7719,aintree,1
7720,racehorse,1
7721,titles,1
7722,hindrance,1
7723,successively,1
7724,repeat,1
7725,glory,1
7726,heel,1
7727,horrifying,1
7728,drown,1
7729,usability,1
7730,complication,1
7731,insists,1
7732,braving,1
7733,employed,1
7734,practicality,1
7735,rounded,1
7736,businesspeople,1
7737,disagree,1
7738,combine,1
7739,libraries,1
7740,extinguish,1
7741,rescuing,1
7742,indefinite,1
7743,insignificant,1
7744,surpassed,1
7745,ethically,1
7746,publications,1
7747,clarify,1
7748,bakers,1
7749,issuing,1
7750,organising,1
7751,organiser,1
7752,scenic,1
7753,unhealed,1
7754,wounds,1
7755,bites,1
7756,floods,1
7757,battleground,1
7758,usefully,1
7759,aways,1
7760,glucose,1
7761,shenzhen,1
7762,favoured,1
7763,optimum,1
7764,detailed,1
7765,dipping,1
7766,distinction,1
7767,maynard,1
7768,grandchildren,1
7769,massively,1
7770,eightfold,1
7771,materially,1
7772,conclusive,1
7773,widely,1
7774,chronologically,1
7775,rests,1
7776,poll,1
7777,derive,1
7778,brilliantly,1
7779,predicting,1
7780,pleasing,1
7781,traced,1
7782,mommy,1
7783,daddy,1
7784,approve,1
7785,quotation,1
7786,unfruitful,1
7787,sharpened,1
7788,restraint,1
7789,assets,1
7790,forgetfulness,1
7791,spied,1
7792,electron,1
7793,forging,1
7794,learns,1
7795,accumulating,1
7796,shrinks,1
7797,brainpower,1
7798,kennedy,1
7799,deteriorates,1
7800,weakens,1
7801,approaching,1
7802,immunity,1
7803,unexpectedly,1
7804,captain,1
7805,contented,1
7806,condemned,1
7807,businessman,1
7808,stopping,1
7809,mutual,1
7810,priyanka,1
7811,joshi,1
7812,verbally,1
7813,computed,1
7814,abstractness,1
7815,visualized,1
7816,morality,1
7817,dynamics,1
7818,interviewee,1
7819,abstractly,1
7820,contexts,1
7821,hal,1
7822,ucla,1
7823,honorable,1
7824,lit,1
7825,resembled,1
7826,registers,1
7827,swift,1
7828,mailman,1
7829,defeating,1
7830,hypothetical,1
7831,mirror,1
7832,wrap,1
7833,hardwired,1
7834,visions,1
7835,inspiring,1
7836,reframe,1
7837,workday,1
7838,kaitlin,1
7839,cornell,1
7840,ayelet,1
7841,fishbach,1
7842,chicago,1
7843,wayside,1
7844,uptake,1
7845,trumps,1
7846,ethic,1
7847,practising,1
7848,possessing,1
7849,foreseeing,1
7850,pains,1
7851,patronage,1
7852,trials,1
7853,charitable,1
7854,invaluable,1
7855,proceeds,1
7856,examination,1
7857,prospect,1
7858,birdwatchers,1
7859,unbiased,1
7860,responsibly,1
7861,canteens,1
7862,robotics,1
7863,developments,1
7864,tum,1
7865,erasmus,1
7866,rotterdam,1
7867,upsetting,1
7868,paradoxica,1
7869,christoph,1
7870,fuchs,1
7871,reverses,1
7872,favorably,1
7873,outages,1
7874,endangers,1
7875,criterion,1
7876,cancellation,1
7877,snowfall,1
7878,municipalities,1
7879,accustomed,1
7880,snowfalls,1
7881,inch,1
7882,unsafe,1
7883,snowman,1
7884,snowball,1
7885,joyful,1
7886,nevada,1
7887,georgia,1
7888,boards,1
7889,supplied,1
7890,object,1
7891,snows,1
7892,commenter,1
7893,hurricane,1
7894,florence,1
7895,baker,1
7896,denies,1
7897,pe,1
7898,superintendents,1
7899,bag,1
7900,absenteeism,1
7901,differed,1
7902,unauthorised,1
7903,opposition,1
7904,honoured,1
7905,thompson,1
7906,reasoned,1
7907,wordier,1
7908,trifle,1
7909,motivations,1
7910,sex,1
7911,clauses,1
7912,adjectives,1
7913,nouns,1
7914,spared,1
7915,crippling,1
7916,silicon,1
7917,valley,1
7918,shirts,1
7919,profoundness,1
7920,informative,1
7921,glancing,1
7922,loosen,1
7923,nobles,1
7924,eras,1
7925,plentiful,1
7926,compelling,1
7927,judgement,1
7928,persuaded,1
7929,cither,1
7930,unconditionally,1
7931,broaden,1
7932,sacrificing,1
7933,judgements,1
7934,requested,1
7935,administrators,1
7936,firing,1
7937,scottish,1
7938,highlands,1
7939,overspending,1
7940,toni,1
7941,eyesight,1
7942,dim,1
7943,emerged,1
7944,mastery,1
7945,undermined,1
7946,deteriorate,1
7947,endlessly,1
7948,quest,1
7949,mysterious,1
7950,anat,1
7951,ioana,1
7952,mayra,1
7953,strikingly,1
7954,paused,1
7955,reconsidered,1
7956,zeroed,1
7957,resultant,1
7958,energised,1
7959,reprioritised,1
7960,supervisor,1
7961,harmonise,1
7962,agrees,1
7963,contentment,1
7964,overload,1
7965,phyllis,1
7966,cancelling,1
7967,assure,1
7968,placing,1
7969,vain,1
7970,privileged,1
7971,reflecting,1
7972,utmost,1
7973,overtime,1
7974,tipping,1
7975,steel,1
7976,forests,1
7977,shortsighted,1
7978,woodland,1
7979,lobbied,1
7980,prescribed,1
7981,slipping,1
7982,remedying,1
7983,underused,1
7984,respectable,1
7985,seed,1
7986,vacant,1
7987,plots,1
7988,revived,1
7989,thumbed,1
7990,influencers,1
7991,defy,1
7992,unlovely,1
7993,marry,1
7994,unwise,1
7995,reconnect,1
7996,hoped,1
7997,historian,1
7998,graduated,1
7999,pioneers,1
8000,vice,1
8001,hailed,1
8002,gradual,1
8003,boasted,1
8004,disqualified,1
8005,heartbreaking,1
8006,inconvenience,1
8007,withdrawing,1
8008,sportsman,1
8009,someday,1
8010,schoolgirls,1
8011,schoolboys,1
8012,unskilled,1
8013,biologists,1
8014,disproved,1
8015,assigning,1
8016,speculate,1
8017,prescribes,1
8018,piped,1
8019,penny,1
8020,sucked,1
8021,livelier,1
8022,defies,1
8023,kantar,1
8024,litres,1
8025,fonder,1
8026,adviser,1
8027,campaigner,1
8028,ocean,1
8029,polluting,1
8030,documentaries,1
8031,straws,1
8032,cups,1
8033,nakedly,1
8034,desirability,1
8035,tide,1
8036,creeps,1
8037,bottlers,1
8038,margins,1
8039,bottling,1
8040,decay,1
8041,kinvara,1
8042,cites,1
8043,fixture,1
8044,refunded,1
8045,flavoured,1
8046,booming,1
8047,flavouring,1
8048,pepsico,1
8049,fronts,1
8050,sodastream,1
8051,bubbly,1
8052,flavours,1
8053,flavour,1
8054,invites,1
8055,slip,1
8056,intent,1
8057,giles,1
8058,unfriendly,1
8059,skillful,1
8060,beverage,1
8061,confronted,1
8062,realisation,1
8063,disservice,1
8064,diving,1
8065,headfirst,1
8066,dearest,1
8067,pearls,1
8068,undoubtedly,1
8069,sailing,1
8070,jacket,1
8071,theoretical,1
8072,graduating,1
8073,fluent,1
8074,bits,1
8075,ignorant,1
8076,unpopular,1
8077,calming,1
8078,channeling,1
8079,tropical,1
8080,prosper,1
8081,cote,1
8082,d'ivoire,1
8083,endangering,1
8084,skyrocketing,1
8085,survives,1
8086,crispr,1
8087,assertion,1
8088,unavailable,1
8089,withstand,1
8090,transplant,1
8091,silicone,1
8092,kyoto,1
8093,pairs,1
8094,underestimates,1
8095,trial,1
8096,selections,1
8097,offenders,1
8098,investigations,1
8099,sanders,1
8100,phd,1
8101,synthetic,1
8102,reparable,1
8103,repetition,1
8104,profoundly,1
8105,startup,1
8106,pitch,1
8107,publishing,1
8108,rationalizations,1
8109,wheels,1
8110,continual,1
8111,sake,1
8112,soaking,1
8113,excuse,1
8114,advancing,1
8115,intentionally,1
8116,automate,1
8117,tackles,1
8118,viewpoint,1
8119,hardware,1
8120,mode,1
8121,malfunction,1
8122,immune,1
8123,misused,1
8124,bothering,1
8125,wording,1
8126,fatigued,1
8127,accusations,1
8128,automation,1
8129,mechanisms,1
8130,facilitating,1
8131,enriched,1
8132,supplement,1
8133,exceed,1
8134,kidney,1
8135,firmly,1
8136,publication,1
8137,saturated,1
8138,regained,1
8139,antioxidants,1
8140,supplements,1
8141,preferable,1
8142,fatty,1
8143,slapping,1
8144,growers,1
8145,attacked,1
8146,postmen,1
8147,forged,1
8148,sentence,1
8149,escapes,1
8150,misleads,1
8151,ignores,1
8152,abandoning,1
8153,establishing,1
8154,inefficient,1
8155,upgrading,1
8156,crowding,1
8157,manly,1
8158,liberal,1
8159,hostile,1
8160,workmate,1
8161,egyptians,1
8162,kingdom,1
8163,shelter,1
8164,construct,1
8165,admire,1
8166,reputations,1
8167,observers,1
8168,solemn,1
8169,deputies,1
8170,revolving,1
8171,kampfner,1
8172,pipeline,1
8173,hugely,1
8174,animation,1
8175,eased,1
8176,dazzle,1
8177,racer,1
8178,automotive,1
8179,cylinder,1
8180,elastic,1
8181,commission,1
8182,commercially,1
8183,liam,1
8184,dreamt,1
8185,catherine,1
8186,steadily,1
8187,validate,1
8188,shortlisted,1
8189,panel,1
8190,jasper,1
8191,conran,1
8192,kin,1
8193,shoreditch,1
8194,chooses,1
8195,ormond,1
8196,cloth,1
8197,kit,1
8198,dove,1
8199,bunting,1
8200,threefold,1
8201,sized,1
8202,badoiiing,1
8203,asif,1
8204,trustee,1
8205,residence,1
8206,commissioned,1
8207,smithfield,1
8208,presenter,1
8209,terrific,1
8210,puppet,1
8211,demonstration,1
8212,departments,1
8213,nine,1
8214,vigour,1
8215,marketable,1
8216,fragmenting,1
8217,populations,1
8218,livable,1
8219,remainder,1
8220,claudio,1
8221,fragmented,1
8222,scatter,1
8223,connectivity,1
8224,preservation,1
8225,angela,1
8226,introduces,1
8227,lifts,1
8228,unreasonable,1
8229,wider,1
8230,redefine,1
8231,outdo,1
8232,effortlessly,1
8233,ai,1
8234,assisting,1
8235,unbelievably,1
8236,extraordinarily,1
8237,commuted,1
8238,interviewing,1
8239,childish,1
8240,burdensome,1
8241,recycles,1
8242,cooperates,1
8243,sir,1
8244,alfred,1
8245,famously,1
8246,gripping,1
8247,misconduct,1
8248,hence,1
8249,innocence,1
8250,wrongdoer,1
8251,consisted,1
8252,deceit,1
8253,corruption,1
8254,twists,1
8255,storyline,1
8256,unavoidable,1
8257,entertaining,1
8258,stood,1
8259,graphically,1
8260,tuned,1
8261,worshipped,1
8262,offences,1
8263,juiced,1
8264,chewing,1
8265,digestive,1
8266,bloodstream,1
8267,nurses,1
8268,aside,1
8269,toronto,1
8270,goodness,1
8271,compounds,1
8272,eliminating,1
8273,skins,1
8274,heather,1
8275,ferris,1
8276,servings,1
8277,carbs,1
8278,hazards,1
8279,digested,1
8280,displaying,1
8281,thinkers,1
8282,wonders,1
8283,boardroom,1
8284,casuals,1
8285,suits,1
8286,wears,1
8287,likability,1
8288,symbolically,1
8289,sway,1
8290,exerting,1
8291,impacting,1
8292,interpretation,1
8293,dealings,1
8294,dominant,1
8295,jazz,1
8296,lending,1
8297,bach,1
8298,harmonies,1
8299,melodies,1
8300,faded,1
8301,operas,1
8302,orchestra,1
8303,compositions,1
8304,refinement,1
8305,underwent,1
8306,hemispherectomy,1
8307,hemispherectomies,1
8308,document,1
8309,retained,1
8310,organ,1
8311,crawls,1
8312,berthold,1
8313,collision,1
8314,brakes,1
8315,emergent,1
8316,backward,1
8317,farther,1
8318,grinds,1
8319,stream,1
8320,damper,1
8321,amplified,1
8322,essence,1
8323,sensed,1
8324,networked,1
8325,localized,1
8326,lighting,1
8327,postdoctoral,1
8328,liang,1
8329,ieee,1
8330,freeway,1
8331,maine,1
8332,simulation,1
8333,suppress,1
8334,dampens,1
8335,slowdowns,1
8336,worsened,1
8337,flashing,1
8338,flocks,1
8339,dusk,1
8340,caves,1
8341,bat,1
8342,collisions,1
8343,swarm,1
8344,hom,1
8345,toyota,1
8346,rear,1
8347,billions,1
8348,soulful,1
8349,polish,1
8350,trite,1
8351,hollywood,1
8352,starlets,1
8353,seeming,1
8354,curse,1
8355,blessing,1
8356,deepen,1
8357,courage,1
8358,worlds,1
8359,redirect,1
8360,magnetic,1
8361,courageous,1
8362,ours,1
8363,expects,1
8364,inherited,1
8365,appreciated,1
8366,rubbery,1
8367,flavorless,1
8368,newer,1
8369,texture,1
8370,predicts,1
8371,skyrocket,1
8372,reporter,1
8373,cracked,1
8374,fiber,1
8375,ditch,1
8376,sodium,1
8377,refrain,1
8378,remark,1
8379,eaters,1
8380,frees,1
8381,reunion,1
8382,defend,1
8383,resold,1
8384,rewrapped,1
8385,retailers,1
8386,handbook,1
8387,religious,1
8388,vacationing,1
8389,anticipating,1
8390,rearranging,1
8391,harmonious,1
8392,impolite,1
8393,riots,1
8394,tighten,1
8395,postpone,1
8396,altogether,1
8397,regretful,1
8398,tempered,1
8399,deposited,1
8400,protests,1
8401,shouted,1
8402,protest,1
8403,rally,1
8404,jesse,1
8405,investigative,1
8406,streetsblog,1
8407,fared,1
8408,tacks,1
8409,glimpse,1
8410,boosts,1
8411,fortunes,1
8412,stretches,1
8413,unfounded,1
8414,nicer,1
8415,lines,1
8416,horror,1
8417,cindy,1
8418,cambridge,1
8419,winters,1
8420,existential,1
8421,pushback,1
8422,slate,1
8423,hung,1
8424,exploded,1
8425,janette,1
8426,sadik,1
8427,oversaw,1
8428,rollout,1
8429,blowback,1
8430,ironically,1
8431,foil,1
8432,reckless,1
8433,curbside,1
8434,storeowners,1
8435,diners,1
8436,revenues,1
8437,businesswoman,1
8438,organisms,1
8439,responds,1
8440,effectiveness,1
8441,prescribe,1
8442,oversight,1
8443,compliance,1
8444,simvastatin,1
8445,lowering,1
8446,enzyme,1
8447,sedative,1
8448,administer,1
8449,confines,1
8450,katharine,1
8451,scenarios,1
8452,wages,1
8453,researches,1
8454,category,1
8455,bachelor,1
8456,martin,1
8457,neil,1
8458,intellectually,1
8459,slowed,1
8460,seventies,1
8461,stating,1
8462,fluctuating,1
8463,fined,1
8464,declare,1
8465,curing,1
8466,betrayed,1
8467,robbed,1
8468,enroll,1
8469,biome,1
8470,dulls,1
8471,maximizing,1
8472,minimizing,1
8473,perfecting,1
8474,pianists,1
8475,selectively,1
8476,preparedness,1
8477,helpless,1
8478,meridian,1
8479,sting,1
8480,haze,1
8481,likeness,1
8482,normality,1
8483,dryer,1
8484,jeff,1
8485,radiology,1
8486,utah,1
8487,plotting,1
8488,taxing,1
8489,manageable,1
8490,mends,1
8491,reckons,1
8492,portal,1
8493,defence,1
8494,grid,1
8495,civilization,1
8496,com,1
8497,analyse,1
8498,profile,1
8499,aptitudes,1
8500,practise,1
8501,swiftly,1
8502,whilst,1
8503,utilise,1
8504,hays,1
8505,ranking,1
8506,overwatch,1
8507,gameplay,1
8508,victories,1
8509,warcraft,1
8510,raids,1
8511,kotaku,1
8512,mba,1
8513,circles,1
8514,spreadsheet,1
8515,simulator,1
8516,universe,1
8517,spaceship,1
8518,raw,1
8519,mined,1
8520,fluctuate,1
8521,haul,1
8522,corporation,1
8523,comprising,1
8524,zentech,1
8525,taxation,1
8526,maintains,1
8527,mia,1
8528,bennett,1
8529,imagined,1
8530,meta,1
8531,experimentation,1
8532,radiotherapy,1
8533,nhs,1
8534,surrey,1
8535,accelerators,1
8536,photon,1
8537,blasters,1
8538,exposing,1
8539,upgrade,1
8540,translates,1
8541,optimise,1
8542,tumour,1
8543,restrict,1
8544,tissues,1
8545,climb,1
8546,confesses,1
8547,believer,1
8548,owes,1
8549,proposes,1
8550,pursued,1
8551,staple,1
8552,featuring,1
8553,characterize,1
8554,rebellion,1
8555,incapable,1
8556,promises,1
8557,loads,1
8558,newborns,1
8559,trauma,1
8560,overactive,1
8561,wakes,1
8562,snapshots,1
8563,slideshow,1
8564,sights,1
8565,strung,1
8566,recollection,1
8567,stages,1
8568,recollecting,1
8569,honors,1
8570,equinox,1
8571,wisconsin,1
8572,gaylord,1
8573,uniting,1
8574,denis,1
8575,educating,1
8576,activists,1
8577,rallies,1
8578,proposition,1
8579,pursues,1
8580,rescues,1
8581,laid,1
8582,mckinsey,1
8583,consultants,1
8584,credentials,1
8585,overwhelmingly,1
8586,subsidies,1
8587,certification,1
8588,downside,1
8589,diploma,1
8590,udemy,1
8591,youtube,1
8592,sadly,1
8593,switching,1
8594,reemployed,1
8595,layoff,1
8596,succeeded,1
8597,stimulated,1
8598,chef,1
8599,unsustainable,1
8600,cow,1
8601,admitting,1
8602,accomplishment,1
8603,validates,1
8604,branding,1
8605,award,1
8606,elevated,1
8607,classics,1
8608,nod,1
8609,mad,1
8610,catering,1
8611,elevates,1
8612,daring,1
8613,foresight,1
8614,awarding,1
8615,explicit,1
8616,identification,1
8617,hazier,1
8618,bunch,1
8619,nonsense,1
8620,weak,1
8621,accuracy,1
8622,utilizing,1
8623,applicability,1
8624,comparatively,1
8625,foretelling,1
8626,tonight,1
8627,decorating,1
8628,shutting,1
8629,marshall,1
8630,mum,1
8631,tearful,1
8632,begging,1
8633,combing,1
8634,gorbals,1
8635,stealing,1
8636,thief,1
8637,collar,1
8638,boiled,1
8639,toast,1
8640,bacon,1
8641,mornings,1
8642,consistency,1
8643,permanence,1
8644,cake,1
8645,beer,1
8646,obliged,1
8647,patches,1
8648,rooting,1
8649,grasses,1
8650,colonize,1
8651,mainland,1
8652,eagle,1
8653,foxes,1
8654,wiped,1
8655,gravity,1
8656,km,1
8657,obligatory,1
8658,greeted,1
8659,delightful,1
8660,lemon,1
8661,banana,1
8662,stomach,1
8663,toughness,1
8664,dessert,1
8665,hospitality,1
8666,handbrake,1
8667,backwards,1
8668,irony,1
8669,plugged,1
8670,roma,1
8671,rom,1
8672,pledge,1
8673,announcement,1
8674,keith,1
8675,doorstep,1
8676,programmes,1
8677,furry,1
8678,hidenobu,1
8679,eri,1
8680,beside,1
8681,healing,1
8682,positives,1
8683,obstacles,1
8684,lately,1
8685,lent,1
8686,pushy,1
8687,borrowing,1
8688,max,1
8689,ordering,1
8690,deliveries,1
8691,petrol,1
8692,rage,1
8693,despair,1
8694,tension,1
8695,disrupt,1
8696,reliance,1
8697,rarest,1
8698,slight,1
8699,variations,1
8700,documents,1
8701,bends,1
8702,moist,1
8703,conservative,1
8704,dirt,1
8705,geographical,1
8706,apologised,1
8707,facility,1
8708,reid,1
8709,tucson,1
8710,arizona,1
8711,zoological,1
8712,finger,1
8713,floorboards,1
8714,sasha,1
8715,formica,1
8716,texted,1
8717,mailed,1
8718,usa,1
8719,inhabit,1
8720,hunters,1
8721,plentifully,1
8722,guns,1
8723,continuation,1
8724,somehow,1
8725,calculating,1
8726,meter,1
8727,guaranteed,1
8728,troublesome,1
8729,encouragement,1
8730,settled,1
8731,qualify,1
8732,applaud,1
8733,memberships,1
8734,sweets,1
8735,ministers,1
8736,iq,1
8737,governments,1
8738,attainments,1
8739,lodged,1
8740,unnamed,1
8741,province,1
8742,shandong,1
8743,uncontrollable,1
8744,scan,1
8745,qingdao,1
8746,lamb,1
8747,acre,1
8748,fires,1
8749,rebuilding,1
8750,sky,1
8751,malfunctioned,1
8752,midair,1
8753,yakutsk,1
8754,diamond,1
8755,krasnoyarsk,1
8756,magan,1
8757,belonged,1
8758,sealed,1
8759,runway,1
8760,attempted,1
8761,jean,1
8762,warehouse,1
8763,updating,1
8764,starving,1
8765,fried,1
8766,salads,1
8767,sauces,1
8768,mild,1
8769,pepper,1
8770,spaghetti,1
8771,sauce,1
8772,awesome,1
8773,lincoln,1
8774,sickness,1
8775,calmer,1
8776,highlights,1
8777,investigate,1
8778,causal,1
8779,intensely,1
8780,crucially,1
8781,charles,1
8782,radically,1
8783,fittings,1
8784,contents,1
8785,drank,1
8786,appealed,1
8787,framed,1
8788,pietro,1
8789,bellotti,1
8790,dutch,1
8791,samuel,1
8792,hoogstraten,1
8793,rightful,1
8794,speculated,1
8795,braved,1
8796,wolves,1
8797,wechat,1
8798,southwest,1
8799,windy,1
8800,overlooks,1
8801,colonies,1
8802,jennifer,1
8803,arranged,1
8804,reorganizing,1
8805,coded,1
8806,guides,1
8807,mapping,1
8808,revolve,1
8809,notable,1
8810,dealt,1
8811,clash,1
8812,basel,1
8813,exchanged,1
8814,renegotiate,1
8815,turkey,1
8816,milton,1
8817,frozen,1
8818,spilled,1
8819,dinners,1
8820,spokeswoman,1
8821,attendance,1
8822,blackspot,1
8823,ferry,1
8824,hub,1
8825,helicopters,1
8826,ferried,1
8827,operates,1
8828,thumby,1
8829,specialized,1
8830,wish,1
8831,goat,1
8832,thin,1
8833,expenditure,1
8834,tablet,1
8835,destructive,1
8836,cashier,1
8837,checks,1
8838,variables,1
8839,techniques,1
8840,categorize,1
8841,prejudice,1
8842,muscular,1
8843,evaluations,1
8844,entered,1
8845,luxuries,1
8846,temper,1
8847,accessed,1
8848,undermine,1
8849,telephones,1
8850,experimenting,1
8851,mines,1
8852,suspended,1
8853,partial,1
8854,cadia,1
8855,thorough,1
8856,halted,1
8857,rearrange,1
8858,lily,1
8859,heaven,1
8860,flocking,1
8861,crystal,1
8862,waters,1
8863,seafront,1
8864,newfound,1
8865,maintenance,1
8866,retreat,1
8867,christie,1
8868,shame,1
8869,evenings,1
8870,jenny,1
8871,pleased,1
8872,hook,1
8873,databases,1
8874,reproductive,1
8875,standpoint,1
8876,picnics,1
8877,unattractive,1
8878,centigrade,1
8879,heats,1
8880,heatstroke,1
8881,stops,1
8882,vitamin,1
8883,spheres,1
8884,arithmetic,1
8885,columns,1
8886,disliked,1
8887,maximizes,1
8888,bands,1
8889,pipers,1
8890,drummers,1
8891,descend,1
8892,james,1
8893,edinburgh,1
8894,locks,1
8895,highs,1
8896,encountering,1
8897,blackhall,1
8898,colliery,1
8899,plain,1
8900,peterlee,1
8901,finders,1
8902,policeman,1
8903,forster,1
8904,incidents,1
8905,stations,1
8906,decides,1
8907,gifts,1
8908,intensify,1
8909,reminders,1
8910,blues,1
8911,reasonably,1
8912,cute,1
8913,coupled,1
8914,lip,1
8915,spreading,1
8916,staircases,1
8917,combinations,1
8918,transporting,1
8919,refreshingly,1
8920,weary,1
8921,tolerance,1
8922,counters,1
8923,lighter,1
8924,objects,1
8925,labels,1
8926,modeled,1
8927,schengen,1
8928,abolished,1
8929,visas,1
8930,abolish,1
8931,leaks,1
8932,carbfix,1
8933,sped,1
8934,reacts,1
8935,hellisheidi,1
8936,bury,1
8937,buried,1
8938,firstly,1
8939,approximate,1
8940,dedicating,1
8941,sometime,1
8942,o'clock,1
8943,arrangement,1
8944,brooke,1
8945,underhill,1
8946,actors,1
8947,musical,1
8948,pakistan,1
8949,integral,1
8950,gibb,1
8951,astrid,1
8952,natley,1
8953,rejecting,1
8954,helen,1
8955,lockhart,1
8956,nurse,1
8957,striving,1
8958,separation,1
8959,unreliable,1
8960,laptops,1
8961,clicks,1
8962,cart,1
8963,playroom,1
8964,laughing,1
8965,loving,1
8966,prohibited,1
8967,anthony,1
8968,moretti,1
8969,douglas,1
8970,anybody,1
8971,chris,1
8972,hadfield,1
8973,nagoya,1
8974,takashi,1
8975,journalists,1
8976,photographers,1
8977,treasure,1
8978,undamaged,1
8979,prompted,1
8980,olympians,1
8981,medals,1
8982,naohisa,1
8983,takato,1
8984,televisions,1
8985,slept,1
8986,springing,1
8987,boundless,1
8988,imaginations,1
8989,utterly,1
8990,disappointment,1
8991,letting,1
8992,correlates,1
8993,banking,1
8994,strip,1
8995,iphone,1
8996,tonne,1
8997,imported,1
8998,dreamery,1
8999,naps,1
9000,darkened,1
9001,enclosure,1
9002,institution,1
9003,drift,1
9004,odd,1
9005,lifted,1
9006,arm,1
9007,medically,1
9008,handlers,1
9009,toilets,1
9010,belcher,1
9011,shoulder,1
9012,filmed,1
9013,laughed,1
9014,outfits,1
9015,explaining,1
9016,smile,1
9017,frank,1
9018,donor,1
9019,tarah,1
9020,costing,1
9021,picked,1
9022,pinker,1
9023,mcgill,1
9024,avoidant,1
9025,breakdown,1
9026,yell,1
9027,termed,1
9028,securely,1
9029,insecurely,1
9030,defensive,1
9031,mills,1
9032,dyes,1
9033,denser,1
9034,weave,1
9035,durable,1
9036,trousers,1
9037,realizing,1
9038,resolves,1
9039,jokes,1
9040,lighten,1
9041,punches,1
9042,unrealistically,1
9043,elites,1
9044,artistry,1
9045,criticized,1
9046,irreplaceable,1
9047,forges,1
9048,instinctively,1
9049,bind,1
9050,factual,1
9051,familiarity,1
9052,economical,1
9053,conveying,1
9054,graspable,1
9055,recital,1
9056,approachable,1
9057,waves,1
9058,immigrant,1
9059,homelands,1
9060,scarcer,1
9061,similarity,1
9062,robinson,1
9063,macdonald,1
9064,hawaii,1
9065,astonished,1
9066,robi,1
9067,election,1
9068,outbreaks,1
9069,gorgeous,1
9070,littered,1
9071,dear,1
9072,landed,1
9073,twisted,1
9074,lisa,1
9075,emergencies,1
9076,patricia,1
9077,memorize,1
9078,ventured,1
9079,brave,1
9080,inventions,1
9081,suv,1
9082,drifting,1
9083,brake,1
9084,drove,1
9085,lamborghini,1
9086,altering,1
9087,queensland,1
9088,backs,1
9089,bend,1
9090,shifts,1
9091,sticks,1
9092,haunts,1
9093,nottingham,1
9094,lesley,1
9095,harper,1
9096,relaxed,1
9097,priced,1
9098,sarah,1
9099,godfrey,1
9100,mall,1
9101,mario,1
9102,reservation,1
9103,patterson,1
9104,tours,1
9105,bunches,1
9106,brochures,1
9107,souvenirs,1
9108,jewelry,1
9109,photocopy,1
9110,indicating,1
9111,negotiations,1
9112,vitality,1
9113,smallest,1
9114,occupy,1
9115,diameters,1
9116,deputy,1
9117,crews,1
9118,encountered,1
9119,extinguishing,1
9120,residential,1
9121,floors,1
9122,uninhabitable,1
9123,marshal,1
9124,cast,1
9125,variability,1
9126,poland,1
9127,fluctuated,1
9128,czech,1
9129,republic,1
9130,murders,1
9131,bred,1
9132,korea,1
9133,spoil,1
9134,sociological,1
9135,ruining,1
9136,tip,1
9137,inquiry,1
9138,baked,1
9139,print,1
9140,vendor,1
9141,northumbria,1
9142,postcode,1
9143,nu,1
9144,goodbye,1
9145,pitching,1
9146,overflowing,1
9147,abroad,1
9148,lockdown,1
9149,dump,1
9150,litter,1
9151,grassland,1
9152,permitted,1
9153,landowners,1
9154,restrictive,1
9155,boating,1
9156,minding,1
9157,calmly,1
9158,thriving,1
9159,lakes,1
9160,shockingly,1
9161,coloring,1
9162,playfighting,1
9163,bid,1
9164,mate,1
9165,rains,1
9166,rainforest,1
9167,wetland,1
9168,internationally,1
9169,merrill,1
9170,lynch,1
9171,cell,1
9172,ken,1
9173,ceo,1
9174,laguardia,1
9175,passenger,1
9176,brian,1
9177,healy,1
9178,escaping,1
9179,loose,1
9180,bulbs,1
9181,craze,1
9182,automobile,1
9183,anna,1
9184,coupons,1
9185,emptying,1
9186,dishwasher,1
9187,progression,1
9188,elder,1
9189,advising,1
9190,blaming,1
9191,meantime,1
9192,sympathetic,1
9193,maraboli,1
9194,donna,1
9195,lynn,1
9196,remarked,1
9197,accomplishing,1
9198,snowboarding,1
9199,biking,1
9200,superhuman,1
9201,proclaimed,1
9202,sherry,1
9203,wilton,1
9204,doubles,1
9205,prekindergarten,1
9206,thundersnow,1
9207,alarmed,1
9208,woken,1
9209,alarms,1
9210,flooded,1
9211,icy,1
9212,wet,1
9213,owning,1
9214,builds,1
9215,tying,1
9216,thirdly,1
9217,coping,1
9218,balls,1
9219,gardening,1
9220,partnered,1
9221,oregon,1
9222,monique,1
9223,accelerated,1
9224,optimistically,1
9225,stoneville,1
9226,mississippi,1
9227,disconnects,1
9228,healthily,1
9229,overestimated,1
9230,heartwarming,1
9231,rescuers,1
9232,rallied,1
9233,threw,1
9234,afternoons,1
9235,championship,1
9236,courts,1
9237,cooperating,1
9238,spacex,1
9239,emitting,1
9240,rocket,1
9241,emit,1
9242,particles,1
9243,liquid,1
9244,rockets,1
9245,boosters,1
9246,tanks,1
9247,nonjudgmental,1
9248,matures,1
9249,fantastic,1
9250,flourishes,1
9251,utilised,1
9252,communicated,1
9253,involvement,1
9254,legislature,1
9255,legislators,1
9256,slapped,1
9257,tasted,1
9258,tourism,1
9259,arrests,1
9260,jordan,1
9261,tarod,1
9262,reviewed,1
9263,loading,1
9264,regulators,1
9265,pump,1
9266,volumes,1
9267,discarded,1
9268,disposal,1
9269,ecosystem,1
9270,tolerable,1
9271,ridiculous,1
9272,scars,1
9273,distracting,1
9274,insane,1
9275,fool,1
9276,expresses,1
9277,invented,1
9278,theories,1
9279,stringing,1
9280,gesturing,1
9281,modesty,1
9282,cooperation,1
9283,frighten,1
9284,impress,1
9285,demonstrating,1
9286,cave,1
9287,elephants,1
9288,hatshepsut,1
9289,emperor,1
9290,wenwang,1
9291,tigers,1
9292,teenager,1
9293,divisions,1
9294,vaclav,1
9295,joanna,1
9296,stephens,1
9297,peake,1
9298,stepping,1
9299,corps,1
9300,orbit,1
9301,dock,1
9302,assuming,1
9303,asda,1
9304,wales,1
9305,settling,1
9306,dormitory,1
9307,factored,1
9308,bedroom,1
9309,classic,1
9310,raining,1
9311,pence,1
9312,paradox,1
9313,jar,1
9314,forgotten,1
9315,volunteered,1
9316,donating,1
9317,thrown,1
9318,sophie,1
9319,bicycle,1
9320,sprung,1
9321,redistribute,1
9322,sourced,1
9323,menus,1
9324,curled,1
9325,shouting,1
9326,wrapped,1
9327,deserved,1
9328,copyright,1
9329,overturned,1
9330,ruling,1
9331,wrapper,1
9332,salad,1
9333,activist,1
9334,sympathizes,1
9335,overcoming,1
9336,hoping,1
9337,segment,1
9338,deserves,1
9339,centers,1
9340,equip,1
9341,graphic,1
9342,whisper,1
9343,nameplates,1
9344,movable,1
9345,adaptations,1
9346,couches,1
9347,stools,1
9348,norfolk,1
9349,climbs,1
9350,soaring,1
9351,lucinda,1
9352,dozen,1
9353,fines,1
9354,truthful,1
9355,inspections,1
9356,announcing,1
9357,messes,1
9358,lightly,1
9359,messed,1
9360,moms,1
9361,welcoming,1
9362,slap,1
9363,suburb,1
9364,snakeskin,1
9365,viruses,1
9366,licensed,1
9367,catcher,1
9368,kidding,1
9369,swear,1
9370,quiz,1
9371,joking,1
9372,unbelievable,1
9373,sisters,1
9374,ridiculously,1
9375,miscalculated,1
9376,flashy,1
9377,refuses,1
9378,boarding,1
9379,enrolling,1
9380,greenery,1
9381,stuffy,1
9382,contrasts,1
9383,thoughtful,1
9384,deadlines,1
9385,inflexibility,1
9386,database,1
9387,shares,1
9388,yogurt,1
9389,infinite,1
9390,perceives,1
9391,outscored,1
9392,swears,1
9393,seated,1
